[log-file] D:\Baoyu\包宇的cocos\LightPuzzle\宣传素材\小红书评论\campaign_2026-07-19_135736.log
[lock] campaign instance pid=22872
[rate-status] hourly=7/off daily=32/100 ok=True 
[start] target=68 dry_run=False max_age_days=60 min_relevance=2 history_posts=101 dedup_skip=101 search_tasks=42 search_scrolls=4
[step] check-login
[cdp] spawn timeout=90s cmd=check-login
[cdp] done exit=0 elapsed=0.2s stdout=329 stderr=0
[cdp] phase=check-login-ok exit=0
[cdp] cmd=check-login
[cdp]   [cdp_publish] Timing jitter ratio: 0.25
[cdp]   [cdp_publish] Login cache: enabled (ttl=12h).
[cdp]   [cdp_publish] Connecting to ws://127.0.0.1:9222/devtools/page/AEA82A8CC82A027E8B99973FEC08B297
[cdp]   [cdp_publish] Connected to Chrome tab.
[cdp]   [cdp_publish] Using cached login status (creator, age=32m, ttl=12h).
[cdp]   [cdp_publish] Login confirmed (cached).
[limits] interval=60-120s posts/hour=off posts/day=100 circuit=24h
[queue] empty refilling keyword=益智小游戏 sort=综合 task=1/42 empty_streak=0 seen_feeds=0
[cdp] spawn timeout=180s cmd=--reuse-existing-tab search-feeds --keyword 益智小游戏 --sort-by 综合 --publish-time 半年内 --search-scrolls 4
[cdp] done exit=0 elapsed=12.4s stdout=428718 stderr=0
[search-filter] keyword=益智小游戏 sort=综合 scrolls=4 {'already_commented': 40, 'low_relevance': 45, 'not_note': 6, 'bad_title': 9, 'too_old': 24, 'bad_publish_date': 1}
[search] keyword=益智小游戏 sort=综合 raw=126 skipped=125 usable=1 queued=1 rate_limited=False
[queue] loaded 1 candidates, will post one-by-one before next search
[queue] pop feedId=6a5aa4890000000009034b64 remaining=0 title=推荐一下
[plan] #1 keyword=益智小游戏 title=推荐一下 comments=4 age=1d score=2 msg=1/求推荐 match=5
[post] attempt feedId=6a5aa4890000000009034b64 contentLen=55 also_upvote=1
[cdp] spawn timeout=120s cmd=--reuse-existing-tab post-comment-to-feed --feed-id 6a5aa4890000000009034b64 --xsec-token(46chars) --content(55chars) --also-upvote
[cdp] done exit=0 elapsed=11.2s stdout=2308 stderr=0
[upvote-warn] feedId=6a5aa4890000000009034b64 comment ok but like not confirmed upvote={'success': False, 'changed': False, 'state_before': False, 'state_after': False}
[post] success feedId=6a5aa4890000000009034b64
[cdp] phase=post-ok exit=0 feedId=6a5aa4890000000009034b64
[cdp] cmd=--reuse-existing-tab post-comment-to-feed --feed-id 6a5aa4890000000009034b64 --xsec-token(46chars) --content(55chars) --also-upvote
[cdp]   [cdp_publish] Login cache: enabled (ttl=12h).
[cdp]   [cdp_publish] Tab selection mode: prefer reusing existing tab.
[cdp]   [cdp_publish] Reusing existing tab to reduce focus switching: https://www.xiaohongshu.com/search_result?keyword=%E7%9B%8A%E6%99%BA%E5%B0%8F%E6%B8%B8%E6%88%8F&source=web_explore_feed&type=51
[cdp]   [cdp_publish] Connecting to ws://127.0.0.1:9222/devtools/page/AEA82A8CC82A027E8B99973FEC08B297
[cdp]   [cdp_publish] Connected to Chrome tab.
[cdp]   [cdp_publish] Using cached login status (home, age=32m, ttl=12h).
[cdp]   [cdp_publish] Home login confirmed (cached).
[cdp]   [cdp_publish] Navigating to https://www.xiaohongshu.com/explore/6a5aa4890000000009034b64?xsec_token=ABtRLV1FjpOQQ6kbKPgqrOrLYTs41xPqaMe4eSPnKtRGA=&xsec_source=pc_feed
[cdp]   [cdp_publish] Clicking comment input box at (854, 1227)...
[cdp]   [cdp_publish] Clicking comment submit button at (1046, 1227)...
[cdp]   [cdp_publish] Comment posted. feed_id=6a5aa4890000000009034b64, length=55
[cdp]   [cdp_publish] Clicking note like in interact bar at (973, 1227) hint=interact-container .like-wrapper target=SPAN bar=interactions engage-bar top=1215.3333740234375 left=953.34375 viewport={'w': 1254, 'h': 1287}
[cdp]   [cdp_publish] JS click on like-wrapper, class_after=like-wrapper like-active at=(979.453125, 1227.3333740234375)
[cdp]   [cdp_publish] Warning: note like click did not activate. state_before=False state_after=False likeRoot.class=like-wrapper like-active visual_before={'className': 'like-wrapper like-active', 'ariaPressed': '', 'color': 'rgb(51, 51, 51)', 'svgColor': 'rgb(51, 51, 51)', 'svgHtml': '<span data-v-9403e00c="" class="like-lottie" style="width: 24px; height: 24px;"></span>'} visual_after={'className': 'like-wrapper like-active', 'ariaPressed': '', 'color': 'rgb(51, 51, 51)', 'svgColor': 'rgb(51, 51, 51)', 'svgHtml': '<span data-v-9403e00c="" class="like-lottie" style="width: 24px; height: 24px;"></span>'}
[cdp]   [cdp_publish] Warning: upvote on same page failed. payload={'success': False, 'changed': False, 'state_before': False, 'state_after': False}
[cdp]   POST_COMMENT_RESULT:
[ok] post done (1/68)
[wait] 110s (~1.8min, random 60-120s)
[queue] empty refilling keyword=益智小游戏 sort=最新 task=2/42 empty_streak=0 seen_feeds=120
[search-wait] 13s before keyword=益智小游戏 sort=最新
[cdp] spawn timeout=180s cmd=--reuse-existing-tab search-feeds --keyword 益智小游戏 --sort-by 最新 --publish-time 半年内 --search-scrolls 4
[cdp] done exit=0 elapsed=12.3s stdout=462638 stderr=0
[search-filter] keyword=益智小游戏 sort=最新 scrolls=4 {'dup_or_empty_id': 31, 'low_relevance': 45, 'not_note': 6, 'already_commented': 5, 'bad_title': 6}
[search] keyword=益智小游戏 sort=最新 raw=123 skipped=93 usable=30 queued=30 rate_limited=False
[queue] loaded 30 candidates, will post one-by-one before next search
[queue] pop feedId=6a52fc5a000000002103f9e0 remaining=29 title=我要动个脑！考脑力考眼力！小游戏安利起来！
[plan] #2 keyword=益智小游戏 title=我要动个脑！考脑力考眼力！小游戏安利起来！ comments=0 age=7d score=6 msg=11/微信小游戏 match=5
[post] attempt feedId=6a52fc5a000000002103f9e0 contentLen=42 also_upvote=1
[cdp] spawn timeout=120s cmd=--reuse-existing-tab post-comment-to-feed --feed-id 6a52fc5a000000002103f9e0 --xsec-token(46chars) --content(42chars) --also-upvote
[cdp] done exit=0 elapsed=10.8s stdout=2320 stderr=0
[upvote-warn] feedId=6a52fc5a000000002103f9e0 comment ok but like not confirmed upvote={'success': False, 'changed': False, 'state_before': False, 'state_after': False}
[post] success feedId=6a52fc5a000000002103f9e0
[cdp] phase=post-ok exit=0 feedId=6a52fc5a000000002103f9e0
[cdp] cmd=--reuse-existing-tab post-comment-to-feed --feed-id 6a52fc5a000000002103f9e0 --xsec-token(46chars) --content(42chars) --also-upvote
[cdp]   [cdp_publish] Login cache: enabled (ttl=12h).
[cdp]   [cdp_publish] Tab selection mode: prefer reusing existing tab.
[cdp]   [cdp_publish] Reusing existing tab to reduce focus switching: https://www.xiaohongshu.com/search_result?keyword=%E7%9B%8A%E6%99%BA%E5%B0%8F%E6%B8%B8%E6%88%8F&source=web_explore_feed&type=51
[cdp]   [cdp_publish] Connecting to ws://127.0.0.1:9222/devtools/page/3C92B42E311A9DEE022F324DEA9EA345
[cdp]   [cdp_publish] Connected to Chrome tab.
[cdp]   [cdp_publish] Using cached login status (home, age=34m, ttl=12h).
[cdp]   [cdp_publish] Home login confirmed (cached).
[cdp]   [cdp_publish] Navigating to https://www.xiaohongshu.com/explore/6a52fc5a000000002103f9e0?xsec_token=ABF3Wbs9V2EGEMqLR8k3ymNeySEodm0aMZGtGUh_vS5EI=&xsec_source=pc_feed
[cdp]   [cdp_publish] Clicking comment input box at (801, 1227)...
[cdp]   [cdp_publish] Clicking comment submit button at (994, 1227)...
[cdp]   [cdp_publish] Comment posted. feed_id=6a52fc5a000000002103f9e0, length=42
[cdp]   [cdp_publish] Clicking note like in interact bar at (893, 1227) hint=interact-container .like-wrapper target=SPAN bar=interactions engage-bar top=1215.3333740234375 left=872.94580078125 viewport={'w': 1254, 'h': 1287}
[cdp]   [cdp_publish] JS click on like-wrapper, class_after=like-wrapper like-active at=(903.1593437194824, 1227.3333740234375)
[cdp]   [cdp_publish] Warning: note like click did not activate. state_before=False state_after=False likeRoot.class=like-wrapper like-active visual_before={'className': 'like-wrapper like-active', 'ariaPressed': '', 'color': 'rgb(51, 51, 51)', 'svgColor': 'rgb(51, 51, 51)', 'svgHtml': '<span data-v-9403e00c="" class="like-lottie" style="width: 24px; height: 24px;"></span>'} visual_after={'className': 'like-wrapper like-active', 'ariaPressed': '', 'color': 'rgb(51, 51, 51)', 'svgColor': 'rgb(51, 51, 51)', 'svgHtml': '<span data-v-9403e00c="" class="like-lottie" style="width: 24px; height: 24px;"></span>'}
[cdp]   [cdp_publish] Warning: upvote on same page failed. payload={'success': False, 'changed': False, 'state_before': False, 'state_after': False}
[cdp]   POST_COMMENT_RESULT:
[ok] post done (2/68)
[wait] 101s (~1.7min, random 60-120s)
[queue] pop feedId=6a438df5000000001503dea9 remaining=28 title=可爱风解谜游戏推荐❗误入迷途手游已上线❗
[plan] #3 keyword=益智小游戏 title=可爱风解谜游戏推荐❗误入迷途手游已上线❗ comments=0 age=13d score=6 msg=13/微信小游戏 match=5
[post] attempt feedId=6a438df5000000001503dea9 contentLen=39 also_upvote=1
[cdp] spawn timeout=120s cmd=--reuse-existing-tab post-comment-to-feed --feed-id 6a438df5000000001503dea9 --xsec-token(46chars) --content(39chars) --also-upvote
[cdp] done exit=0 elapsed=11.2s stdout=2318 stderr=0
[upvote-warn] feedId=6a438df5000000001503dea9 comment ok but like not confirmed upvote={'success': False, 'changed': False, 'state_before': False, 'state_after': False}
[post] success feedId=6a438df5000000001503dea9
[cdp] phase=post-ok exit=0 feedId=6a438df5000000001503dea9
[cdp] cmd=--reuse-existing-tab post-comment-to-feed --feed-id 6a438df5000000001503dea9 --xsec-token(46chars) --content(39chars) --also-upvote
[cdp]   [cdp_publish] Login cache: enabled (ttl=12h).
[cdp]   [cdp_publish] Tab selection mode: prefer reusing existing tab.
[cdp]   [cdp_publish] Reusing existing tab to reduce focus switching: https://www.xiaohongshu.com/explore/6a52fc5a000000002103f9e0?xsec_token=ABF3Wbs9V2EGEMqLR8k3ymNeySEodm0aMZGtGUh_vS5EI=&xsec_source=pc_feed
[cdp]   [cdp_publish] Connecting to ws://127.0.0.1:9222/devtools/page/3C92B42E311A9DEE022F324DEA9EA345
[cdp]   [cdp_publish] Connected to Chrome tab.
[cdp]   [cdp_publish] Using cached login status (home, age=36m, ttl=12h).
[cdp]   [cdp_publish] Home login confirmed (cached).
[cdp]   [cdp_publish] Navigating to https://www.xiaohongshu.com/explore/6a438df5000000001503dea9?xsec_token=ABmXQhkRpqfz4RGdWIR6yLgop1dp7cO-hkulQmIDIbOaY=&xsec_source=pc_feed
[cdp]   [cdp_publish] Clicking comment input box at (854, 1227)...
[cdp]   [cdp_publish] Clicking comment submit button at (1046, 1227)...
[cdp]   [cdp_publish] Comment posted. feed_id=6a438df5000000001503dea9, length=39
[cdp]   [cdp_publish] Clicking note like in interact bar at (954, 1227) hint=interact-container .like-wrapper target=SPAN bar=interactions engage-bar top=1215.3333740234375 left=933.5625 viewport={'w': 1254, 'h': 1287}
[cdp]   [cdp_publish] JS click on like-wrapper, class_after=like-wrapper like-active at=(959.671875, 1227.3333740234375)
[cdp]   [cdp_publish] Warning: note like click did not activate. state_before=False state_after=False likeRoot.class=like-wrapper like-active visual_before={'className': 'like-wrapper like-active', 'ariaPressed': '', 'color': 'rgb(51, 51, 51)', 'svgColor': 'rgb(51, 51, 51)', 'svgHtml': '<span data-v-9403e00c="" class="like-lottie" style="width: 24px; height: 24px;"></span>'} visual_after={'className': 'like-wrapper like-active', 'ariaPressed': '', 'color': 'rgb(51, 51, 51)', 'svgColor': 'rgb(51, 51, 51)', 'svgHtml': '<span data-v-9403e00c="" class="like-lottie" style="width: 24px; height: 24px;"></span>'}
[cdp]   [cdp_publish] Warning: upvote on same page failed. payload={'success': False, 'changed': False, 'state_before': False, 'state_after': False}
[cdp]   POST_COMMENT_RESULT:
[ok] post done (3/68)
[wait] 69s (~1.1min, random 60-120s)
[queue] pop feedId=69bf54a2000000001f004a08 remaining=27 title=好玩又烧脑解谜游戏《隐蔽小镇》来了❗
[plan] #4 keyword=益智小游戏 title=好玩又烧脑解谜游戏《隐蔽小镇》来了❗ comments=18 age=14d score=6 msg=20/烧脑卡关 match=7
[post] attempt feedId=69bf54a2000000001f004a08 contentLen=46 also_upvote=1
[cdp] spawn timeout=120s cmd=--reuse-existing-tab post-comment-to-feed --feed-id 69bf54a2000000001f004a08 --xsec-token(46chars) --content(46chars) --also-upvote
[cdp] done exit=0 elapsed=10.8s stdout=2334 stderr=0
[upvote-warn] feedId=69bf54a2000000001f004a08 comment ok but like not confirmed upvote={'success': False, 'changed': False, 'state_before': False, 'state_after': False}
[post] success feedId=69bf54a2000000001f004a08
[cdp] phase=post-ok exit=0 feedId=69bf54a2000000001f004a08
[cdp] cmd=--reuse-existing-tab post-comment-to-feed --feed-id 69bf54a2000000001f004a08 --xsec-token(46chars) --content(46chars) --also-upvote
[cdp]   [cdp_publish] Login cache: enabled (ttl=12h).
[cdp]   [cdp_publish] Tab selection mode: prefer reusing existing tab.
[cdp]   [cdp_publish] Reusing existing tab to reduce focus switching: https://www.xiaohongshu.com/explore/6a438df5000000001503dea9?xsec_token=ABmXQhkRpqfz4RGdWIR6yLgop1dp7cO-hkulQmIDIbOaY=&xsec_source=pc_feed
[cdp]   [cdp_publish] Connecting to ws://127.0.0.1:9222/devtools/page/3C92B42E311A9DEE022F324DEA9EA345
[cdp]   [cdp_publish] Connected to Chrome tab.
[cdp]   [cdp_publish] Using cached login status (home, age=38m, ttl=12h).
[cdp]   [cdp_publish] Home login confirmed (cached).
[cdp]   [cdp_publish] Navigating to https://www.xiaohongshu.com/explore/69bf54a2000000001f004a08?xsec_token=ABGg3Mkx_Oa42n2izzZplhoL2JzEZFpxZ6Lqo63nbhnJ4=&xsec_source=pc_feed
[cdp]   [cdp_publish] Clicking comment input box at (854, 1227)...
[cdp]   [cdp_publish] Clicking comment submit button at (1046, 1227)...
[cdp]   [cdp_publish] Comment posted. feed_id=69bf54a2000000001f004a08, length=47
[cdp]   [cdp_publish] Clicking note like in interact bar at (932, 1227) hint=interact-container .like-wrapper target=SPAN bar=interactions engage-bar top=1215.3333740234375 left=912.3021240234375 viewport={'w': 1254, 'h': 1287}
[cdp]   [cdp_publish] JS click on like-wrapper, class_after=like-wrapper like-active at=(946.6198348999023, 1227.3333740234375)
[cdp]   [cdp_publish] Warning: note like click did not activate. state_before=False state_after=False likeRoot.class=like-wrapper like-active visual_before={'className': 'like-wrapper like-active', 'ariaPressed': '', 'color': 'rgb(51, 51, 51)', 'svgColor': 'rgb(51, 51, 51)', 'svgHtml': '<span data-v-9403e00c="" class="like-lottie" style="width: 24px; height: 24px;"></span>'} visual_after={'className': 'like-wrapper like-active', 'ariaPressed': '', 'color': 'rgb(51, 51, 51)', 'svgColor': 'rgb(51, 51, 51)', 'svgHtml': '<span data-v-9403e00c="" class="like-lottie" style="width: 24px; height: 24px;"></span>'}
[cdp]   [cdp_publish] Warning: upvote on same page failed. payload={'success': False, 'changed': False, 'state_before': False, 'state_after': False}
[cdp]   POST_COMMENT_RESULT:
[ok] post done (4/68)
[wait] 70s (~1.2min, random 60-120s)
[queue] pop feedId=6a4793460000000011012c04 remaining=26 title=消除类小游戏推荐
[skip-low] 消除类小游戏推荐 comments=2
[queue] pop feedId=6a46760c0000000007026e23 remaining=25 title=脑洞大开的寻物解谜小游戏🐰
[skip-low] 脑洞大开的寻物解谜小游戏🐰 comments=0
[queue] pop feedId=6a3e239a00000000110124f9 remaining=24 title=🌟好玩到停不下来！5款微信小游戏！
[skip-low] 🌟好玩到停不下来！5款微信小游戏！ comments=3
[queue] pop feedId=6a28def50000000035025fb2 remaining=23 title=3岁益智游戏推荐｜端午节游戏培养对应思维
[plan] #5 keyword=益智小游戏 title=3岁益智游戏推荐｜端午节游戏培养对应思维 comments=19 age=38d score=6 msg=5/求推荐 match=4
[post] attempt feedId=6a28def50000000035025fb2 contentLen=38 also_upvote=1
[cdp] spawn timeout=120s cmd=--reuse-existing-tab post-comment-to-feed --feed-id 6a28def50000000035025fb2 --xsec-token(46chars) --content(38chars) --also-upvote
[cdp] done exit=0 elapsed=10.5s stdout=2334 stderr=0
[upvote-warn] feedId=6a28def50000000035025fb2 comment ok but like not confirmed upvote={'success': False, 'changed': False, 'state_before': False, 'state_after': False}
[post] success feedId=6a28def50000000035025fb2
[cdp] phase=post-ok exit=0 feedId=6a28def50000000035025fb2
[cdp] cmd=--reuse-existing-tab post-comment-to-feed --feed-id 6a28def50000000035025fb2 --xsec-token(46chars) --content(38chars) --also-upvote
[cdp]   [cdp_publish] Login cache: enabled (ttl=12h).
[cdp]   [cdp_publish] Tab selection mode: prefer reusing existing tab.
[cdp]   [cdp_publish] Reusing existing tab to reduce focus switching: https://www.xiaohongshu.com/explore/69bf54a2000000001f004a08?xsec_token=ABGg3Mkx_Oa42n2izzZplhoL2JzEZFpxZ6Lqo63nbhnJ4=&xsec_source=pc_feed
[cdp]   [cdp_publish] Connecting to ws://127.0.0.1:9222/devtools/page/3C92B42E311A9DEE022F324DEA9EA345
[cdp]   [cdp_publish] Connected to Chrome tab.
[cdp]   [cdp_publish] Using cached login status (home, age=39m, ttl=12h).
[cdp]   [cdp_publish] Home login confirmed (cached).
[cdp]   [cdp_publish] Navigating to https://www.xiaohongshu.com/explore/6a28def50000000035025fb2?xsec_token=ABeyG2EK6sx8jEHlOZ7b44wZGpD-Ye_IqjL4SdrCkfOK4=&xsec_source=pc_feed
[cdp]   [cdp_publish] Clicking comment input box at (854, 1227)...
[cdp]   [cdp_publish] Clicking comment submit button at (1046, 1227)...
[cdp]   [cdp_publish] Comment posted. feed_id=6a28def50000000035025fb2, length=38
[cdp]   [cdp_publish] Clicking note like in interact bar at (954, 1227) hint=interact-container .like-wrapper target=SPAN bar=interactions engage-bar top=1215.3333740234375 left=933.5729370117188 viewport={'w': 1254, 'h': 1287}
[cdp]   [cdp_publish] JS click on like-wrapper, class_after=like-wrapper like-active at=(955.5729370117188, 1227.3333740234375)
[cdp]   [cdp_publish] Warning: note like click did not activate. state_before=False state_after=False likeRoot.class=like-wrapper like-active visual_before={'className': 'like-wrapper like-active', 'ariaPressed': '', 'color': 'rgb(51, 51, 51)', 'svgColor': 'rgb(51, 51, 51)', 'svgHtml': '<span data-v-9403e00c="" class="like-lottie" style="width: 24px; height: 24px;"></span>'} visual_after={'className': 'like-wrapper like-active', 'ariaPressed': '', 'color': 'rgb(51, 51, 51)', 'svgColor': 'rgb(51, 51, 51)', 'svgHtml': '<span data-v-9403e00c="" class="like-lottie" style="width: 24px; height: 24px;"></span>'}
[cdp]   [cdp_publish] Warning: upvote on same page failed. payload={'success': False, 'changed': False, 'state_before': False, 'state_after': False}
[cdp]   POST_COMMENT_RESULT:
[ok] post done (5/68)
[wait] 96s (~1.6min, random 60-120s)
[queue] pop feedId=6a5b04e90000000014006de2 remaining=22 title=💯猛涨专注力的陪伴小游戏 | 第18天
[skip-low] 💯猛涨专注力的陪伴小游戏 | 第18天 comments=0
[queue] pop feedId=6a59fa58000000001c00e799 remaining=21 title=记忆力差？玩这款小游戏提升!
[skip-low] 记忆力差？玩这款小游戏提升! comments=0
[queue] pop feedId=6a59e5bb000000000100160a remaining=20 title=挖到宝！6 款女生熬夜狂刷的解压小游戏
[skip-low] 挖到宝！6 款女生熬夜狂刷的解压小游戏 comments=0
[queue] pop feedId=6a5837ee000000000c014203 remaining=19 title=中老年朋友必备的健脑锻炼记忆力小游戏
[skip-low] 中老年朋友必备的健脑锻炼记忆力小游戏 comments=0
[queue] pop feedId=6a55aebc000000001702d275 remaining=18 title=适合小学生暑假玩的趣味网页小游戏🎮
[skip-low] 适合小学生暑假玩的趣味网页小游戏🎮 comments=0
[queue] pop feedId=6a54dde0000000002101ac33 remaining=17 title=🔍 巨可爱的宝藏手绘风游戏❗️迷宫大侦探
[skip-low] 🔍 巨可爱的宝藏手绘风游戏❗️迷宫大侦探 comments=0
[queue] pop feedId=6a54bb6c000000001101a24e remaining=16 title=练习判断推理的专项游戏？
[skip-low] 练习判断推理的专项游戏？ comments=0
[queue] pop feedId=6a4663e6000000001c0244e0 remaining=15 title=能玩一整天的寻物游戏🔍迷宫大侦探❗
[skip-dup] feedId=6a4663e6000000001c0244e0 already commented (disk reload before post)
[queue] pop feedId=6a50bc100000000011017df2 remaining=14 title=暑假让孩子静下来的6个小游戏
[skip-low] 暑假让孩子静下来的6个小游戏 comments=1
[queue] pop feedId=6a4da4630000000021008b55 remaining=13 title=最爱玩的多邻国小游戏
[plan] #6 keyword=益智小游戏 title=最爱玩的多邻国小游戏 comments=36 age=11d score=4 msg=12/微信小游戏 match=2
[post] attempt feedId=6a4da4630000000021008b55 contentLen=41 also_upvote=1
[cdp] spawn timeout=120s cmd=--reuse-existing-tab post-comment-to-feed --feed-id 6a4da4630000000021008b55 --xsec-token(46chars) --content(41chars) --also-upvote
[cdp] done exit=0 elapsed=12.2s stdout=2331 stderr=0
[upvote-warn] feedId=6a4da4630000000021008b55 comment ok but like not confirmed upvote={'success': False, 'changed': False, 'state_before': False, 'state_after': False}
[post] success feedId=6a4da4630000000021008b55
[cdp] phase=post-ok exit=0 feedId=6a4da4630000000021008b55
[cdp] cmd=--reuse-existing-tab post-comment-to-feed --feed-id 6a4da4630000000021008b55 --xsec-token(46chars) --content(41chars) --also-upvote
[cdp]   [cdp_publish] Login cache: enabled (ttl=12h).
[cdp]   [cdp_publish] Tab selection mode: prefer reusing existing tab.
[cdp]   [cdp_publish] Reusing existing tab to reduce focus switching: https://www.xiaohongshu.com/explore/6a28def50000000035025fb2?xsec_token=ABeyG2EK6sx8jEHlOZ7b44wZGpD-Ye_IqjL4SdrCkfOK4=&xsec_source=pc_feed
[cdp]   [cdp_publish] Connecting to ws://127.0.0.1:9222/devtools/page/3C92B42E311A9DEE022F324DEA9EA345
[cdp]   [cdp_publish] Connected to Chrome tab.
[cdp]   [cdp_publish] Using cached login status (home, age=41m, ttl=12h).
[cdp]   [cdp_publish] Home login confirmed (cached).
[cdp]   [cdp_publish] Navigating to https://www.xiaohongshu.com/explore/6a4da4630000000021008b55?xsec_token=AB55Hi1hbsAIjMaAt0YYyzGVOSC35Cn9vjNhYcRBHzvfI=&xsec_source=pc_feed
[cdp]   [cdp_publish] Clicking comment input box at (801, 1227)...
[cdp]   [cdp_publish] Clicking comment submit button at (993, 1227)...
[cdp]   [cdp_publish] Comment posted. feed_id=6a4da4630000000021008b55, length=41
[cdp]   [cdp_publish] Clicking note like in interact bar at (887, 1227) hint=interact-container .like-wrapper target=SPAN bar=interactions engage-bar top=1215.3333740234375 left=867.33447265625 viewport={'w': 1254, 'h': 1287}
[cdp]   [cdp_publish] JS click on like-wrapper, class_after=like-wrapper like-active at=(901.6521835327148, 1227.3333740234375)
[cdp]   [cdp_publish] Warning: note like click did not activate. state_before=False state_after=False likeRoot.class=like-wrapper like-active visual_before={'className': 'like-wrapper like-active', 'ariaPressed': '', 'color': 'rgb(51, 51, 51)', 'svgColor': 'rgb(51, 51, 51)', 'svgHtml': '<span data-v-9403e00c="" class="like-lottie" style="width: 24px; height: 24px;"></span>'} visual_after={'className': 'like-wrapper like-active', 'ariaPressed': '', 'color': 'rgb(51, 51, 51)', 'svgColor': 'rgb(51, 51, 51)', 'svgHtml': '<span data-v-9403e00c="" class="like-lottie" style="width: 24px; height: 24px;"></span>'}
[cdp]   [cdp_publish] Warning: upvote on same page failed. payload={'success': False, 'changed': False, 'state_before': False, 'state_after': False}
[cdp]   POST_COMMENT_RESULT:
[ok] post done (6/68)
[wait] 93s (~1.6min, random 60-120s)
[queue] pop feedId=6a3e1d98000000001100494f remaining=12 title=收集爱好者不能错过❗探索解谜风寻物推荐❗
[skip-dup] feedId=6a3e1d98000000001100494f already commented (disk reload before post)
[queue] pop feedId=6a4e33d80000000007021f78 remaining=11 title=10个提升专注力的小游戏，培养孩子专注力
[skip-low] 10个提升专注力的小游戏，培养孩子专注力 comments=0
[queue] pop feedId=6a4af396000000001101bee1 remaining=10 title=好玩的寻物游戏👀迷宫大侦探手游版来咯❗
[skip-dup] feedId=6a4af396000000001101bee1 already commented (disk reload before post)
[queue] pop feedId=6a48ad1f0000000008003f03 remaining=9 title=深陷找牛小游戏两个小时
[skip-low] 深陷找牛小游戏两个小时 comments=7
[queue] pop feedId=6a462c84000000000f0319cc remaining=8 title=摸鱼必备小游戏
[skip-low] 摸鱼必备小游戏 comments=5
[queue] pop feedId=6a3a81ef0000000022019aff remaining=7 title=小朋友会喜欢这些小游戏吗
[skip-low] 小朋友会喜欢这些小游戏吗 comments=1
[queue] pop feedId=6a3912dd00000000070109bb remaining=6 title=aoeiuü小游戏
[skip-low] aoeiuü小游戏 comments=0
[queue] pop feedId=6a2fb923000000001700b5b2 remaining=5 title=简单好玩的小游戏🦄解压放松打发时间✌️
[skip-low] 简单好玩的小游戏🦄解压放松打发时间✌️ comments=0
[queue] pop feedId=6a1fb7850000000035026152 remaining=4 title=6 个长辈专属认知小游戏，好玩又练脑✨
[skip-low] 6 个长辈专属认知小游戏，好玩又练脑✨ comments=5
[queue] pop feedId=6a58205f000000000702febc remaining=3 title=猫咪数独谜题挑战 0716
[skip-low] 猫咪数独谜题挑战 0716 comments=0
[queue] pop feedId=6a53ceed000000000f0069f0 remaining=2 title=打卡今天的脑力练习！
[skip-low] 打卡今天的脑力练习！ comments=0
[queue] pop feedId=6a1eb3b90000000022020777 remaining=1 title=3-6岁益智启蒙|专注力训练60页🉑打印
[plan] #7 keyword=益智小游戏 title=3-6岁益智启蒙|专注力训练60页🉑打印 comments=262 age=23d score=2 msg=15/微信小游戏 match=2
[post] attempt feedId=6a1eb3b90000000022020777 contentLen=39 also_upvote=1
[cdp] spawn timeout=120s cmd=--reuse-existing-tab post-comment-to-feed --feed-id 6a1eb3b90000000022020777 --xsec-token(46chars) --content(39chars) --also-upvote
[cdp] done exit=0 elapsed=10.1s stdout=2334 stderr=0
[upvote-warn] feedId=6a1eb3b90000000022020777 comment ok but like not confirmed upvote={'success': False, 'changed': False, 'state_before': False, 'state_after': False}
[post] success feedId=6a1eb3b90000000022020777
[cdp] phase=post-ok exit=0 feedId=6a1eb3b90000000022020777
[cdp] cmd=--reuse-existing-tab post-comment-to-feed --feed-id 6a1eb3b90000000022020777 --xsec-token(46chars) --content(39chars) --also-upvote
[cdp]   [cdp_publish] Login cache: enabled (ttl=12h).
[cdp]   [cdp_publish] Tab selection mode: prefer reusing existing tab.
[cdp]   [cdp_publish] Reusing existing tab to reduce focus switching: https://www.xiaohongshu.com/explore/6a4da4630000000021008b55?xsec_token=AB55Hi1hbsAIjMaAt0YYyzGVOSC35Cn9vjNhYcRBHzvfI=&xsec_source=pc_feed
[cdp]   [cdp_publish] Connecting to ws://127.0.0.1:9222/devtools/page/3C92B42E311A9DEE022F324DEA9EA345
[cdp]   [cdp_publish] Connected to Chrome tab.
[cdp]   [cdp_publish] Using cached login status (home, age=42m, ttl=12h).
[cdp]   [cdp_publish] Home login confirmed (cached).
[cdp]   [cdp_publish] Navigating to https://www.xiaohongshu.com/explore/6a1eb3b90000000022020777?xsec_token=ABt1P8qKXlgWLghJe2jXF1AQcGlQUXL_tjx1puL5QLhsw=&xsec_source=pc_feed
[cdp]   [cdp_publish] Clicking comment input box at (854, 1227)...
[cdp]   [cdp_publish] Clicking comment submit button at (1046, 1227)...
[cdp]   [cdp_publish] Comment posted. feed_id=6a1eb3b90000000022020777, length=39
[cdp]   [cdp_publish] Clicking note like in interact bar at (916, 1227) hint=interact-container .like-wrapper target=SPAN bar=interactions engage-bar top=1215.3333740234375 left=895.8854370117188 viewport={'w': 1254, 'h': 1287}
[cdp]   [cdp_publish] JS click on like-wrapper, class_after=like-wrapper like-active at=(934.3073120117188, 1227.3333740234375)
[cdp]   [cdp_publish] Warning: note like click did not activate. state_before=False state_after=False likeRoot.class=like-wrapper like-active visual_before={'className': 'like-wrapper like-active', 'ariaPressed': '', 'color': 'rgb(51, 51, 51)', 'svgColor': 'rgb(51, 51, 51)', 'svgHtml': '<span data-v-9403e00c="" class="like-lottie" style="width: 24px; height: 24px;"></span>'} visual_after={'className': 'like-wrapper like-active', 'ariaPressed': '', 'color': 'rgb(51, 51, 51)', 'svgColor': 'rgb(51, 51, 51)', 'svgHtml': '<span data-v-9403e00c="" class="like-lottie" style="width: 24px; height: 24px;"></span>'}
[cdp]   [cdp_publish] Warning: upvote on same page failed. payload={'success': False, 'changed': False, 'state_before': False, 'state_after': False}
[cdp]   POST_COMMENT_RESULT:
[ok] post done (7/68)
[wait] 88s (~1.5min, random 60-120s)
[queue] pop feedId=6a259f5d000000003503b8af remaining=0 title=怎么推啊？推箱子的这一关要怎么过啊？
[skip-low] 怎么推啊？推箱子的这一关要怎么过啊？ comments=4
[queue] empty refilling keyword=烧脑小游戏 sort=综合 task=3/42 empty_streak=0 seen_feeds=206
[search-wait] 8s before keyword=烧脑小游戏 sort=综合
[cdp] spawn timeout=180s cmd=--reuse-existing-tab search-feeds --keyword 烧脑小游戏 --sort-by 综合 --publish-time 半年内 --search-scrolls 4
[cdp] done exit=0 elapsed=13.8s stdout=397032 stderr=0
[search-filter] keyword=烧脑小游戏 sort=综合 scrolls=4 {'dup_or_empty_id': 70, 'not_note': 6, 'already_commented': 16, 'too_old': 5, 'low_relevance': 24, 'bad_publish_date': 1, 'bad_title': 2}
[search] keyword=烧脑小游戏 sort=综合 raw=126 skipped=124 usable=2 queued=2 rate_limited=False
[queue] loaded 2 candidates, will post one-by-one before next search
[queue] pop feedId=6a3947d3000000002101775e remaining=1 title=《游戏设计师最喜欢的烧脑谜题》—夺命线条
[skip-low] 《游戏设计师最喜欢的烧脑谜题》—夺命线条 comments=4
[queue] pop feedId=6a563e2600000000080031dd remaining=0 title=适合摸鱼🐟的小游戏
[plan] #8 keyword=烧脑小游戏 title=适合摸鱼🐟的小游戏 comments=22 age=4d score=4 msg=19/烧脑卡关 match=5
[post] attempt feedId=6a563e2600000000080031dd contentLen=42 also_upvote=1
[cdp] spawn timeout=120s cmd=--reuse-existing-tab post-comment-to-feed --feed-id 6a563e2600000000080031dd --xsec-token(46chars) --content(42chars) --also-upvote
[cdp] done exit=0 elapsed=9.9s stdout=2323 stderr=0
[upvote-warn] feedId=6a563e2600000000080031dd comment ok but like not confirmed upvote={'success': False, 'changed': False, 'state_before': False, 'state_after': False}
[post] success feedId=6a563e2600000000080031dd
[cdp] phase=post-ok exit=0 feedId=6a563e2600000000080031dd
[cdp] cmd=--reuse-existing-tab post-comment-to-feed --feed-id 6a563e2600000000080031dd --xsec-token(46chars) --content(42chars) --also-upvote
[cdp]   [cdp_publish] Login cache: enabled (ttl=12h).
[cdp]   [cdp_publish] Tab selection mode: prefer reusing existing tab.
[cdp]   [cdp_publish] Reusing existing tab to reduce focus switching: https://www.xiaohongshu.com/search_result?keyword=%E7%83%A7%E8%84%91%E5%B0%8F%E6%B8%B8%E6%88%8F&source=web_explore_feed&type=51
[cdp]   [cdp_publish] Connecting to ws://127.0.0.1:9222/devtools/page/3C92B42E311A9DEE022F324DEA9EA345
[cdp]   [cdp_publish] Connected to Chrome tab.
[cdp]   [cdp_publish] Using cached login status (home, age=44m, ttl=12h).
[cdp]   [cdp_publish] Home login confirmed (cached).
[cdp]   [cdp_publish] Navigating to https://www.xiaohongshu.com/explore/6a563e2600000000080031dd?xsec_token=AB3iCyiC3fQH_A59fln8paEsZH_Gt30LV5f48bT9C0rZ8=&xsec_source=pc_feed
[cdp]   [cdp_publish] Clicking comment input box at (854, 1227)...
[cdp]   [cdp_publish] Clicking comment submit button at (1046, 1227)...
[cdp]   [cdp_publish] Comment posted. feed_id=6a563e2600000000080031dd, length=43
[cdp]   [cdp_publish] Clicking note like in interact bar at (932, 1227) hint=interact-container .like-wrapper target=SPAN bar=interactions engage-bar top=1215.3333740234375 left=912.3021240234375 viewport={'w': 1254, 'h': 1287}
[cdp]   [cdp_publish] JS click on like-wrapper, class_after=like-wrapper like-active at=(946.6198348999023, 1227.3333740234375)
[cdp]   [cdp_publish] Warning: note like click did not activate. state_before=False state_after=False likeRoot.class=like-wrapper like-active visual_before={'className': 'like-wrapper like-active', 'ariaPressed': '', 'color': 'rgb(51, 51, 51)', 'svgColor': 'rgb(51, 51, 51)', 'svgHtml': '<span data-v-9403e00c="" class="like-lottie" style="width: 24px; height: 24px;"></span>'} visual_after={'className': 'like-wrapper like-active', 'ariaPressed': '', 'color': 'rgb(51, 51, 51)', 'svgColor': 'rgb(51, 51, 51)', 'svgHtml': '<span data-v-9403e00c="" class="like-lottie" style="width: 24px; height: 24px;"></span>'}
[cdp]   [cdp_publish] Warning: upvote on same page failed. payload={'success': False, 'changed': False, 'state_before': False, 'state_after': False}
[cdp]   POST_COMMENT_RESULT:
[ok] post done (8/68)
[wait] 104s (~1.7min, random 60-120s)
[queue] empty refilling keyword=烧脑小游戏 sort=最新 task=4/42 empty_streak=0 seen_feeds=256
[search-wait] 7s before keyword=烧脑小游戏 sort=最新
[cdp] spawn timeout=180s cmd=--reuse-existing-tab search-feeds --keyword 烧脑小游戏 --sort-by 最新 --publish-time 半年内 --search-scrolls 4
[cdp] done exit=0 elapsed=13.6s stdout=439464 stderr=0
[search-filter] keyword=烧脑小游戏 sort=最新 scrolls=4 {'low_relevance': 15, 'not_note': 6, 'dup_or_empty_id': 55, 'bad_title': 8, 'already_commented': 7, 'too_old': 2}
[search] keyword=烧脑小游戏 sort=最新 raw=122 skipped=93 usable=29 queued=29 rate_limited=False
[queue] loaded 29 candidates, will post one-by-one before next search
[queue] pop feedId=6a2ff5b5000000001603f0e5 remaining=28 title=第一款微信小游戏《脑洞大闯关2》上线了！
[skip-low] 第一款微信小游戏《脑洞大闯关2》上线了！ comments=3
[queue] pop feedId=6a59c4a8000000000401e90b remaining=27 title=米维拉鱼子酱观赛闯关小游戏⚽
[skip-low] 米维拉鱼子酱观赛闯关小游戏⚽ comments=4
[queue] pop feedId=6a58360800000000140061b6 remaining=26 title=非常烧脑和益智类游戏 《Baba Is You》
[skip-low] 非常烧脑和益智类游戏 《Baba Is You》 comments=1
[queue] pop feedId=6a510b91000000000f01f93c remaining=25 title=学生党暑假囤货✅解压益智怀旧小游戏全套
[skip-low] 学生党暑假囤货✅解压益智怀旧小游戏全套 comments=2
[queue] pop feedId=6a492e8e000000001101171f remaining=24 title=睡前别玩闯关小游戏，一不小心熬夜到凌晨
[skip-low] 睡前别玩闯关小游戏，一不小心熬夜到凌晨 comments=0
[queue] pop feedId=6a3e510e000000001101c273 remaining=23 title=童年神作！超可爱鳄鱼解谜小游戏太上头
[skip-low] 童年神作！超可爱鳄鱼解谜小游戏太上头 comments=7
[queue] pop feedId=6a35710200000000110172e3 remaining=22 title=睡前别玩闯关小游戏，一不小心熬夜到凌晨
[skip-low] 睡前别玩闯关小游戏，一不小心熬夜到凌晨 comments=0
[queue] pop feedId=6a5a25700000000001001b8e remaining=21 title=冷门但好玩‼️拒绝不了这么美的推理游戏
[skip-low] 冷门但好玩‼️拒绝不了这么美的推理游戏 comments=8
[queue] pop feedId=6a5a471d0000000009036878 remaining=20 title=无限2000+款无广告小游戏合集！
[skip-low] 无限2000+款无广告小游戏合集！ comments=1
[queue] pop feedId=6a599024000000000f0315fb remaining=19 title=砖了个砖｜摸鱼小游戏
[skip-low] 砖了个砖｜摸鱼小游戏 comments=0
[queue] pop feedId=6a5623a5000000001603f42e remaining=18 title=小游戏分享
[skip-low] 小游戏分享 comments=3
[queue] pop feedId=6a5647fe000000000f017f68 remaining=17 title=谁懂！3000款无广告小游戏合集✨再也不用看弹
[skip-low] 谁懂！3000款无广告小游戏合集✨再也不用看弹 comments=0
[queue] pop feedId=6a54f218000000002200a477 remaining=16 title=决定每天玩一关小游戏
[skip-low] 决定每天玩一关小游戏 comments=2
[queue] pop feedId=6a5398a20000000011013cb9 remaining=15 title=推理游戏：找出凶手
[skip-low] 推理游戏：找出凶手 comments=7
[queue] pop feedId=6a50f347000000001702b492 remaining=14 title=海龟汤推理游戏：
[skip-low] 海龟汤推理游戏： comments=0
[queue] pop feedId=6a4bc46e000000000f02bbb2 remaining=13 title=暑假救急✨3000款无广告小游戏｜告别弹窗折磨
[skip-low] 暑假救急✨3000款无广告小游戏｜告别弹窗折磨 comments=0
[queue] pop feedId=6a48d4af0000000015025347 remaining=12 title=一个人玩的破案小游戏
[skip-low] 一个人玩的破案小游戏 comments=3
[queue] pop feedId=6a48cb8e0000000021021a25 remaining=11 title=8000+免广告小游戏宝藏
[skip-low] 8000+免广告小游戏宝藏 comments=0
[queue] pop feedId=6a3fd3a00000000006032c00 remaining=10 title=赵云与阿斗 小游戏 免广告 无限体力
[plan] #9 keyword=烧脑小游戏 title=赵云与阿斗 小游戏 免广告 无限体力 comments=88 age=21d score=4 msg=18/烧脑卡关 match=5
[post] attempt feedId=6a3fd3a00000000006032c00 contentLen=45 also_upvote=1
[cdp] spawn timeout=120s cmd=--reuse-existing-tab post-comment-to-feed --feed-id 6a3fd3a00000000006032c00 --xsec-token(46chars) --content(45chars) --also-upvote
[cdp] done exit=0 elapsed=10.7s stdout=2315 stderr=0
[upvote-warn] feedId=6a3fd3a00000000006032c00 comment ok but like not confirmed upvote={'success': False, 'changed': False, 'state_before': False, 'state_after': False}
[post] success feedId=6a3fd3a00000000006032c00
[cdp] phase=post-ok exit=0 feedId=6a3fd3a00000000006032c00
[cdp] cmd=--reuse-existing-tab post-comment-to-feed --feed-id 6a3fd3a00000000006032c00 --xsec-token(46chars) --content(45chars) --also-upvote
[cdp]   [cdp_publish] Login cache: enabled (ttl=12h).
[cdp]   [cdp_publish] Tab selection mode: prefer reusing existing tab.
[cdp]   [cdp_publish] Reusing existing tab to reduce focus switching: https://www.xiaohongshu.com/search_result?keyword=%E7%83%A7%E8%84%91%E5%B0%8F%E6%B8%B8%E6%88%8F&source=web_explore_feed&type=51
[cdp]   [cdp_publish] Connecting to ws://127.0.0.1:9222/devtools/page/3C92B42E311A9DEE022F324DEA9EA345
[cdp]   [cdp_publish] Connected to Chrome tab.
[cdp]   [cdp_publish] Using cached login status (home, age=47m, ttl=12h).
[cdp]   [cdp_publish] Home login confirmed (cached).
[cdp]   [cdp_publish] Navigating to https://www.xiaohongshu.com/explore/6a3fd3a00000000006032c00?xsec_token=AB7A6tg6vkzoHYWtHWN7Ju1xj6fZoJCmU8GI4NCOE5-nE=&xsec_source=pc_feed
[cdp]   [cdp_publish] Clicking comment input box at (854, 1227)...
[cdp]   [cdp_publish] Clicking comment submit button at (1046, 1227)...
[cdp]   [cdp_publish] Comment posted. feed_id=6a3fd3a00000000006032c00, length=45
[cdp]   [cdp_publish] Clicking note like in interact bar at (949, 1227) hint=interact-container .like-wrapper target=SPAN bar=interactions engage-bar top=1215.3333740234375 left=928.71875 viewport={'w': 1254, 'h': 1287}
[cdp]   [cdp_publish] JS click on like-wrapper, class_after=like-wrapper like-active at=(958.9322929382324, 1227.3333740234375)
[cdp]   [cdp_publish] Warning: note like click did not activate. state_before=False state_after=False likeRoot.class=like-wrapper like-active visual_before={'className': 'like-wrapper like-active', 'ariaPressed': '', 'color': 'rgb(51, 51, 51)', 'svgColor': 'rgb(51, 51, 51)', 'svgHtml': '<span data-v-9403e00c="" class="like-lottie" style="width: 24px; height: 24px;"></span>'} visual_after={'className': 'like-wrapper like-active', 'ariaPressed': '', 'color': 'rgb(51, 51, 51)', 'svgColor': 'rgb(51, 51, 51)', 'svgHtml': '<span data-v-9403e00c="" class="like-lottie" style="width: 24px; height: 24px;"></span>'}
[cdp]   [cdp_publish] Warning: upvote on same page failed. payload={'success': False, 'changed': False, 'state_before': False, 'state_after': False}
[cdp]   POST_COMMENT_RESULT:
[ok] post done (9/68)
[wait] 63s (~1.1min, random 60-120s)
[queue] pop feedId=6a3d333a0000000007028eb8 remaining=9 title=解压小游戏🎮
[skip-low] 解压小游戏🎮 comments=0
[queue] pop feedId=6a353e3e0000000006021867 remaining=8 title=抖音小游戏免广告直接玩
[skip-low] 抖音小游戏免广告直接玩 comments=1
[queue] pop feedId=6a1c3e920000000038022fea remaining=7 title=脑洞大开的小游戏合集🐰
[skip-low] 脑洞大开的小游戏合集🐰 comments=3
[queue] pop feedId=6a1985150000000036001939 remaining=6 title=小游戏分享第二弹
[skip-low] 小游戏分享第二弹 comments=4
[queue] pop feedId=6a18e609000000003601be28 remaining=5 title=一个摸鱼游戏, 烧脑, 但是很解压. 260528-C
[skip-low] 一个摸鱼游戏, 烧脑, 但是很解压. 260528-C comments=0
[queue] pop feedId=6a111c2800000000370340e4 remaining=4 title=🕵️‍♀️巨烧脑！这游戏把我CPU干烧了⛑️
[skip-low] 🕵️‍♀️巨烧脑！这游戏把我CPU干烧了⛑️ comments=0
[queue] pop feedId=6a5095b60000000008001574 remaining=3 title=🔥纪念碑谷1‑3合集｜艺术解谜神作
[skip-low] 🔥纪念碑谷1‑3合集｜艺术解谜神作 comments=0
[queue] pop feedId=6a4ca703000000000803e326 remaining=2 title=烧脑来袭猜猜谁是凶手
[plan] #10 keyword=烧脑小游戏 title=烧脑来袭猜猜谁是凶手 comments=11 age=12d score=2 msg=14/微信小游戏 match=2
[post] attempt feedId=6a4ca703000000000803e326 contentLen=43 also_upvote=1
[cdp] spawn timeout=120s cmd=--reuse-existing-tab post-comment-to-feed --feed-id 6a4ca703000000000803e326 --xsec-token(46chars) --content(43chars) --also-upvote
[cdp] done exit=0 elapsed=11.1s stdout=2327 stderr=0
[upvote-warn] feedId=6a4ca703000000000803e326 comment ok but like not confirmed upvote={'success': False, 'changed': False, 'state_before': False, 'state_after': False}
[post] success feedId=6a4ca703000000000803e326
[cdp] phase=post-ok exit=0 feedId=6a4ca703000000000803e326
[cdp] cmd=--reuse-existing-tab post-comment-to-feed --feed-id 6a4ca703000000000803e326 --xsec-token(46chars) --content(43chars) --also-upvote
[cdp]   [cdp_publish] Login cache: enabled (ttl=12h).
[cdp]   [cdp_publish] Tab selection mode: prefer reusing existing tab.
[cdp]   [cdp_publish] Reusing existing tab to reduce focus switching: https://www.xiaohongshu.com/explore/6a3fd3a00000000006032c00?xsec_token=AB7A6tg6vkzoHYWtHWN7Ju1xj6fZoJCmU8GI4NCOE5-nE=&xsec_source=pc_feed
[cdp]   [cdp_publish] Connecting to ws://127.0.0.1:9222/devtools/page/3C92B42E311A9DEE022F324DEA9EA345
[cdp]   [cdp_publish] Connected to Chrome tab.
[cdp]   [cdp_publish] Using cached login status (home, age=48m, ttl=12h).
[cdp]   [cdp_publish] Home login confirmed (cached).
[cdp]   [cdp_publish] Navigating to https://www.xiaohongshu.com/explore/6a4ca703000000000803e326?xsec_token=ABfYhvE6IT6q7RRstf797MNIBbEMM0Z4ng4KLfB7wGSw4=&xsec_source=pc_feed
[cdp]   [cdp_publish] Clicking comment input box at (801, 1227)...
[cdp]   [cdp_publish] Clicking comment submit button at (993, 1227)...
[cdp]   [cdp_publish] Comment posted. feed_id=6a4ca703000000000803e326, length=43
[cdp]   [cdp_publish] Clicking note like in interact bar at (912, 1227) hint=interact-container .like-wrapper target=SPAN bar=interactions engage-bar top=1215.3333740234375 left=892.4736328125 viewport={'w': 1254, 'h': 1287}
[cdp]   [cdp_publish] JS click on like-wrapper, class_after=like-wrapper like-active at=(918.5830078125, 1227.3333740234375)
[cdp]   [cdp_publish] Warning: note like click did not activate. state_before=False state_after=False likeRoot.class=like-wrapper like-active visual_before={'className': 'like-wrapper like-active', 'ariaPressed': '', 'color': 'rgb(51, 51, 51)', 'svgColor': 'rgb(51, 51, 51)', 'svgHtml': '<span data-v-9403e00c="" class="like-lottie" style="width: 24px; height: 24px;"></span>'} visual_after={'className': 'like-wrapper like-active', 'ariaPressed': '', 'color': 'rgb(51, 51, 51)', 'svgColor': 'rgb(51, 51, 51)', 'svgHtml': '<span data-v-9403e00c="" class="like-lottie" style="width: 24px; height: 24px;"></span>'}
[cdp]   [cdp_publish] Warning: upvote on same page failed. payload={'success': False, 'changed': False, 'state_before': False, 'state_after': False}
[cdp]   POST_COMMENT_RESULT:
[ok] post done (10/68)
[wait] 78s (~1.3min, random 60-120s)
[queue] pop feedId=69dcef36000000001a022186 remaining=1 title=悬案三部曲！情侣烧脑必玩 --- 谁懂啊！
[plan] #11 keyword=烧脑小游戏 title=悬案三部曲！情侣烧脑必玩 --- 谁懂啊！ comments=16 age=17d score=2 msg=17/烧脑卡关 match=2
[post] attempt feedId=69dcef36000000001a022186 contentLen=41 also_upvote=1
[cdp] spawn timeout=120s cmd=--reuse-existing-tab post-comment-to-feed --feed-id 69dcef36000000001a022186 --xsec-token(46chars) --content(41chars) --also-upvote
[cdp] done exit=0 elapsed=10.5s stdout=2334 stderr=0
[upvote-warn] feedId=69dcef36000000001a022186 comment ok but like not confirmed upvote={'success': False, 'changed': False, 'state_before': False, 'state_after': False}
[post] success feedId=69dcef36000000001a022186
[cdp] phase=post-ok exit=0 feedId=69dcef36000000001a022186
[cdp] cmd=--reuse-existing-tab post-comment-to-feed --feed-id 69dcef36000000001a022186 --xsec-token(46chars) --content(41chars) --also-upvote
[cdp]   [cdp_publish] Login cache: enabled (ttl=12h).
[cdp]   [cdp_publish] Tab selection mode: prefer reusing existing tab.
[cdp]   [cdp_publish] Reusing existing tab to reduce focus switching: https://www.xiaohongshu.com/explore/6a4ca703000000000803e326?xsec_token=ABfYhvE6IT6q7RRstf797MNIBbEMM0Z4ng4KLfB7wGSw4=&xsec_source=pc_feed
[cdp]   [cdp_publish] Connecting to ws://127.0.0.1:9222/devtools/page/3C92B42E311A9DEE022F324DEA9EA345
[cdp]   [cdp_publish] Connected to Chrome tab.
[cdp]   [cdp_publish] Using cached login status (home, age=49m, ttl=12h).
[cdp]   [cdp_publish] Home login confirmed (cached).
[cdp]   [cdp_publish] Navigating to https://www.xiaohongshu.com/explore/69dcef36000000001a022186?xsec_token=ABfY2CkgbBuXB8ql6aKOyqVYUqLBpCnfkSGQamRmaMuaw=&xsec_source=pc_feed
[cdp]   [cdp_publish] Clicking comment input box at (854, 1227)...
[cdp]   [cdp_publish] Clicking comment submit button at (1046, 1227)...
[cdp]   [cdp_publish] Comment posted. feed_id=69dcef36000000001a022186, length=41
[cdp]   [cdp_publish] Clicking note like in interact bar at (932, 1227) hint=interact-container .like-wrapper target=SPAN bar=interactions engage-bar top=1215.3333740234375 left=912.3021240234375 viewport={'w': 1254, 'h': 1287}
[cdp]   [cdp_publish] JS click on like-wrapper, class_after=like-wrapper like-active at=(946.6198348999023, 1227.3333740234375)
[cdp]   [cdp_publish] Warning: note like click did not activate. state_before=False state_after=False likeRoot.class=like-wrapper like-active visual_before={'className': 'like-wrapper like-active', 'ariaPressed': '', 'color': 'rgb(51, 51, 51)', 'svgColor': 'rgb(51, 51, 51)', 'svgHtml': '<span data-v-9403e00c="" class="like-lottie" style="width: 24px; height: 24px;"></span>'} visual_after={'className': 'like-wrapper like-active', 'ariaPressed': '', 'color': 'rgb(51, 51, 51)', 'svgColor': 'rgb(51, 51, 51)', 'svgHtml': '<span data-v-9403e00c="" class="like-lottie" style="width: 24px; height: 24px;"></span>'}
[cdp]   [cdp_publish] Warning: upvote on same page failed. payload={'success': False, 'changed': False, 'state_before': False, 'state_after': False}
[cdp]   POST_COMMENT_RESULT:
[ok] post done (11/68)
[wait] 101s (~1.7min, random 60-120s)
[queue] pop feedId=6a11f670000000003502e88c remaining=0 title=推理挑战
[plan] #12 keyword=烧脑小游戏 title=推理挑战 comments=11 age=56d score=2 msg=16/烧脑卡关 match=2
[post] attempt feedId=6a11f670000000003502e88c contentLen=33 also_upvote=1
[cdp] spawn timeout=120s cmd=--reuse-existing-tab post-comment-to-feed --feed-id 6a11f670000000003502e88c --xsec-token(46chars) --content(33chars) --also-upvote
[cdp] done exit=0 elapsed=10.4s stdout=2331 stderr=0
[upvote-warn] feedId=6a11f670000000003502e88c comment ok but like not confirmed upvote={'success': False, 'changed': False, 'state_before': False, 'state_after': False}
[post] success feedId=6a11f670000000003502e88c
[cdp] phase=post-ok exit=0 feedId=6a11f670000000003502e88c
[cdp] cmd=--reuse-existing-tab post-comment-to-feed --feed-id 6a11f670000000003502e88c --xsec-token(46chars) --content(33chars) --also-upvote
[cdp]   [cdp_publish] Login cache: enabled (ttl=12h).
[cdp]   [cdp_publish] Tab selection mode: prefer reusing existing tab.
[cdp]   [cdp_publish] Reusing existing tab to reduce focus switching: https://www.xiaohongshu.com/explore/69dcef36000000001a022186?xsec_token=ABfY2CkgbBuXB8ql6aKOyqVYUqLBpCnfkSGQamRmaMuaw=&xsec_source=pc_feed
[cdp]   [cdp_publish] Connecting to ws://127.0.0.1:9222/devtools/page/3C92B42E311A9DEE022F324DEA9EA345
[cdp]   [cdp_publish] Connected to Chrome tab.
[cdp]   [cdp_publish] Using cached login status (home, age=51m, ttl=12h).
[cdp]   [cdp_publish] Home login confirmed (cached).
[cdp]   [cdp_publish] Navigating to https://www.xiaohongshu.com/explore/6a11f670000000003502e88c?xsec_token=ABX_Pr7aa2-DNHpQT5zE9pew2-z_n8315ToUQQPsQHG9I=&xsec_source=pc_feed
[cdp]   [cdp_publish] Clicking comment input box at (793, 1227)...
[cdp]   [cdp_publish] Clicking comment submit button at (985, 1227)...
[cdp]   [cdp_publish] Comment posted. feed_id=6a11f670000000003502e88c, length=33
[cdp]   [cdp_publish] Clicking note like in interact bar at (905, 1227) hint=interact-container .like-wrapper target=SPAN bar=interactions engage-bar top=1215.3333740234375 left=884.624267578125 viewport={'w': 1254, 'h': 1287}
[cdp]   [cdp_publish] JS click on like-wrapper, class_after=like-wrapper like-active at=(910.733642578125, 1227.3333740234375)
[cdp]   [cdp_publish] Warning: note like click did not activate. state_before=False state_after=False likeRoot.class=like-wrapper like-active visual_before={'className': 'like-wrapper like-active', 'ariaPressed': '', 'color': 'rgb(51, 51, 51)', 'svgColor': 'rgb(51, 51, 51)', 'svgHtml': '<span data-v-9403e00c="" class="like-lottie" style="width: 24px; height: 24px;"></span>'} visual_after={'className': 'like-wrapper like-active', 'ariaPressed': '', 'color': 'rgb(51, 51, 51)', 'svgColor': 'rgb(51, 51, 51)', 'svgHtml': '<span data-v-9403e00c="" class="like-lottie" style="width: 24px; height: 24px;"></span>'}
[cdp]   [cdp_publish] Warning: upvote on same page failed. payload={'success': False, 'changed': False, 'state_before': False, 'state_after': False}
[cdp]   POST_COMMENT_RESULT:
[ok] post done (12/68)
[wait] 95s (~1.6min, random 60-120s)
[queue] empty refilling keyword=推箱子 sort=综合 task=5/42 empty_streak=0 seen_feeds=317
[search-wait] 8s before keyword=推箱子 sort=综合
[cdp] spawn timeout=180s cmd=--reuse-existing-tab search-feeds --keyword 推箱子 --sort-by 综合 --publish-time 半年内 --search-scrolls 4
[cdp] done exit=0 elapsed=12.2s stdout=379817 stderr=0
[search-filter] keyword=推箱子 sort=综合 scrolls=4 {'dup_or_empty_id': 13, 'already_commented': 7, 'low_relevance': 50, 'bad_title': 10, 'not_note': 6, 'too_old': 16, 'bad_publish_date': 1}
[search] keyword=推箱子 sort=综合 raw=126 skipped=103 usable=23 queued=23 rate_limited=False
[queue] loaded 23 candidates, will post one-by-one before next search
[queue] pop feedId=6a54fe470000000022008c99 remaining=22 title=比推箱子都难的小游戏🥵
[skip-low] 比推箱子都难的小游戏🥵 comments=0
[queue] pop feedId=6a4e3e430000000021021c54 remaining=21 title=ipad还有什么推荐的小游戏吗
[plan] #13 keyword=推箱子 title=ipad还有什么推荐的小游戏吗 comments=43 age=11d score=6 msg=6/推箱子 match=9
[post] attempt feedId=6a4e3e430000000021021c54 contentLen=50 also_upvote=1
[cdp] spawn timeout=120s cmd=--reuse-existing-tab post-comment-to-feed --feed-id 6a4e3e430000000021021c54 --xsec-token(46chars) --content(50chars) --also-upvote
[cdp] done exit=0 elapsed=11.0s stdout=2297 stderr=0
[upvote-warn] feedId=6a4e3e430000000021021c54 comment ok but like not confirmed upvote={'success': False, 'changed': False, 'state_before': False, 'state_after': False}
[post] success feedId=6a4e3e430000000021021c54
[cdp] phase=post-ok exit=0 feedId=6a4e3e430000000021021c54
[cdp] cmd=--reuse-existing-tab post-comment-to-feed --feed-id 6a4e3e430000000021021c54 --xsec-token(46chars) --content(50chars) --also-upvote
[cdp]   [cdp_publish] Login cache: enabled (ttl=12h).
[cdp]   [cdp_publish] Tab selection mode: prefer reusing existing tab.
[cdp]   [cdp_publish] Reusing existing tab to reduce focus switching: https://www.xiaohongshu.com/search_result?keyword=%E6%8E%A8%E7%AE%B1%E5%AD%90&source=web_explore_feed&type=51
[cdp]   [cdp_publish] Connecting to ws://127.0.0.1:9222/devtools/page/3C92B42E311A9DEE022F324DEA9EA345
[cdp]   [cdp_publish] Connected to Chrome tab.
[cdp]   [cdp_publish] Using cached login status (home, age=53m, ttl=12h).
[cdp]   [cdp_publish] Home login confirmed (cached).
[cdp]   [cdp_publish] Navigating to https://www.xiaohongshu.com/explore/6a4e3e430000000021021c54?xsec_token=ABa3QG7-NGBN7DoHsb1kCY4trgmik_bH63TUeeschwKhU=&xsec_source=pc_feed
[cdp]   [cdp_publish] Clicking comment input box at (854, 1227)...
[cdp]   [cdp_publish] Clicking comment submit button at (1046, 1227)...
[cdp]   [cdp_publish] Comment posted. feed_id=6a4e3e430000000021021c54, length=50
[cdp]   [cdp_publish] Clicking note like in interact bar at (949, 1227) hint=interact-container .like-wrapper target=SPAN bar=interactions engage-bar top=1215.3333740234375 left=928.71875 viewport={'w': 1254, 'h': 1287}
[cdp]   [cdp_publish] JS click on like-wrapper, class_after=like-wrapper like-active at=(958.9322929382324, 1227.3333740234375)
[cdp]   [cdp_publish] Warning: note like click did not activate. state_before=False state_after=False likeRoot.class=like-wrapper like-active visual_before={'className': 'like-wrapper like-active', 'ariaPressed': '', 'color': 'rgb(51, 51, 51)', 'svgColor': 'rgb(51, 51, 51)', 'svgHtml': '<span data-v-9403e00c="" class="like-lottie" style="width: 24px; height: 24px;"></span>'} visual_after={'className': 'like-wrapper like-active', 'ariaPressed': '', 'color': 'rgb(51, 51, 51)', 'svgColor': 'rgb(51, 51, 51)', 'svgHtml': '<span data-v-9403e00c="" class="like-lottie" style="width: 24px; height: 24px;"></span>'}
[cdp]   [cdp_publish] Warning: upvote on same page failed. payload={'success': False, 'changed': False, 'state_before': False, 'state_after': False}
[cdp]   POST_COMMENT_RESULT:
[ok] post done (13/68)
[wait] 73s (~1.2min, random 60-120s)
[queue] pop feedId=6a04cb6d00000000360308e3 remaining=20 title=推箱子解谜游戏《Clover's Quadrants》试玩
[skip-low] 推箱子解谜游戏《Clover's Quadrants》试玩 comments=2
[queue] pop feedId=6a599d9b000000000101c489 remaining=19 title=AI这样看推箱子游戏和数学学习有什么关系
[skip-low] AI这样看推箱子游戏和数学学习有什么关系 comments=0
[queue] pop feedId=6a40764d0000000008003b3e remaining=18 title=益智游戏
[skip-low] 益智游戏 comments=0
[queue] pop feedId=6a2aeaf5000000001503e961 remaining=17 title=你游每一个小游戏都做的可沙币
[plan] #14 keyword=推箱子 title=你游每一个小游戏都做的可沙币 comments=14 age=37d score=4 msg=7/推箱子 match=9
[post] attempt feedId=6a2aeaf5000000001503e961 contentLen=46 also_upvote=1
[cdp] spawn timeout=120s cmd=--reuse-existing-tab post-comment-to-feed --feed-id 6a2aeaf5000000001503e961 --xsec-token(46chars) --content(46chars) --also-upvote
[cdp] done exit=0 elapsed=11.9s stdout=2333 stderr=0
[upvote-warn] feedId=6a2aeaf5000000001503e961 comment ok but like not confirmed upvote={'success': False, 'changed': False, 'state_before': False, 'state_after': False}
[post] success feedId=6a2aeaf5000000001503e961
[cdp] phase=post-ok exit=0 feedId=6a2aeaf5000000001503e961
[cdp] cmd=--reuse-existing-tab post-comment-to-feed --feed-id 6a2aeaf5000000001503e961 --xsec-token(46chars) --content(46chars) --also-upvote
[cdp]   [cdp_publish] Login cache: enabled (ttl=12h).
[cdp]   [cdp_publish] Tab selection mode: prefer reusing existing tab.
[cdp]   [cdp_publish] Reusing existing tab to reduce focus switching: https://www.xiaohongshu.com/explore/6a4e3e430000000021021c54?xsec_token=ABa3QG7-NGBN7DoHsb1kCY4trgmik_bH63TUeeschwKhU=&xsec_source=pc_feed
[cdp]   [cdp_publish] Connecting to ws://127.0.0.1:9222/devtools/page/3C92B42E311A9DEE022F324DEA9EA345
[cdp]   [cdp_publish] Connected to Chrome tab.
[cdp]   [cdp_publish] Using cached login status (home, age=55m, ttl=12h).
[cdp]   [cdp_publish] Home login confirmed (cached).
[cdp]   [cdp_publish] Navigating to https://www.xiaohongshu.com/explore/6a2aeaf5000000001503e961?xsec_token=AB_Y6rJ4r_TLs1ZS5VJwG5XvriHaKwXPxlGnho7Ys0jog=&xsec_source=pc_feed
[cdp]   [cdp_publish] Clicking comment input box at (803, 1227)...
[cdp]   [cdp_publish] Clicking comment submit button at (995, 1227)...
[cdp]   [cdp_publish] Comment posted. feed_id=6a2aeaf5000000001503e961, length=46
[cdp]   [cdp_publish] Clicking note like in interact bar at (906, 1227) hint=interact-container .like-wrapper target=SPAN bar=interactions engage-bar top=1215.3333740234375 left=885.8704833984375 viewport={'w': 1254, 'h': 1287}
[cdp]   [cdp_publish] JS click on like-wrapper, class_after=like-wrapper like-active at=(916.0840263366699, 1227.3333740234375)
[cdp]   [cdp_publish] Warning: note like click did not activate. state_before=False state_after=False likeRoot.class=like-wrapper like-active visual_before={'className': 'like-wrapper like-active', 'ariaPressed': '', 'color': 'rgb(51, 51, 51)', 'svgColor': 'rgb(51, 51, 51)', 'svgHtml': '<span data-v-9403e00c="" class="like-lottie" style="width: 24px; height: 24px;"></span>'} visual_after={'className': 'like-wrapper like-active', 'ariaPressed': '', 'color': 'rgb(51, 51, 51)', 'svgColor': 'rgb(51, 51, 51)', 'svgHtml': '<span data-v-9403e00c="" class="like-lottie" style="width: 24px; height: 24px;"></span>'}
[cdp]   [cdp_publish] Warning: upvote on same page failed. payload={'success': False, 'changed': False, 'state_before': False, 'state_after': False}
[cdp]   POST_COMMENT_RESULT:
[ok] post done (14/68)
[wait] 66s (~1.1min, random 60-120s)
[queue] pop feedId=6a5addb9000000000301f936 remaining=16 title=日落国困难推箱子攻略
[skip-low] 日落国困难推箱子攻略 comments=3
[queue] pop feedId=6a59ec500000000001030fc9 remaining=15 title=儿童相机推箱子再下一城
[skip-low] 儿童相机推箱子再下一城 comments=0
[queue] pop feedId=6a599a87000000000301f710 remaining=14 title=儿童相机推箱子更新
[skip-low] 儿童相机推箱子更新 comments=0
[queue] pop feedId=6a5457e2000000001700b083 remaining=13 title=分享推箱子新关卡攻略
[skip-low] 分享推箱子新关卡攻略 comments=2
[queue] pop feedId=6a50b208000000002100a852 remaining=12 title=智力考验——推箱子
[skip-low] 智力考验——推箱子 comments=6
[queue] pop feedId=6a41f5280000000008033d00 remaining=11 title=已过关推箱子
[plan] #15 keyword=推箱子 title=已过关推箱子 comments=20 age=15d score=2 msg=8/推箱子 match=9
[post] attempt feedId=6a41f5280000000008033d00 contentLen=47 also_upvote=1
[cdp] spawn timeout=120s cmd=--reuse-existing-tab post-comment-to-feed --feed-id 6a41f5280000000008033d00 --xsec-token(46chars) --content(47chars) --also-upvote
[cdp] done exit=0 elapsed=11.3s stdout=2334 stderr=0
[upvote-warn] feedId=6a41f5280000000008033d00 comment ok but like not confirmed upvote={'success': False, 'changed': False, 'state_before': False, 'state_after': False}
[post] success feedId=6a41f5280000000008033d00
[cdp] phase=post-ok exit=0 feedId=6a41f5280000000008033d00
[cdp] cmd=--reuse-existing-tab post-comment-to-feed --feed-id 6a41f5280000000008033d00 --xsec-token(46chars) --content(47chars) --also-upvote
[cdp]   [cdp_publish] Login cache: enabled (ttl=12h).
[cdp]   [cdp_publish] Tab selection mode: prefer reusing existing tab.
[cdp]   [cdp_publish] Reusing existing tab to reduce focus switching: https://www.xiaohongshu.com/explore/6a2aeaf5000000001503e961?xsec_token=AB_Y6rJ4r_TLs1ZS5VJwG5XvriHaKwXPxlGnho7Ys0jog=&xsec_source=pc_feed
[cdp]   [cdp_publish] Connecting to ws://127.0.0.1:9222/devtools/page/3C92B42E311A9DEE022F324DEA9EA345
[cdp]   [cdp_publish] Connected to Chrome tab.
[cdp]   [cdp_publish] Using cached login status (home, age=56m, ttl=12h).
[cdp]   [cdp_publish] Home login confirmed (cached).
[cdp]   [cdp_publish] Navigating to https://www.xiaohongshu.com/explore/6a41f5280000000008033d00?xsec_token=ABJW0w2j-6T_qcFwfIgN11NI5yb7tvXDENYjC3n64FCuE=&xsec_source=pc_feed
[cdp]   [cdp_publish] Clicking comment input box at (854, 1227)...
[cdp]   [cdp_publish] Clicking comment submit button at (1046, 1227)...
[cdp]   [cdp_publish] Comment posted. feed_id=6a41f5280000000008033d00, length=47
[cdp]   [cdp_publish] Clicking note like in interact bar at (945, 1227) hint=interact-container .like-wrapper target=SPAN bar=interactions engage-bar top=1215.3333740234375 left=925.3541870117188 viewport={'w': 1254, 'h': 1287}
[cdp]   [cdp_publish] JS click on like-wrapper, class_after=like-wrapper like-active at=(951.4635620117188, 1227.3333740234375)
[cdp]   [cdp_publish] Warning: note like click did not activate. state_before=False state_after=False likeRoot.class=like-wrapper like-active visual_before={'className': 'like-wrapper like-active', 'ariaPressed': '', 'color': 'rgb(51, 51, 51)', 'svgColor': 'rgb(51, 51, 51)', 'svgHtml': '<span data-v-9403e00c="" class="like-lottie" style="width: 24px; height: 24px;"></span>'} visual_after={'className': 'like-wrapper like-active', 'ariaPressed': '', 'color': 'rgb(51, 51, 51)', 'svgColor': 'rgb(51, 51, 51)', 'svgHtml': '<span data-v-9403e00c="" class="like-lottie" style="width: 24px; height: 24px;"></span>'}
[cdp]   [cdp_publish] Warning: upvote on same page failed. payload={'success': False, 'changed': False, 'state_before': False, 'state_after': False}
[cdp]   POST_COMMENT_RESULT:
[ok] post done (15/68)
[wait] 108s (~1.8min, random 60-120s)
[queue] pop feedId=6a3bb5a00000000011004267 remaining=10 title=推箱子
[skip-low] 推箱子 comments=8
[queue] pop feedId=6a3497e80000000017009b1e remaining=9 title=推箱子关卡拦路虎
[skip-low] 推箱子关卡拦路虎 comments=3
[queue] pop feedId=6a2579c0000000003502d968 remaining=8 title=这关很烧脑！
[skip-low] 这关很烧脑！ comments=2
[queue] pop feedId=6a1c31df000000003701e9f6 remaining=7 title=不是推箱子，而是推倒你脑子里的墙 🧱
[skip-low] 不是推箱子，而是推倒你脑子里的墙 🧱 comments=4
[queue] pop feedId=6a17fe73000000003600235c remaining=6 title=主线困难5-11推箱子速刷攻略
[skip-low] 主线困难5-11推箱子速刷攻略 comments=3
[queue] pop feedId=6a16cfb2000000003601d13b remaining=5 title=🌟 Scratch入门 ｜《推箱子📦》教程分享～
[skip-low] 🌟 Scratch入门 ｜《推箱子📦》教程分享～ comments=1
[queue] pop feedId=6a12bb260000000036019671 remaining=4 title=儿童相机推箱子攻略又来了
[skip-low] 儿童相机推箱子攻略又来了 comments=4
[queue] pop feedId=6a119be10000000038036666 remaining=3 title=船在下沉，心在上浮✨治愈系横版解谜
[skip-low] 船在下沉，心在上浮✨治愈系横版解谜 comments=0
[queue] pop feedId=6a10571c00000000060321ed remaining=2 title=【乱涂彩】困难5-10保姆级推箱子
[skip-low] 【乱涂彩】困难5-10保姆级推箱子 comments=1
[queue] pop feedId=6a0f0a6a00000000060303e9 remaining=1 title=乱涂彩世界，困难推箱子关卡攻略
[skip-low] 乱涂彩世界，困难推箱子关卡攻略 comments=6
[queue] pop feedId=6a0d55ec000000003700f24a remaining=0 title=推箱子
[skip-low] 推箱子 comments=0
[queue] empty refilling keyword=推箱子 sort=最新 task=6/42 empty_streak=0 seen_feeds=424
[search-wait] 9s before keyword=推箱子 sort=最新
[cdp] spawn timeout=180s cmd=--reuse-existing-tab search-feeds --keyword 推箱子 --sort-by 最新 --publish-time 半年内 --search-scrolls 4
[cdp] done exit=0 elapsed=13.0s stdout=374995 stderr=0
[search-filter] keyword=推箱子 sort=最新 scrolls=4 {'dup_or_empty_id': 48, 'low_relevance': 42, 'not_note': 6, 'bad_title': 8, 'too_old': 5, 'bad_publish_date': 1, 'already_commented': 1}
[search] keyword=推箱子 sort=最新 raw=125 skipped=111 usable=14 queued=14 rate_limited=False
[queue] loaded 14 candidates, will post one-by-one before next search
[queue] pop feedId=6a5a0df2000000000e03714a remaining=13 title=DAY1小游戏胜利结算✌（出物在p2）
[skip-low] DAY1小游戏胜利结算✌（出物在p2） comments=3
[queue] pop feedId=6a5afb800000000011006056 remaining=12 title=蛋托接力球｜让养老院长者使出牛劲的小游戏
[skip-low] 蛋托接力球｜让养老院长者使出牛劲的小游戏 comments=0
[queue] pop feedId=6a58e661000000000c0171ac remaining=11 title=我把数学课里的益智游戏做成了小程序
[skip-low] 我把数学课里的益智游戏做成了小程序 comments=2
[queue] pop feedId=6a598ad8000000001102d890 remaining=10 title=严肃做小游戏
[skip-low] 严肃做小游戏 comments=0
[queue] pop feedId=6a575638000000001603dae6 remaining=9 title=刷小红书刷累了，顺手玩一局小游戏
[plan] #16 keyword=推箱子 title=刷小红书刷累了，顺手玩一局小游戏 comments=56 age=3d score=4 msg=9/推箱子 match=6
[post] attempt feedId=6a575638000000001603dae6 contentLen=29 also_upvote=1
[cdp] spawn timeout=120s cmd=--reuse-existing-tab post-comment-to-feed --feed-id 6a575638000000001603dae6 --xsec-token(46chars) --content(29chars) --also-upvote
[cdp] done exit=0 elapsed=10.3s stdout=2305 stderr=0
[upvote-warn] feedId=6a575638000000001603dae6 comment ok but like not confirmed upvote={'success': False, 'changed': False, 'state_before': False, 'state_after': False}
[post] success feedId=6a575638000000001603dae6
[cdp] phase=post-ok exit=0 feedId=6a575638000000001603dae6
[cdp] cmd=--reuse-existing-tab post-comment-to-feed --feed-id 6a575638000000001603dae6 --xsec-token(46chars) --content(29chars) --also-upvote
[cdp]   [cdp_publish] Login cache: enabled (ttl=12h).
[cdp]   [cdp_publish] Tab selection mode: prefer reusing existing tab.
[cdp]   [cdp_publish] Reusing existing tab to reduce focus switching: https://www.xiaohongshu.com/search_result?keyword=%E6%8E%A8%E7%AE%B1%E5%AD%90&source=web_explore_feed&type=51
[cdp]   [cdp_publish] Connecting to ws://127.0.0.1:9222/devtools/page/3C92B42E311A9DEE022F324DEA9EA345
[cdp]   [cdp_publish] Connected to Chrome tab.
[cdp]   [cdp_publish] Using cached login status (home, age=58m, ttl=12h).
[cdp]   [cdp_publish] Home login confirmed (cached).
[cdp]   [cdp_publish] Navigating to https://www.xiaohongshu.com/explore/6a575638000000001603dae6?xsec_token=ABZIZHoYD7gzNDo590xj4gXjpsfGiLMq3eihS74MyJ8x0=&xsec_source=pc_feed
[cdp]   [cdp_publish] Clicking comment input box at (848, 1227)...
[cdp]   [cdp_publish] Clicking comment submit button at (1040, 1227)...
[cdp]   [cdp_publish] Comment posted. feed_id=6a575638000000001603dae6, length=29
[cdp]   [cdp_publish] Clicking note like in interact bar at (926, 1227) hint=interact-container .like-wrapper target=SPAN bar=interactions engage-bar top=1215.3333740234375 left=906.3624267578125 viewport={'w': 1254, 'h': 1287}
[cdp]   [cdp_publish] JS click on like-wrapper, class_after=like-wrapper like-active at=(940.6801376342773, 1227.3333740234375)
[cdp]   [cdp_publish] Warning: note like click did not activate. state_before=False state_after=False likeRoot.class=like-wrapper like-active visual_before={'className': 'like-wrapper like-active', 'ariaPressed': '', 'color': 'rgb(51, 51, 51)', 'svgColor': 'rgb(51, 51, 51)', 'svgHtml': '<span data-v-9403e00c="" class="like-lottie" style="width: 24px; height: 24px;"></span>'} visual_after={'className': 'like-wrapper like-active', 'ariaPressed': '', 'color': 'rgb(51, 51, 51)', 'svgColor': 'rgb(51, 51, 51)', 'svgHtml': '<span data-v-9403e00c="" class="like-lottie" style="width: 24px; height: 24px;"></span>'}
[cdp]   [cdp_publish] Warning: upvote on same page failed. payload={'success': False, 'changed': False, 'state_before': False, 'state_after': False}
[cdp]   POST_COMMENT_RESULT:
[ok] post done (16/68)
[wait] 71s (~1.2min, random 60-120s)
[queue] pop feedId=6a585ca700000000110144cd remaining=8 title=解压小游戏：切开地面，切开地面
[plan] #17 keyword=推箱子 title=解压小游戏：切开地面，切开地面 comments=53 age=3d score=4 msg=10/推箱子 match=6
[post] attempt feedId=6a585ca700000000110144cd contentLen=43 also_upvote=1
[cdp] spawn timeout=120s cmd=--reuse-existing-tab post-comment-to-feed --feed-id 6a585ca700000000110144cd --xsec-token(46chars) --content(43chars) --also-upvote
[cdp] done exit=0 elapsed=11.5s stdout=2334 stderr=0
[upvote-warn] feedId=6a585ca700000000110144cd comment ok but like not confirmed upvote={'success': False, 'changed': False, 'state_before': False, 'state_after': False}
[post] success feedId=6a585ca700000000110144cd
[cdp] phase=post-ok exit=0 feedId=6a585ca700000000110144cd
[cdp] cmd=--reuse-existing-tab post-comment-to-feed --feed-id 6a585ca700000000110144cd --xsec-token(46chars) --content(43chars) --also-upvote
[cdp]   [cdp_publish] Login cache: enabled (ttl=12h).
[cdp]   [cdp_publish] Tab selection mode: prefer reusing existing tab.
[cdp]   [cdp_publish] Reusing existing tab to reduce focus switching: https://www.xiaohongshu.com/explore/6a575638000000001603dae6?xsec_token=ABZIZHoYD7gzNDo590xj4gXjpsfGiLMq3eihS74MyJ8x0=&xsec_source=pc_feed
[cdp]   [cdp_publish] Connecting to ws://127.0.0.1:9222/devtools/page/3C92B42E311A9DEE022F324DEA9EA345
[cdp]   [cdp_publish] Connected to Chrome tab.
[cdp]   [cdp_publish] Using cached login status (home, age=60m, ttl=12h).
[cdp]   [cdp_publish] Home login confirmed (cached).
[cdp]   [cdp_publish] Navigating to https://www.xiaohongshu.com/explore/6a585ca700000000110144cd?xsec_token=ABRfGZMJpkrRXVY6GP3I8MlQK_upWgErhTEMITTMBjLmA=&xsec_source=pc_feed
[cdp]   [cdp_publish] Clicking comment input box at (854, 1227)...
[cdp]   [cdp_publish] Clicking comment submit button at (1046, 1227)...
[cdp]   [cdp_publish] Comment posted. feed_id=6a585ca700000000110144cd, length=43
[cdp]   [cdp_publish] Clicking note like in interact bar at (932, 1227) hint=interact-container .like-wrapper target=SPAN bar=interactions engage-bar top=1215.3333740234375 left=912.3021240234375 viewport={'w': 1254, 'h': 1287}
[cdp]   [cdp_publish] JS click on like-wrapper, class_after=like-wrapper like-active at=(946.6198348999023, 1227.3333740234375)
[cdp]   [cdp_publish] Warning: note like click did not activate. state_before=False state_after=False likeRoot.class=like-wrapper like-active visual_before={'className': 'like-wrapper like-active', 'ariaPressed': '', 'color': 'rgb(51, 51, 51)', 'svgColor': 'rgb(51, 51, 51)', 'svgHtml': '<span data-v-9403e00c="" class="like-lottie" style="width: 24px; height: 24px;"></span>'} visual_after={'className': 'like-wrapper like-active', 'ariaPressed': '', 'color': 'rgb(51, 51, 51)', 'svgColor': 'rgb(51, 51, 51)', 'svgHtml': '<span data-v-9403e00c="" class="like-lottie" style="width: 24px; height: 24px;"></span>'}
[cdp]   [cdp_publish] Warning: upvote on same page failed. payload={'success': False, 'changed': False, 'state_before': False, 'state_after': False}
[cdp]   POST_COMMENT_RESULT:
[ok] post done (17/68)
[wait] 107s (~1.8min, random 60-120s)
[queue] pop feedId=6a5661d6000000001700946f remaining=7 title=这小游戏咋这么让人上头！屏幕划出火星子了
[skip-low] 这小游戏咋这么让人上头！屏幕划出火星子了 comments=5
[queue] pop feedId=6a5a1a11000000001c00de01 remaining=6 title=退酒店、遇猴劫、推箱子｜张家界真实心得
[plan] #18 keyword=推箱子 title=退酒店、遇猴劫、推箱子｜张家界真实心得 comments=11 age=1d score=2 msg=3/求推荐 match=3
[post] attempt feedId=6a5a1a11000000001c00de01 contentLen=55 also_upvote=1
[cdp] spawn timeout=120s cmd=--reuse-existing-tab post-comment-to-feed --feed-id 6a5a1a11000000001c00de01 --xsec-token(46chars) --content(55chars) --also-upvote
[cdp] done exit=0 elapsed=21.8s stdout=2334 stderr=0
[upvote-warn] feedId=6a5a1a11000000001c00de01 comment ok but like not confirmed upvote={'success': False, 'changed': False, 'state_before': False, 'state_after': False}
[post] success feedId=6a5a1a11000000001c00de01
[cdp] phase=post-ok exit=0 feedId=6a5a1a11000000001c00de01
[cdp] cmd=--reuse-existing-tab post-comment-to-feed --feed-id 6a5a1a11000000001c00de01 --xsec-token(46chars) --content(55chars) --also-upvote
[cdp]   [cdp_publish] Login cache: enabled (ttl=12h).
[cdp]   [cdp_publish] Tab selection mode: prefer reusing existing tab.
[cdp]   [cdp_publish] Reusing existing tab to reduce focus switching: https://www.xiaohongshu.com/explore/6a585ca700000000110144cd?xsec_token=ABRfGZMJpkrRXVY6GP3I8MlQK_upWgErhTEMITTMBjLmA=&xsec_source=pc_feed
[cdp]   [cdp_publish] Connecting to ws://127.0.0.1:9222/devtools/page/3C92B42E311A9DEE022F324DEA9EA345
[cdp]   [cdp_publish] Connected to Chrome tab.
[cdp]   [cdp_publish] Using cached login status (home, age=62m, ttl=12h).
[cdp]   [cdp_publish] Home login confirmed (cached).
[cdp]   [cdp_publish] Navigating to https://www.xiaohongshu.com/explore/6a5a1a11000000001c00de01?xsec_token=ABtRLV1FjpOQQ6kbKPgqrOrAWx__EQpTFoHEnVoxuGWwE=&xsec_source=pc_feed
[cdp]   [cdp_publish] Clicking comment input box at (854, 1227)...
[cdp]   [cdp_publish] Clicking comment submit button at (1046, 1227)...
[cdp]   [cdp_publish] Comment posted. feed_id=6a5a1a11000000001c00de01, length=55
[cdp]   [cdp_publish] Clicking note like in interact bar at (957, 1227) hint=interact-container .like-wrapper target=SPAN bar=interactions engage-bar top=1215.3333740234375 left=936.9271240234375 viewport={'w': 1254, 'h': 1287}
[cdp]   [cdp_publish] JS click on like-wrapper, class_after=like-wrapper like-active at=(967.1406669616699, 1227.3333740234375)
[cdp]   [cdp_publish] Warning: note like click did not activate. state_before=False state_after=False likeRoot.class=like-wrapper like-active visual_before={'className': 'like-wrapper like-active', 'ariaPressed': '', 'color': 'rgb(51, 51, 51)', 'svgColor': 'rgb(51, 51, 51)', 'svgHtml': '<span data-v-9403e00c="" class="like-lottie" style="width: 24px; height: 24px;"></span>'} visual_after={'className': 'like-wrapper like-active', 'ariaPressed': '', 'color': 'rgb(51, 51, 51)', 'svgColor': 'rgb(51, 51, 51)', 'svgHtml': '<span data-v-9403e00c="" class="like-lottie" style="width: 24px; height: 24px;"></span>'}
[cdp]   [cdp_publish] Warning: upvote on same page failed. payload={'success': False, 'changed': False, 'state_before': False, 'state_after': False}
[cdp]   POST_COMMENT_RESULT:
[ok] post done (18/68)
[wait] 95s (~1.6min, random 60-120s)
[queue] pop feedId=6a5a0e30000000000101d385 remaining=5 title=益智桌游，兔宝宝魔术箱玩具
[skip-low] 益智桌游，兔宝宝魔术箱玩具 comments=1
[queue] pop feedId=6a5b143a00000000010023d4 remaining=4 title=磐城谜题空间攻略★找到真正的宝箱
[skip-low] 磐城谜题空间攻略★找到真正的宝箱 comments=0
[queue] pop feedId=6a5a08ad00000000060130bb remaining=3 title=儿童移车出库益智桌游
[skip-low] 儿童移车出库益智桌游 comments=0
[queue] pop feedId=6a488f76000000000f014471 remaining=2 title=推箱子这一关要怎么推才能过关
[skip-low] 推箱子这一关要怎么推才能过关 comments=3
[queue] pop feedId=6a21516b0000000036030e8d remaining=1 title=scratch入门作品《推箱子》
[skip-low] scratch入门作品《推箱子》 comments=1
[queue] pop feedId=6a1ee876000000000803c4f7 remaining=0 title=推箱子04攻略
[skip-low] 推箱子04攻略 comments=2
[queue] empty refilling keyword=解谜游戏 sort=综合 task=7/42 empty_streak=0 seen_feeds=495
[search-wait] 13s before keyword=解谜游戏 sort=综合
[cdp] spawn timeout=180s cmd=--reuse-existing-tab search-feeds --keyword 解谜游戏 --sort-by 综合 --publish-time 半年内 --search-scrolls 4
[cdp] done exit=0 elapsed=12.3s stdout=411957 stderr=0
[search-filter] keyword=解谜游戏 sort=综合 scrolls=4 {'already_commented': 14, 'dup_or_empty_id': 56, 'not_note': 6, 'low_relevance': 22, 'too_old': 7, 'bad_title': 10, 'bad_publish_date': 2}
[search] keyword=解谜游戏 sort=综合 raw=126 skipped=117 usable=9 queued=9 rate_limited=False
[queue] loaded 9 candidates, will post one-by-one before next search
[queue] pop feedId=6a5a5f8c000000002201b43d remaining=8 title=古早解谜游戏求助
[plan] #19 keyword=解谜游戏 title=古早解谜游戏求助 comments=13 age=1d score=4 msg=2/求推荐 match=2
[post] attempt feedId=6a5a5f8c000000002201b43d contentLen=42 also_upvote=1
[cdp] spawn timeout=120s cmd=--reuse-existing-tab post-comment-to-feed --feed-id 6a5a5f8c000000002201b43d --xsec-token(46chars) --content(42chars) --also-upvote
[cdp] done exit=0 elapsed=11.4s stdout=2314 stderr=0
[upvote-warn] feedId=6a5a5f8c000000002201b43d comment ok but like not confirmed upvote={'success': False, 'changed': False, 'state_before': False, 'state_after': False}
[post] success feedId=6a5a5f8c000000002201b43d
[cdp] phase=post-ok exit=0 feedId=6a5a5f8c000000002201b43d
[cdp] cmd=--reuse-existing-tab post-comment-to-feed --feed-id 6a5a5f8c000000002201b43d --xsec-token(46chars) --content(42chars) --also-upvote
[cdp]   [cdp_publish] Login cache: enabled (ttl=12h).
[cdp]   [cdp_publish] Tab selection mode: prefer reusing existing tab.
[cdp]   [cdp_publish] Reusing existing tab to reduce focus switching: https://www.xiaohongshu.com/search_result?keyword=%E8%A7%A3%E8%B0%9C%E6%B8%B8%E6%88%8F&source=web_explore_feed&type=51
[cdp]   [cdp_publish] Connecting to ws://127.0.0.1:9222/devtools/page/3C92B42E311A9DEE022F324DEA9EA345
[cdp]   [cdp_publish] Connected to Chrome tab.
[cdp]   [cdp_publish] Using cached login status (home, age=64m, ttl=12h).
[cdp]   [cdp_publish] Home login confirmed (cached).
[cdp]   [cdp_publish] Navigating to https://www.xiaohongshu.com/explore/6a5a5f8c000000002201b43d?xsec_token=ABtRLV1FjpOQQ6kbKPgqrOrHwzJLRGmk4S_7Vc4ZTfxr8=&xsec_source=pc_feed
[cdp]   [cdp_publish] Clicking comment input box at (854, 1227)...
[cdp]   [cdp_publish] Clicking comment submit button at (1046, 1227)...
[cdp]   [cdp_publish] Comment posted. feed_id=6a5a5f8c000000002201b43d, length=42
[cdp]   [cdp_publish] Clicking note like in interact bar at (965, 1227) hint=interact-container .like-wrapper target=SPAN bar=interactions engage-bar top=1215.3333740234375 left=945.1354370117188 viewport={'w': 1254, 'h': 1287}
[cdp]   [cdp_publish] JS click on like-wrapper, class_after=like-wrapper like-active at=(971.2448120117188, 1227.3333740234375)
[cdp]   [cdp_publish] Warning: note like click did not activate. state_before=False state_after=False likeRoot.class=like-wrapper like-active visual_before={'className': 'like-wrapper like-active', 'ariaPressed': '', 'color': 'rgb(51, 51, 51)', 'svgColor': 'rgb(51, 51, 51)', 'svgHtml': '<span data-v-9403e00c="" class="like-lottie" style="width: 24px; height: 24px;"></span>'} visual_after={'className': 'like-wrapper like-active', 'ariaPressed': '', 'color': 'rgb(51, 51, 51)', 'svgColor': 'rgb(51, 51, 51)', 'svgHtml': '<span data-v-9403e00c="" class="like-lottie" style="width: 24px; height: 24px;"></span>'}
[cdp]   [cdp_publish] Warning: upvote on same page failed. payload={'success': False, 'changed': False, 'state_before': False, 'state_after': False}
[cdp]   POST_COMMENT_RESULT:
[ok] post done (19/68)
[wait] 111s (~1.9min, random 60-120s)
[queue] pop feedId=6a564ae5000000000f030ec6 remaining=7 title=凶案数独：推理类｜变种数独游戏
[skip-low] 凶案数独：推理类｜变种数独游戏 comments=5
[queue] pop feedId=6a5250f100000000170287cb remaining=6 title=网页解谜游戏【毕业季失踪事件】先已发布
[plan] #20 keyword=解谜游戏 title=网页解谜游戏【毕业季失踪事件】先已发布 comments=83 age=5d score=4 msg=4/求推荐 match=0
[post] attempt feedId=6a5250f100000000170287cb contentLen=51 also_upvote=1
[cdp] spawn timeout=120s cmd=--reuse-existing-tab post-comment-to-feed --feed-id 6a5250f100000000170287cb --xsec-token(46chars) --content(51chars) --also-upvote
[cdp] done exit=0 elapsed=12.2s stdout=2334 stderr=0
[upvote-warn] feedId=6a5250f100000000170287cb comment ok but like not confirmed upvote={'success': False, 'changed': False, 'state_before': False, 'state_after': False}
[post] success feedId=6a5250f100000000170287cb
[cdp] phase=post-ok exit=0 feedId=6a5250f100000000170287cb
[cdp] cmd=--reuse-existing-tab post-comment-to-feed --feed-id 6a5250f100000000170287cb --xsec-token(46chars) --content(51chars) --also-upvote
[cdp]   [cdp_publish] Login cache: enabled (ttl=12h).
[cdp]   [cdp_publish] Tab selection mode: prefer reusing existing tab.
[cdp]   [cdp_publish] Reusing existing tab to reduce focus switching: https://www.xiaohongshu.com/explore/6a5a5f8c000000002201b43d?xsec_token=ABtRLV1FjpOQQ6kbKPgqrOrHwzJLRGmk4S_7Vc4ZTfxr8=&xsec_source=pc_feed
[cdp]   [cdp_publish] Connecting to ws://127.0.0.1:9222/devtools/page/3C92B42E311A9DEE022F324DEA9EA345
[cdp]   [cdp_publish] Connected to Chrome tab.
[cdp]   [cdp_publish] Using cached login status (home, age=66m, ttl=12h).
[cdp]   [cdp_publish] Home login confirmed (cached).
[cdp]   [cdp_publish] Navigating to https://www.xiaohongshu.com/explore/6a5250f100000000170287cb?xsec_token=ABF3Wbs9V2EGEMqLR8k3ymNXc3xNZ1m9r74jRkz-zM6Bs=&xsec_source=pc_feed
[cdp]   [cdp_publish] Clicking comment input box at (854, 1227)...
[cdp]   [cdp_publish] Clicking comment submit button at (1046, 1227)...
[cdp]   [cdp_publish] Comment posted. feed_id=6a5250f100000000170287cb, length=51
[cdp]   [cdp_publish] Clicking note like in interact bar at (932, 1227) hint=interact-container .like-wrapper target=SPAN bar=interactions engage-bar top=1215.3333740234375 left=912.3021240234375 viewport={'w': 1254, 'h': 1287}
[cdp]   [cdp_publish] JS click on like-wrapper, class_after=like-wrapper like-active at=(946.6198348999023, 1227.3333740234375)
[cdp]   [cdp_publish] Warning: note like click did not activate. state_before=False state_after=False likeRoot.class=like-wrapper like-active visual_before={'className': 'like-wrapper like-active', 'ariaPressed': '', 'color': 'rgb(51, 51, 51)', 'svgColor': 'rgb(51, 51, 51)', 'svgHtml': '<span data-v-9403e00c="" class="like-lottie" style="width: 24px; height: 24px;"></span>'} visual_after={'className': 'like-wrapper like-active', 'ariaPressed': '', 'color': 'rgb(51, 51, 51)', 'svgColor': 'rgb(51, 51, 51)', 'svgHtml': '<span data-v-9403e00c="" class="like-lottie" style="width: 24px; height: 24px;"></span>'}
[cdp]   [cdp_publish] Warning: upvote on same page failed. payload={'success': False, 'changed': False, 'state_before': False, 'state_after': False}
[cdp]   POST_COMMENT_RESULT:
[ok] post done (20/68)
[wait] 73s (~1.2min, random 60-120s)
[queue] pop feedId=6a23cfc5000000000702526c remaining=5 title=值得N刷的宝藏解谜游戏✨每款都是小众神作
[skip-low] 值得N刷的宝藏解谜游戏✨每款都是小众神作 comments=3
[queue] pop feedId=6a40a68b000000001c026285 remaining=4 title=年度最好玩的解谜游戏，《沉星之序》
[plan] #21 keyword=解谜游戏 title=年度最好玩的解谜游戏，《沉星之序》 comments=40 age=21d score=4 msg=20/烧脑卡关 match=5
[post] attempt feedId=6a40a68b000000001c026285 contentLen=46 also_upvote=1
[cdp] spawn timeout=120s cmd=--reuse-existing-tab post-comment-to-feed --feed-id 6a40a68b000000001c026285 --xsec-token(46chars) --content(46chars) --also-upvote
[cdp] done exit=0 elapsed=11.6s stdout=2334 stderr=0
[upvote-warn] feedId=6a40a68b000000001c026285 comment ok but like not confirmed upvote={'success': False, 'changed': False, 'state_before': False, 'state_after': False}
[post] success feedId=6a40a68b000000001c026285
[cdp] phase=post-ok exit=0 feedId=6a40a68b000000001c026285
[cdp] cmd=--reuse-existing-tab post-comment-to-feed --feed-id 6a40a68b000000001c026285 --xsec-token(46chars) --content(46chars) --also-upvote
[cdp]   [cdp_publish] Login cache: enabled (ttl=12h).
[cdp]   [cdp_publish] Tab selection mode: prefer reusing existing tab.
[cdp]   [cdp_publish] Reusing existing tab to reduce focus switching: https://www.xiaohongshu.com/explore/6a5250f100000000170287cb?xsec_token=ABF3Wbs9V2EGEMqLR8k3ymNXc3xNZ1m9r74jRkz-zM6Bs=&xsec_source=pc_feed
[cdp]   [cdp_publish] Connecting to ws://127.0.0.1:9222/devtools/page/3C92B42E311A9DEE022F324DEA9EA345
[cdp]   [cdp_publish] Connected to Chrome tab.
[cdp]   [cdp_publish] Using cached login status (home, age=68m, ttl=12h).
[cdp]   [cdp_publish] Home login confirmed (cached).
[cdp]   [cdp_publish] Navigating to https://www.xiaohongshu.com/explore/6a40a68b000000001c026285?xsec_token=ABdBJuqvdaje7PzN9t-Xn7HqkCbPcs52N417KYsiYQyIY=&xsec_source=pc_feed
[cdp]   [cdp_publish] Clicking comment input box at (854, 1227)...
[cdp]   [cdp_publish] Clicking comment submit button at (1046, 1227)...
[cdp]   [cdp_publish] Comment posted. feed_id=6a40a68b000000001c026285, length=47
[cdp]   [cdp_publish] Clicking note like in interact bar at (932, 1227) hint=interact-container .like-wrapper target=SPAN bar=interactions engage-bar top=1215.3333740234375 left=912.3021240234375 viewport={'w': 1254, 'h': 1287}
[cdp]   [cdp_publish] JS click on like-wrapper, class_after=like-wrapper like-active at=(946.6198348999023, 1227.3333740234375)
[cdp]   [cdp_publish] Warning: note like click did not activate. state_before=False state_after=False likeRoot.class=like-wrapper like-active visual_before={'className': 'like-wrapper like-active', 'ariaPressed': '', 'color': 'rgb(51, 51, 51)', 'svgColor': 'rgb(51, 51, 51)', 'svgHtml': '<span data-v-9403e00c="" class="like-lottie" style="width: 24px; height: 24px;"></span>'} visual_after={'className': 'like-wrapper like-active', 'ariaPressed': '', 'color': 'rgb(51, 51, 51)', 'svgColor': 'rgb(51, 51, 51)', 'svgHtml': '<span data-v-9403e00c="" class="like-lottie" style="width: 24px; height: 24px;"></span>'}
[cdp]   [cdp_publish] Warning: upvote on same page failed. payload={'success': False, 'changed': False, 'state_before': False, 'state_after': False}
[cdp]   POST_COMMENT_RESULT:
[ok] post done (21/68)
[wait] 71s (~1.2min, random 60-120s)
[queue] pop feedId=6a168d150000000035024ff6 remaining=3 title=🔥盘一盘自己玩过的解谜游戏
[plan] #22 keyword=解谜游戏 title=🔥盘一盘自己玩过的解谜游戏 comments=69 age=39d score=4 msg=20/烧脑卡关 match=5
[post] attempt feedId=6a168d150000000035024ff6 contentLen=46 also_upvote=1
[cdp] spawn timeout=120s cmd=--reuse-existing-tab post-comment-to-feed --feed-id 6a168d150000000035024ff6 --xsec-token(46chars) --content(46chars) --also-upvote
[cdp] done exit=0 elapsed=12.1s stdout=2334 stderr=0
[upvote-warn] feedId=6a168d150000000035024ff6 comment ok but like not confirmed upvote={'success': False, 'changed': False, 'state_before': False, 'state_after': False}
[post] success feedId=6a168d150000000035024ff6
[cdp] phase=post-ok exit=0 feedId=6a168d150000000035024ff6
[cdp] cmd=--reuse-existing-tab post-comment-to-feed --feed-id 6a168d150000000035024ff6 --xsec-token(46chars) --content(46chars) --also-upvote
[cdp]   [cdp_publish] Login cache: enabled (ttl=12h).
[cdp]   [cdp_publish] Tab selection mode: prefer reusing existing tab.
[cdp]   [cdp_publish] Reusing existing tab to reduce focus switching: https://www.xiaohongshu.com/explore/6a40a68b000000001c026285?xsec_token=ABdBJuqvdaje7PzN9t-Xn7HqkCbPcs52N417KYsiYQyIY=&xsec_source=pc_feed
[cdp]   [cdp_publish] Connecting to ws://127.0.0.1:9222/devtools/page/3C92B42E311A9DEE022F324DEA9EA345
[cdp]   [cdp_publish] Connected to Chrome tab.
[cdp]   [cdp_publish] Using cached login status (home, age=69m, ttl=12h).
[cdp]   [cdp_publish] Home login confirmed (cached).
[cdp]   [cdp_publish] Navigating to https://www.xiaohongshu.com/explore/6a168d150000000035024ff6?xsec_token=ABGTi0RWy1ZCsr0E55E-EP97A5hPWIIbSyfhwCjaURPUg=&xsec_source=pc_feed
[cdp]   [cdp_publish] Clicking comment input box at (854, 1227)...
[cdp]   [cdp_publish] Clicking comment submit button at (1046, 1227)...
[cdp]   [cdp_publish] Comment posted. feed_id=6a168d150000000035024ff6, length=47
[cdp]   [cdp_publish] Clicking note like in interact bar at (916, 1227) hint=interact-container .like-wrapper target=SPAN bar=interactions engage-bar top=1215.3333740234375 left=895.8854370117188 viewport={'w': 1254, 'h': 1287}
[cdp]   [cdp_publish] JS click on like-wrapper, class_after=like-wrapper like-active at=(934.3073120117188, 1227.3333740234375)
[cdp]   [cdp_publish] Warning: note like click did not activate. state_before=False state_after=False likeRoot.class=like-wrapper like-active visual_before={'className': 'like-wrapper like-active', 'ariaPressed': '', 'color': 'rgb(51, 51, 51)', 'svgColor': 'rgb(51, 51, 51)', 'svgHtml': '<span data-v-9403e00c="" class="like-lottie" style="width: 24px; height: 24px;"></span>'} visual_after={'className': 'like-wrapper like-active', 'ariaPressed': '', 'color': 'rgb(51, 51, 51)', 'svgColor': 'rgb(51, 51, 51)', 'svgHtml': '<span data-v-9403e00c="" class="like-lottie" style="width: 24px; height: 24px;"></span>'}
[cdp]   [cdp_publish] Warning: upvote on same page failed. payload={'success': False, 'changed': False, 'state_before': False, 'state_after': False}
[cdp]   POST_COMMENT_RESULT:
[ok] post done (22/68)
[wait] 100s (~1.7min, random 60-120s)
[queue] pop feedId=6a215c440000000021020f7b remaining=2 title=解谜博主上半年通关解谜游戏TOP10
[plan] #23 keyword=解谜游戏 title=解谜博主上半年通关解谜游戏TOP10 comments=24 age=44d score=4 msg=20/烧脑卡关 match=5
[post] attempt feedId=6a215c440000000021020f7b contentLen=46 also_upvote=1
[cdp] spawn timeout=120s cmd=--reuse-existing-tab post-comment-to-feed --feed-id 6a215c440000000021020f7b --xsec-token(46chars) --content(46chars) --also-upvote
[cdp] done exit=0 elapsed=11.0s stdout=2334 stderr=0
[upvote-warn] feedId=6a215c440000000021020f7b comment ok but like not confirmed upvote={'success': False, 'changed': False, 'state_before': False, 'state_after': False}
[post] success feedId=6a215c440000000021020f7b
[cdp] phase=post-ok exit=0 feedId=6a215c440000000021020f7b
[cdp] cmd=--reuse-existing-tab post-comment-to-feed --feed-id 6a215c440000000021020f7b --xsec-token(46chars) --content(46chars) --also-upvote
[cdp]   [cdp_publish] Login cache: enabled (ttl=12h).
[cdp]   [cdp_publish] Tab selection mode: prefer reusing existing tab.
[cdp]   [cdp_publish] Reusing existing tab to reduce focus switching: https://www.xiaohongshu.com/explore/6a168d150000000035024ff6?xsec_token=ABGTi0RWy1ZCsr0E55E-EP97A5hPWIIbSyfhwCjaURPUg=&xsec_source=pc_feed
[cdp]   [cdp_publish] Connecting to ws://127.0.0.1:9222/devtools/page/3C92B42E311A9DEE022F324DEA9EA345
[cdp]   [cdp_publish] Connected to Chrome tab.
[cdp]   [cdp_publish] Using cached login status (home, age=71m, ttl=12h).
[cdp]   [cdp_publish] Home login confirmed (cached).
[cdp]   [cdp_publish] Navigating to https://www.xiaohongshu.com/explore/6a215c440000000021020f7b?xsec_token=ABsJ3QlRdRBDthmeWmIUMqnW_SUoaLvdvz9ucu_uwoOGY=&xsec_source=pc_feed
[cdp]   [cdp_publish] Clicking comment input box at (854, 1227)...
[cdp]   [cdp_publish] Clicking comment submit button at (1046, 1227)...
[cdp]   [cdp_publish] Comment posted. feed_id=6a215c440000000021020f7b, length=47
[cdp]   [cdp_publish] Clicking note like in interact bar at (932, 1227) hint=interact-container .like-wrapper target=SPAN bar=interactions engage-bar top=1215.3333740234375 left=912.3021240234375 viewport={'w': 1254, 'h': 1287}
[cdp]   [cdp_publish] JS click on like-wrapper, class_after=like-wrapper like-active at=(946.6198348999023, 1227.3333740234375)
[cdp]   [cdp_publish] Warning: note like click did not activate. state_before=False state_after=False likeRoot.class=like-wrapper like-active visual_before={'className': 'like-wrapper like-active', 'ariaPressed': '', 'color': 'rgb(51, 51, 51)', 'svgColor': 'rgb(51, 51, 51)', 'svgHtml': '<span data-v-9403e00c="" class="like-lottie" style="width: 24px; height: 24px;"></span>'} visual_after={'className': 'like-wrapper like-active', 'ariaPressed': '', 'color': 'rgb(51, 51, 51)', 'svgColor': 'rgb(51, 51, 51)', 'svgHtml': '<span data-v-9403e00c="" class="like-lottie" style="width: 24px; height: 24px;"></span>'}
[cdp]   [cdp_publish] Warning: upvote on same page failed. payload={'success': False, 'changed': False, 'state_before': False, 'state_after': False}
[cdp]   POST_COMMENT_RESULT:
[ok] post done (23/68)
[wait] 72s (~1.2min, random 60-120s)
[queue] pop feedId=6a1f6585000000003700eb84 remaining=1 title=游戏安利 ｜策略解谜神作《魔塔50层》
[skip-low] 游戏安利 ｜策略解谜神作《魔塔50层》 comments=2
[queue] pop feedId=6a43c1d00000000007024d47 remaining=0 title=着迷地玩了俩小时数独推理！！
[skip-low] 着迷地玩了俩小时数独推理！！ comments=4
[queue] empty refilling keyword=解谜游戏 sort=最新 task=8/42 empty_streak=0 seen_feeds=559
[search-wait] 7s before keyword=解谜游戏 sort=最新
[cdp] spawn timeout=180s cmd=--reuse-existing-tab search-feeds --keyword 解谜游戏 --sort-by 最新 --publish-time 半年内 --search-scrolls 4
[cdp] done exit=0 elapsed=13.0s stdout=482817 stderr=0
[search-filter] keyword=解谜游戏 sort=最新 scrolls=4 {'low_relevance': 37, 'bad_publish_date': 1, 'not_note': 6, 'bad_title': 7, 'dup_or_empty_id': 48, 'already_commented': 6}
[search] keyword=解谜游戏 sort=最新 raw=125 skipped=105 usable=20 queued=20 rate_limited=False
[queue] loaded 20 candidates, will post one-by-one before next search
[queue] pop feedId=6a56046f00000000160266c4 remaining=19 title=三万人看过的解谜游戏推荐来啦！！
[skip-low] 三万人看过的解谜游戏推荐来啦！！ comments=0
[queue] pop feedId=6a530fb40000000017008e84 remaining=18 title=iOS免费解谜游戏推荐
[skip-low] iOS免费解谜游戏推荐 comments=5
[queue] pop feedId=6a4d23ef000000001702bb3c remaining=17 title=免费！摸鱼好搭子！网页解谜游戏推荐2
[skip-low] 免费！摸鱼好搭子！网页解谜游戏推荐2 comments=6
[queue] pop feedId=6a42adc8000000001702b8a9 remaining=16 title=魔幻现实主题类奥波拉丁解谜推理游戏
[skip-low] 魔幻现实主题类奥波拉丁解谜推理游戏 comments=9
[queue] pop feedId=6a59d30e000000000f03c334 remaining=15 title=iOS游戏推荐
[skip-low] iOS游戏推荐 comments=5
[queue] pop feedId=6a5b0627000000000c0152ed remaining=14 title=网页解谜游戏丨脑中神探（攻略篇上）
[skip-low] 网页解谜游戏丨脑中神探（攻略篇上） comments=0
[queue] pop feedId=6a57a0b3000000000803d884 remaining=13 title=我做的AI+网页解谜游戏，Demo诚邀试玩
[skip-low] 我做的AI+网页解谜游戏，Demo诚邀试玩 comments=10
[queue] pop feedId=6a52500100000000170281f7 remaining=12 title=《锈湖全系列》来啦！大萨达务必游戏推荐
[skip-low] 《锈湖全系列》来啦！大萨达务必游戏推荐 comments=0
[queue] pop feedId=6a52432b0000000011018d14 remaining=11 title=经典解谜游戏锈湖合集来啦！（安卓直装）
[skip-low] 经典解谜游戏锈湖合集来啦！（安卓直装） comments=0
[queue] pop feedId=6a5197990000000021020cbc remaining=10 title=🔥画中世界｜超美超好玩的解谜游戏
[skip-low] 🔥画中世界｜超美超好玩的解谜游戏 comments=0
[queue] pop feedId=6a4b1a2c0000000008031909 remaining=9 title=锈湖全系列18部合集，暗黑烧脑解谜天花板。
[skip-low] 锈湖全系列18部合集，暗黑烧脑解谜天花板。 comments=0
[queue] pop feedId=6a479939000000000702aa05 remaining=8 title=【绣湖】安卓解谜游戏20部
[skip-low] 【绣湖】安卓解谜游戏20部 comments=0
[queue] pop feedId=6a43d781000000002103ed63 remaining=7 title=和AI一起玩的解谜游戏
[skip-low] 和AI一起玩的解谜游戏 comments=3
[queue] pop feedId=6a4008ce000000000f028395 remaining=6 title=这个解谜游戏很好玩，快来玩，求求了
[plan] #24 keyword=解谜游戏 title=这个解谜游戏很好玩，快来玩，求求了 comments=19 age=21d score=4 msg=20/烧脑卡关 match=5
[post] attempt feedId=6a4008ce000000000f028395 contentLen=46 also_upvote=1
[cdp] spawn timeout=120s cmd=--reuse-existing-tab post-comment-to-feed --feed-id 6a4008ce000000000f028395 --xsec-token(46chars) --content(46chars) --also-upvote
[cdp] done exit=0 elapsed=11.3s stdout=2313 stderr=0
[upvote-warn] feedId=6a4008ce000000000f028395 comment ok but like not confirmed upvote={'success': False, 'changed': False, 'state_before': False, 'state_after': False}
[post] success feedId=6a4008ce000000000f028395
[cdp] phase=post-ok exit=0 feedId=6a4008ce000000000f028395
[cdp] cmd=--reuse-existing-tab post-comment-to-feed --feed-id 6a4008ce000000000f028395 --xsec-token(46chars) --content(46chars) --also-upvote
[cdp]   [cdp_publish] Login cache: enabled (ttl=12h).
[cdp]   [cdp_publish] Tab selection mode: prefer reusing existing tab.
[cdp]   [cdp_publish] Reusing existing tab to reduce focus switching: https://www.xiaohongshu.com/search_result?keyword=%E8%A7%A3%E8%B0%9C%E6%B8%B8%E6%88%8F&source=web_explore_feed&type=51
[cdp]   [cdp_publish] Connecting to ws://127.0.0.1:9222/devtools/page/3C92B42E311A9DEE022F324DEA9EA345
[cdp]   [cdp_publish] Connected to Chrome tab.
[cdp]   [cdp_publish] Using cached login status (home, age=72m, ttl=12h).
[cdp]   [cdp_publish] Home login confirmed (cached).
[cdp]   [cdp_publish] Navigating to https://www.xiaohongshu.com/explore/6a4008ce000000000f028395?xsec_token=ABdBJuqvdaje7PzN9t-Xn7Hly-se6LgGbLVBrrdM2M0pM=&xsec_source=pc_feed
[cdp]   [cdp_publish] Clicking comment input box at (806, 1227)...
[cdp]   [cdp_publish] Clicking comment submit button at (998, 1227)...
[cdp]   [cdp_publish] Comment posted. feed_id=6a4008ce000000000f028395, length=47
[cdp]   [cdp_publish] Clicking note like in interact bar at (893, 1227) hint=interact-container .like-wrapper target=SPAN bar=interactions engage-bar top=1215.3333740234375 left=872.6058349609375 viewport={'w': 1254, 'h': 1287}
[cdp]   [cdp_publish] JS click on like-wrapper, class_after=like-wrapper like-active at=(906.9235458374023, 1227.3333740234375)
[cdp]   [cdp_publish] Warning: note like click did not activate. state_before=False state_after=False likeRoot.class=like-wrapper like-active visual_before={'className': 'like-wrapper like-active', 'ariaPressed': '', 'color': 'rgb(51, 51, 51)', 'svgColor': 'rgb(51, 51, 51)', 'svgHtml': '<span data-v-9403e00c="" class="like-lottie" style="width: 24px; height: 24px;"></span>'} visual_after={'className': 'like-wrapper like-active', 'ariaPressed': '', 'color': 'rgb(51, 51, 51)', 'svgColor': 'rgb(51, 51, 51)', 'svgHtml': '<span data-v-9403e00c="" class="like-lottie" style="width: 24px; height: 24px;"></span>'}
[cdp]   [cdp_publish] Warning: upvote on same page failed. payload={'success': False, 'changed': False, 'state_before': False, 'state_after': False}
[cdp]   POST_COMMENT_RESULT:
[ok] post done (24/68)
[wait] 90s (~1.5min, random 60-120s)
[queue] pop feedId=6a4134b20000000022014802 remaining=5 title=小白做的网页探案小游戏！
[skip-low] 小白做的网页探案小游戏！ comments=8
[queue] pop feedId=6a4ba9d800000000070129f7 remaining=4 title=【网页解谜】亖去半年的表姐邀请我参加婚礼
[plan] #25 keyword=解谜游戏 title=【网页解谜】亖去半年的表姐邀请我参加婚礼 comments=166 age=4d score=2 msg=20/烧脑卡关 match=5
[post] attempt feedId=6a4ba9d800000000070129f7 contentLen=46 also_upvote=1
[cdp] spawn timeout=120s cmd=--reuse-existing-tab post-comment-to-feed --feed-id 6a4ba9d800000000070129f7 --xsec-token(46chars) --content(46chars) --also-upvote
[cdp] done exit=0 elapsed=10.5s stdout=2334 stderr=0
[upvote-warn] feedId=6a4ba9d800000000070129f7 comment ok but like not confirmed upvote={'success': False, 'changed': False, 'state_before': False, 'state_after': False}
[post] success feedId=6a4ba9d800000000070129f7
[cdp] phase=post-ok exit=0 feedId=6a4ba9d800000000070129f7
[cdp] cmd=--reuse-existing-tab post-comment-to-feed --feed-id 6a4ba9d800000000070129f7 --xsec-token(46chars) --content(46chars) --also-upvote
[cdp]   [cdp_publish] Login cache: enabled (ttl=12h).
[cdp]   [cdp_publish] Tab selection mode: prefer reusing existing tab.
[cdp]   [cdp_publish] Reusing existing tab to reduce focus switching: https://www.xiaohongshu.com/explore/6a4008ce000000000f028395?xsec_token=ABdBJuqvdaje7PzN9t-Xn7Hly-se6LgGbLVBrrdM2M0pM=&xsec_source=pc_feed
[cdp]   [cdp_publish] Connecting to ws://127.0.0.1:9222/devtools/page/3C92B42E311A9DEE022F324DEA9EA345
[cdp]   [cdp_publish] Connected to Chrome tab.
[cdp]   [cdp_publish] Using cached login status (home, age=74m, ttl=12h).
[cdp]   [cdp_publish] Home login confirmed (cached).
[cdp]   [cdp_publish] Navigating to https://www.xiaohongshu.com/explore/6a4ba9d800000000070129f7?xsec_token=ABb7xDrbHvEmWUWtszZwlRKBuKqVAJSFloWNPWS9D-FJI=&xsec_source=pc_feed
[cdp]   [cdp_publish] Clicking comment input box at (835, 1227)...
[cdp]   [cdp_publish] Clicking comment submit button at (1046, 1227)...
[cdp]   [cdp_publish] Comment posted. feed_id=6a4ba9d800000000070129f7, length=47
[cdp]   [cdp_publish] Clicking note like in interact bar at (908, 1227) hint=interact-container .like-wrapper target=SPAN bar=interactions engage-bar top=1215.3333740234375 left=887.6771240234375 viewport={'w': 1254, 'h': 1287}
[cdp]   [cdp_publish] JS click on like-wrapper, class_after=like-wrapper like-active at=(926.0989990234375, 1227.3333740234375)
[cdp]   [cdp_publish] Warning: note like click did not activate. state_before=False state_after=False likeRoot.class=like-wrapper like-active visual_before={'className': 'like-wrapper like-active', 'ariaPressed': '', 'color': 'rgb(51, 51, 51)', 'svgColor': 'rgb(51, 51, 51)', 'svgHtml': '<span data-v-9403e00c="" class="like-lottie" style="width: 24px; height: 24px;"></span>'} visual_after={'className': 'like-wrapper like-active', 'ariaPressed': '', 'color': 'rgb(51, 51, 51)', 'svgColor': 'rgb(51, 51, 51)', 'svgHtml': '<span data-v-9403e00c="" class="like-lottie" style="width: 24px; height: 24px;"></span>'}
[cdp]   [cdp_publish] Warning: upvote on same page failed. payload={'success': False, 'changed': False, 'state_before': False, 'state_after': False}
[cdp]   POST_COMMENT_RESULT:
[ok] post done (25/68)
[wait] 92s (~1.5min, random 60-120s)
[queue] pop feedId=6a54ad1e0000000006032a03 remaining=3 title=解锁建筑：解谜之塔影密语
[skip-low] 解锁建筑：解谜之塔影密语 comments=8
[queue] pop feedId=6a4f07ef000000002101727b remaining=2 title=新游上线✨悬疑解谜《消失的航线》
[plan] #26 keyword=解谜游戏 title=新游上线✨悬疑解谜《消失的航线》 comments=14 age=10d score=2 msg=20/烧脑卡关 match=5
[post] attempt feedId=6a4f07ef000000002101727b contentLen=46 also_upvote=1
[cdp] spawn timeout=120s cmd=--reuse-existing-tab post-comment-to-feed --feed-id 6a4f07ef000000002101727b --xsec-token(46chars) --content(46chars) --also-upvote
[cdp] done exit=0 elapsed=11.5s stdout=2326 stderr=0
[upvote-warn] feedId=6a4f07ef000000002101727b comment ok but like not confirmed upvote={'success': False, 'changed': False, 'state_before': False, 'state_after': False}
[post] success feedId=6a4f07ef000000002101727b
[cdp] phase=post-ok exit=0 feedId=6a4f07ef000000002101727b
[cdp] cmd=--reuse-existing-tab post-comment-to-feed --feed-id 6a4f07ef000000002101727b --xsec-token(46chars) --content(46chars) --also-upvote
[cdp]   [cdp_publish] Login cache: enabled (ttl=12h).
[cdp]   [cdp_publish] Tab selection mode: prefer reusing existing tab.
[cdp]   [cdp_publish] Reusing existing tab to reduce focus switching: https://www.xiaohongshu.com/explore/6a4ba9d800000000070129f7?xsec_token=ABb7xDrbHvEmWUWtszZwlRKBuKqVAJSFloWNPWS9D-FJI=&xsec_source=pc_feed
[cdp]   [cdp_publish] Connecting to ws://127.0.0.1:9222/devtools/page/3C92B42E311A9DEE022F324DEA9EA345
[cdp]   [cdp_publish] Connected to Chrome tab.
[cdp]   [cdp_publish] Using cached login status (home, age=76m, ttl=12h).
[cdp]   [cdp_publish] Home login confirmed (cached).
[cdp]   [cdp_publish] Navigating to https://www.xiaohongshu.com/explore/6a4f07ef000000002101727b?xsec_token=ABuwcGkRpPIjq1T8xBjajU_EZSQddrwFGLH4nhnQwdhK8=&xsec_source=pc_feed
[cdp]   [cdp_publish] Clicking comment input box at (854, 1227)...
[cdp]   [cdp_publish] Clicking comment submit button at (1046, 1227)...
[cdp]   [cdp_publish] Comment posted. feed_id=6a4f07ef000000002101727b, length=47
[cdp]   [cdp_publish] Clicking note like in interact bar at (949, 1227) hint=interact-container .like-wrapper target=SPAN bar=interactions engage-bar top=1215.3333740234375 left=928.71875 viewport={'w': 1254, 'h': 1287}
[cdp]   [cdp_publish] JS click on like-wrapper, class_after=like-wrapper like-active at=(958.9322929382324, 1227.3333740234375)
[cdp]   [cdp_publish] Warning: note like click did not activate. state_before=False state_after=False likeRoot.class=like-wrapper like-active visual_before={'className': 'like-wrapper like-active', 'ariaPressed': '', 'color': 'rgb(51, 51, 51)', 'svgColor': 'rgb(51, 51, 51)', 'svgHtml': '<span data-v-9403e00c="" class="like-lottie" style="width: 24px; height: 24px;"></span>'} visual_after={'className': 'like-wrapper like-active', 'ariaPressed': '', 'color': 'rgb(51, 51, 51)', 'svgColor': 'rgb(51, 51, 51)', 'svgHtml': '<span data-v-9403e00c="" class="like-lottie" style="width: 24px; height: 24px;"></span>'}
[cdp]   [cdp_publish] Warning: upvote on same page failed. payload={'success': False, 'changed': False, 'state_before': False, 'state_after': False}
[cdp]   POST_COMMENT_RESULT:
[ok] post done (26/68)
[wait] 119s (~2.0min, random 60-120s)
[queue] pop feedId=6a4e4023000000000f014978 remaining=1 title=加了网页解谜里的qq结果真的收到了
[skip-low] 加了网页解谜里的qq结果真的收到了 comments=1
[queue] pop feedId=6a4a6b2c000000001101f36e remaining=0 title=一款让我边笑边崩溃的驾驶解谜🚗
[skip-low] 一款让我边笑边崩溃的驾驶解谜🚗 comments=2
[queue] empty refilling keyword=游戏推荐 sort=综合 task=9/42 empty_streak=0 seen_feeds=630
[search-wait] 7s before keyword=游戏推荐 sort=综合
[cdp] spawn timeout=180s cmd=--reuse-existing-tab search-feeds --keyword 游戏推荐 --sort-by 综合 --publish-time 半年内 --search-scrolls 4
[cdp] done exit=0 elapsed=12.7s stdout=264918 stderr=0
[search-filter] keyword=游戏推荐 sort=综合 scrolls=4 {'low_relevance': 19, 'dup_or_empty_id': 19, 'bad_publish_date': 6, 'not_note': 6, 'bad_title': 32, 'already_commented': 26, 'too_old': 4}
[search] keyword=游戏推荐 sort=综合 raw=126 skipped=112 usable=14 queued=14 rate_limited=False
[queue] loaded 14 candidates, will post one-by-one before next search
[queue] pop feedId=6a5a4a3b0000000013027350 remaining=13 title=《百变提托》双人冒险的奇幻变身！游戏推荐
[plan] #27 keyword=游戏推荐 title=《百变提托》双人冒险的奇幻变身！游戏推荐 comments=20 age=1d score=4 msg=1/求推荐 match=7
[post] attempt feedId=6a5a4a3b0000000013027350 contentLen=55 also_upvote=1
[cdp] spawn timeout=120s cmd=--reuse-existing-tab post-comment-to-feed --feed-id 6a5a4a3b0000000013027350 --xsec-token(46chars) --content(55chars) --also-upvote
[cdp] done exit=0 elapsed=11.9s stdout=2314 stderr=0
[upvote-warn] feedId=6a5a4a3b0000000013027350 comment ok but like not confirmed upvote={'success': False, 'changed': False, 'state_before': False, 'state_after': False}
[post] success feedId=6a5a4a3b0000000013027350
[cdp] phase=post-ok exit=0 feedId=6a5a4a3b0000000013027350
[cdp] cmd=--reuse-existing-tab post-comment-to-feed --feed-id 6a5a4a3b0000000013027350 --xsec-token(46chars) --content(55chars) --also-upvote
[cdp]   [cdp_publish] Login cache: enabled (ttl=12h).
[cdp]   [cdp_publish] Tab selection mode: prefer reusing existing tab.
[cdp]   [cdp_publish] Reusing existing tab to reduce focus switching: https://www.xiaohongshu.com/search_result?keyword=%E6%B8%B8%E6%88%8F%E6%8E%A8%E8%8D%90&source=web_explore_feed&type=51
[cdp]   [cdp_publish] Connecting to ws://127.0.0.1:9222/devtools/page/3C92B42E311A9DEE022F324DEA9EA345
[cdp]   [cdp_publish] Connected to Chrome tab.
[cdp]   [cdp_publish] Using cached login status (home, age=78m, ttl=12h).
[cdp]   [cdp_publish] Home login confirmed (cached).
[cdp]   [cdp_publish] Navigating to https://www.xiaohongshu.com/explore/6a5a4a3b0000000013027350?xsec_token=ABtRLV1FjpOQQ6kbKPgqrOrA0ajeeOttNRh1QfXf98WP4=&xsec_source=pc_feed
[cdp]   [cdp_publish] Clicking comment input box at (854, 1227)...
[cdp]   [cdp_publish] Clicking comment submit button at (1046, 1227)...
[cdp]   [cdp_publish] Comment posted. feed_id=6a5a4a3b0000000013027350, length=55
[cdp]   [cdp_publish] Clicking note like in interact bar at (941, 1227) hint=interact-container .like-wrapper target=SPAN bar=interactions engage-bar top=1215.3333740234375 left=920.5104370117188 viewport={'w': 1254, 'h': 1287}
[cdp]   [cdp_publish] JS click on like-wrapper, class_after=like-wrapper like-active at=(954.8281478881836, 1227.3333740234375)
[cdp]   [cdp_publish] Warning: note like click did not activate. state_before=False state_after=False likeRoot.class=like-wrapper like-active visual_before={'className': 'like-wrapper like-active', 'ariaPressed': '', 'color': 'rgb(51, 51, 51)', 'svgColor': 'rgb(51, 51, 51)', 'svgHtml': '<span data-v-9403e00c="" class="like-lottie" style="width: 24px; height: 24px;"></span>'} visual_after={'className': 'like-wrapper like-active', 'ariaPressed': '', 'color': 'rgb(51, 51, 51)', 'svgColor': 'rgb(51, 51, 51)', 'svgHtml': '<span data-v-9403e00c="" class="like-lottie" style="width: 24px; height: 24px;"></span>'}
[cdp]   [cdp_publish] Warning: upvote on same page failed. payload={'success': False, 'changed': False, 'state_before': False, 'state_after': False}
[cdp]   POST_COMMENT_RESULT:
[ok] post done (27/68)
[wait] 74s (~1.2min, random 60-120s)
[queue] pop feedId=6a5721bc0000000011015f5d remaining=12 title=有没有游戏推荐，苹果手机可以下载的
[plan] #28 keyword=游戏推荐 title=有没有游戏推荐，苹果手机可以下载的 comments=25 age=4d score=4 msg=1/求推荐 match=12
[post] attempt feedId=6a5721bc0000000011015f5d contentLen=55 also_upvote=1
[cdp] spawn timeout=120s cmd=--reuse-existing-tab post-comment-to-feed --feed-id 6a5721bc0000000011015f5d --xsec-token(46chars) --content(55chars) --also-upvote
[cdp] done exit=0 elapsed=11.0s stdout=2334 stderr=0
[upvote-warn] feedId=6a5721bc0000000011015f5d comment ok but like not confirmed upvote={'success': False, 'changed': False, 'state_before': False, 'state_after': False}
[post] success feedId=6a5721bc0000000011015f5d
[cdp] phase=post-ok exit=0 feedId=6a5721bc0000000011015f5d
[cdp] cmd=--reuse-existing-tab post-comment-to-feed --feed-id 6a5721bc0000000011015f5d --xsec-token(46chars) --content(55chars) --also-upvote
[cdp]   [cdp_publish] Login cache: enabled (ttl=12h).
[cdp]   [cdp_publish] Tab selection mode: prefer reusing existing tab.
[cdp]   [cdp_publish] Reusing existing tab to reduce focus switching: https://www.xiaohongshu.com/explore/6a5a4a3b0000000013027350?xsec_token=ABtRLV1FjpOQQ6kbKPgqrOrA0ajeeOttNRh1QfXf98WP4=&xsec_source=pc_feed
[cdp]   [cdp_publish] Connecting to ws://127.0.0.1:9222/devtools/page/3C92B42E311A9DEE022F324DEA9EA345
[cdp]   [cdp_publish] Connected to Chrome tab.
[cdp]   [cdp_publish] Using cached login status (home, age=80m, ttl=12h).
[cdp]   [cdp_publish] Home login confirmed (cached).
[cdp]   [cdp_publish] Navigating to https://www.xiaohongshu.com/explore/6a5721bc0000000011015f5d?xsec_token=ABZIZHoYD7gzNDo590xj4gXnmOuZLWcMvuTTDXJlUA9yI=&xsec_source=pc_feed
[cdp]   [cdp_publish] Clicking comment input box at (854, 1227)...
[cdp]   [cdp_publish] Clicking comment submit button at (1046, 1227)...
[cdp]   [cdp_publish] Comment posted. feed_id=6a5721bc0000000011015f5d, length=55
[cdp]   [cdp_publish] Clicking note like in interact bar at (965, 1227) hint=interact-container .like-wrapper target=SPAN bar=interactions engage-bar top=1215.3333740234375 left=945.1354370117188 viewport={'w': 1254, 'h': 1287}
[cdp]   [cdp_publish] JS click on like-wrapper, class_after=like-wrapper like-active at=(971.2448120117188, 1227.3333740234375)
[cdp]   [cdp_publish] Warning: note like click did not activate. state_before=False state_after=False likeRoot.class=like-wrapper like-active visual_before={'className': 'like-wrapper like-active', 'ariaPressed': '', 'color': 'rgb(51, 51, 51)', 'svgColor': 'rgb(51, 51, 51)', 'svgHtml': '<span data-v-9403e00c="" class="like-lottie" style="width: 24px; height: 24px;"></span>'} visual_after={'className': 'like-wrapper like-active', 'ariaPressed': '', 'color': 'rgb(51, 51, 51)', 'svgColor': 'rgb(51, 51, 51)', 'svgHtml': '<span data-v-9403e00c="" class="like-lottie" style="width: 24px; height: 24px;"></span>'}
[cdp]   [cdp_publish] Warning: upvote on same page failed. payload={'success': False, 'changed': False, 'state_before': False, 'state_after': False}
[cdp]   POST_COMMENT_RESULT:
[ok] post done (28/68)
[wait] 69s (~1.1min, random 60-120s)
[queue] pop feedId=6a54bbaf000000000f02b6ac remaining=11 title=求游戏推荐
[plan] #29 keyword=游戏推荐 title=求游戏推荐 comments=697 age=5d score=4 msg=1/求推荐 match=9
[post] attempt feedId=6a54bbaf000000000f02b6ac contentLen=55 also_upvote=1
[cdp] spawn timeout=120s cmd=--reuse-existing-tab post-comment-to-feed --feed-id 6a54bbaf000000000f02b6ac --xsec-token(46chars) --content(55chars) --also-upvote
[cdp] done exit=0 elapsed=11.8s stdout=2326 stderr=0
[upvote-warn] feedId=6a54bbaf000000000f02b6ac comment ok but like not confirmed upvote={'success': False, 'changed': False, 'state_before': False, 'state_after': False}
[post] success feedId=6a54bbaf000000000f02b6ac
[cdp] phase=post-ok exit=0 feedId=6a54bbaf000000000f02b6ac
[cdp] cmd=--reuse-existing-tab post-comment-to-feed --feed-id 6a54bbaf000000000f02b6ac --xsec-token(46chars) --content(55chars) --also-upvote
[cdp]   [cdp_publish] Login cache: enabled (ttl=12h).
[cdp]   [cdp_publish] Tab selection mode: prefer reusing existing tab.
[cdp]   [cdp_publish] Reusing existing tab to reduce focus switching: https://www.xiaohongshu.com/explore/6a5721bc0000000011015f5d?xsec_token=ABZIZHoYD7gzNDo590xj4gXnmOuZLWcMvuTTDXJlUA9yI=&xsec_source=pc_feed
[cdp]   [cdp_publish] Connecting to ws://127.0.0.1:9222/devtools/page/3C92B42E311A9DEE022F324DEA9EA345
[cdp]   [cdp_publish] Connected to Chrome tab.
[cdp]   [cdp_publish] Using cached login status (home, age=81m, ttl=12h).
[cdp]   [cdp_publish] Home login confirmed (cached).
[cdp]   [cdp_publish] Navigating to https://www.xiaohongshu.com/explore/6a54bbaf000000000f02b6ac?xsec_token=ABdaTAdFTlq1Ntqy8uPL7hJbAOSgp3dkrUEfdgBjeqKfM=&xsec_source=pc_feed
[cdp]   [cdp_publish] Clicking comment input box at (854, 1227)...
[cdp]   [cdp_publish] Clicking comment submit button at (1046, 1227)...
[cdp]   [cdp_publish] Comment posted. feed_id=6a54bbaf000000000f02b6ac, length=55
[cdp]   [cdp_publish] Clicking note like in interact bar at (924, 1227) hint=interact-container .like-wrapper target=SPAN bar=interactions engage-bar top=1215.3333740234375 left=904.09375 viewport={'w': 1254, 'h': 1287}
[cdp]   [cdp_publish] JS click on like-wrapper, class_after=like-wrapper like-active at=(938.4114608764648, 1227.3333740234375)
[cdp]   [cdp_publish] Warning: note like click did not activate. state_before=False state_after=False likeRoot.class=like-wrapper like-active visual_before={'className': 'like-wrapper like-active', 'ariaPressed': '', 'color': 'rgb(51, 51, 51)', 'svgColor': 'rgb(51, 51, 51)', 'svgHtml': '<span data-v-9403e00c="" class="like-lottie" style="width: 24px; height: 24px;"></span>'} visual_after={'className': 'like-wrapper like-active', 'ariaPressed': '', 'color': 'rgb(51, 51, 51)', 'svgColor': 'rgb(51, 51, 51)', 'svgHtml': '<span data-v-9403e00c="" class="like-lottie" style="width: 24px; height: 24px;"></span>'}
[cdp]   [cdp_publish] Warning: upvote on same page failed. payload={'success': False, 'changed': False, 'state_before': False, 'state_after': False}
[cdp]   POST_COMMENT_RESULT:
[ok] post done (29/68)
[wait] 104s (~1.7min, random 60-120s)
[queue] pop feedId=6a532b4e0000000022017169 remaining=10 title=有推荐女孩子玩的游戏吗
[plan] #30 keyword=游戏推荐 title=有推荐女孩子玩的游戏吗 comments=39 age=7d score=4 msg=1/求推荐 match=7
[post] attempt feedId=6a532b4e0000000022017169 contentLen=55 also_upvote=1
[cdp] spawn timeout=120s cmd=--reuse-existing-tab post-comment-to-feed --feed-id 6a532b4e0000000022017169 --xsec-token(46chars) --content(55chars) --also-upvote
[cdp] done exit=0 elapsed=10.8s stdout=2334 stderr=0
[upvote-warn] feedId=6a532b4e0000000022017169 comment ok but like not confirmed upvote={'success': False, 'changed': False, 'state_before': False, 'state_after': False}
[post] success feedId=6a532b4e0000000022017169
[cdp] phase=post-ok exit=0 feedId=6a532b4e0000000022017169
[cdp] cmd=--reuse-existing-tab post-comment-to-feed --feed-id 6a532b4e0000000022017169 --xsec-token(46chars) --content(55chars) --also-upvote
[cdp]   [cdp_publish] Login cache: enabled (ttl=12h).
[cdp]   [cdp_publish] Tab selection mode: prefer reusing existing tab.
[cdp]   [cdp_publish] Reusing existing tab to reduce focus switching: https://www.xiaohongshu.com/explore/6a54bbaf000000000f02b6ac?xsec_token=ABdaTAdFTlq1Ntqy8uPL7hJbAOSgp3dkrUEfdgBjeqKfM=&xsec_source=pc_feed
[cdp]   [cdp_publish] Connecting to ws://127.0.0.1:9222/devtools/page/3C92B42E311A9DEE022F324DEA9EA345
[cdp]   [cdp_publish] Connected to Chrome tab.
[cdp]   [cdp_publish] Using cached login status (home, age=83m, ttl=12h).
[cdp]   [cdp_publish] Home login confirmed (cached).
[cdp]   [cdp_publish] Navigating to https://www.xiaohongshu.com/explore/6a532b4e0000000022017169?xsec_token=ABJ3plvRwROb9sEFa05V5BKFReqWs26OpHBPXi11t7DXw=&xsec_source=pc_feed
[cdp]   [cdp_publish] Clicking comment input box at (854, 1227)...
[cdp]   [cdp_publish] Clicking comment submit button at (1046, 1227)...
[cdp]   [cdp_publish] Comment posted. feed_id=6a532b4e0000000022017169, length=55
[cdp]   [cdp_publish] Clicking note like in interact bar at (937, 1227) hint=interact-container .like-wrapper target=SPAN bar=interactions engage-bar top=1215.3333740234375 left=917.1458740234375 viewport={'w': 1254, 'h': 1287}
[cdp]   [cdp_publish] JS click on like-wrapper, class_after=like-wrapper like-active at=(947.3594169616699, 1227.3333740234375)
[cdp]   [cdp_publish] Warning: note like click did not activate. state_before=False state_after=False likeRoot.class=like-wrapper like-active visual_before={'className': 'like-wrapper like-active', 'ariaPressed': '', 'color': 'rgb(51, 51, 51)', 'svgColor': 'rgb(51, 51, 51)', 'svgHtml': '<span data-v-9403e00c="" class="like-lottie" style="width: 24px; height: 24px;"></span>'} visual_after={'className': 'like-wrapper like-active', 'ariaPressed': '', 'color': 'rgb(51, 51, 51)', 'svgColor': 'rgb(51, 51, 51)', 'svgHtml': '<span data-v-9403e00c="" class="like-lottie" style="width: 24px; height: 24px;"></span>'}
[cdp]   [cdp_publish] Warning: upvote on same page failed. payload={'success': False, 'changed': False, 'state_before': False, 'state_after': False}
[cdp]   POST_COMMENT_RESULT:
[ok] post done (30/68)
[wait] 91s (~1.5min, random 60-120s)
[queue] pop feedId=6a45ef29000000001c02702a remaining=9 title=有什么游戏推荐
[plan] #31 keyword=游戏推荐 title=有什么游戏推荐 comments=35 age=17d score=4 msg=1/求推荐 match=12
[post] attempt feedId=6a45ef29000000001c02702a contentLen=55 also_upvote=1
[cdp] spawn timeout=120s cmd=--reuse-existing-tab post-comment-to-feed --feed-id 6a45ef29000000001c02702a --xsec-token(46chars) --content(55chars) --also-upvote
[cdp] done exit=0 elapsed=11.5s stdout=2334 stderr=0
[upvote-warn] feedId=6a45ef29000000001c02702a comment ok but like not confirmed upvote={'success': False, 'changed': False, 'state_before': False, 'state_after': False}
[post] success feedId=6a45ef29000000001c02702a
[cdp] phase=post-ok exit=0 feedId=6a45ef29000000001c02702a
[cdp] cmd=--reuse-existing-tab post-comment-to-feed --feed-id 6a45ef29000000001c02702a --xsec-token(46chars) --content(55chars) --also-upvote
[cdp]   [cdp_publish] Login cache: enabled (ttl=12h).
[cdp]   [cdp_publish] Tab selection mode: prefer reusing existing tab.
[cdp]   [cdp_publish] Reusing existing tab to reduce focus switching: https://www.xiaohongshu.com/explore/6a532b4e0000000022017169?xsec_token=ABJ3plvRwROb9sEFa05V5BKFReqWs26OpHBPXi11t7DXw=&xsec_source=pc_feed
[cdp]   [cdp_publish] Connecting to ws://127.0.0.1:9222/devtools/page/3C92B42E311A9DEE022F324DEA9EA345
[cdp]   [cdp_publish] Connected to Chrome tab.
[cdp]   [cdp_publish] Using cached login status (home, age=85m, ttl=12h).
[cdp]   [cdp_publish] Home login confirmed (cached).
[cdp]   [cdp_publish] Navigating to https://www.xiaohongshu.com/explore/6a45ef29000000001c02702a?xsec_token=ABfMMOdunE4kQQfJ-KTdqQp61yB0eJh7QmWX4ZMsh5dDQ=&xsec_source=pc_feed
[cdp]   [cdp_publish] Clicking comment input box at (854, 1227)...
[cdp]   [cdp_publish] Clicking comment submit button at (1046, 1227)...
[cdp]   [cdp_publish] Comment posted. feed_id=6a45ef29000000001c02702a, length=55
[cdp]   [cdp_publish] Clicking note like in interact bar at (945, 1227) hint=interact-container .like-wrapper target=SPAN bar=interactions engage-bar top=1215.3333740234375 left=925.3541870117188 viewport={'w': 1254, 'h': 1287}
[cdp]   [cdp_publish] JS click on like-wrapper, class_after=like-wrapper like-active at=(951.4635620117188, 1227.3333740234375)
[cdp]   [cdp_publish] Warning: note like click did not activate. state_before=False state_after=False likeRoot.class=like-wrapper like-active visual_before={'className': 'like-wrapper like-active', 'ariaPressed': '', 'color': 'rgb(51, 51, 51)', 'svgColor': 'rgb(51, 51, 51)', 'svgHtml': '<span data-v-9403e00c="" class="like-lottie" style="width: 24px; height: 24px;"></span>'} visual_after={'className': 'like-wrapper like-active', 'ariaPressed': '', 'color': 'rgb(51, 51, 51)', 'svgColor': 'rgb(51, 51, 51)', 'svgHtml': '<span data-v-9403e00c="" class="like-lottie" style="width: 24px; height: 24px;"></span>'}
[cdp]   [cdp_publish] Warning: upvote on same page failed. payload={'success': False, 'changed': False, 'state_before': False, 'state_after': False}
[cdp]   POST_COMMENT_RESULT:
[ok] post done (31/68)
[wait] 117s (~1.9min, random 60-120s)
[queue] pop feedId=6a44e8e3000000001503d9dc remaining=8 title=游戏推荐
[plan] #32 keyword=游戏推荐 title=游戏推荐 comments=34 age=18d score=4 msg=1/求推荐 match=7
[post] attempt feedId=6a44e8e3000000001503d9dc contentLen=55 also_upvote=1
[cdp] spawn timeout=120s cmd=--reuse-existing-tab post-comment-to-feed --feed-id 6a44e8e3000000001503d9dc --xsec-token(46chars) --content(55chars) --also-upvote
[cdp] done exit=0 elapsed=11.2s stdout=2334 stderr=0
[upvote-warn] feedId=6a44e8e3000000001503d9dc comment ok but like not confirmed upvote={'success': False, 'changed': False, 'state_before': False, 'state_after': False}
[post] success feedId=6a44e8e3000000001503d9dc
[cdp] phase=post-ok exit=0 feedId=6a44e8e3000000001503d9dc
[cdp] cmd=--reuse-existing-tab post-comment-to-feed --feed-id 6a44e8e3000000001503d9dc --xsec-token(46chars) --content(55chars) --also-upvote
[cdp]   [cdp_publish] Login cache: enabled (ttl=12h).
[cdp]   [cdp_publish] Tab selection mode: prefer reusing existing tab.
[cdp]   [cdp_publish] Reusing existing tab to reduce focus switching: https://www.xiaohongshu.com/explore/6a45ef29000000001c02702a?xsec_token=ABfMMOdunE4kQQfJ-KTdqQp61yB0eJh7QmWX4ZMsh5dDQ=&xsec_source=pc_feed
[cdp]   [cdp_publish] Connecting to ws://127.0.0.1:9222/devtools/page/3C92B42E311A9DEE022F324DEA9EA345
[cdp]   [cdp_publish] Connected to Chrome tab.
[cdp]   [cdp_publish] Using cached login status (home, age=87m, ttl=12h).
[cdp]   [cdp_publish] Home login confirmed (cached).
[cdp]   [cdp_publish] Navigating to https://www.xiaohongshu.com/explore/6a44e8e3000000001503d9dc?xsec_token=ABz5qyJXIwFL-2gjvqVE5IKbdbVrcA9-SCMUkm44GVk1g=&xsec_source=pc_feed
[cdp]   [cdp_publish] Clicking comment input box at (854, 1227)...
[cdp]   [cdp_publish] Clicking comment submit button at (1046, 1227)...
[cdp]   [cdp_publish] Comment posted. feed_id=6a44e8e3000000001503d9dc, length=55
[cdp]   [cdp_publish] Clicking note like in interact bar at (945, 1227) hint=interact-container .like-wrapper target=SPAN bar=interactions engage-bar top=1215.3333740234375 left=925.3541870117188 viewport={'w': 1254, 'h': 1287}
[cdp]   [cdp_publish] JS click on like-wrapper, class_after=like-wrapper like-active at=(951.4635620117188, 1227.3333740234375)
[cdp]   [cdp_publish] Warning: note like click did not activate. state_before=False state_after=False likeRoot.class=like-wrapper like-active visual_before={'className': 'like-wrapper like-active', 'ariaPressed': '', 'color': 'rgb(51, 51, 51)', 'svgColor': 'rgb(51, 51, 51)', 'svgHtml': '<span data-v-9403e00c="" class="like-lottie" style="width: 24px; height: 24px;"></span>'} visual_after={'className': 'like-wrapper like-active', 'ariaPressed': '', 'color': 'rgb(51, 51, 51)', 'svgColor': 'rgb(51, 51, 51)', 'svgHtml': '<span data-v-9403e00c="" class="like-lottie" style="width: 24px; height: 24px;"></span>'}
[cdp]   [cdp_publish] Warning: upvote on same page failed. payload={'success': False, 'changed': False, 'state_before': False, 'state_after': False}
[cdp]   POST_COMMENT_RESULT:
[ok] post done (32/68)
[wait] 112s (~1.9min, random 60-120s)
[queue] pop feedId=6a4216e0000000001700b1a0 remaining=7 title=没有游戏玩了，求推荐
[plan] #33 keyword=游戏推荐 title=没有游戏玩了，求推荐 comments=31 age=20d score=4 msg=1/求推荐 match=12
[post] attempt feedId=6a4216e0000000001700b1a0 contentLen=55 also_upvote=1
[cdp] spawn timeout=120s cmd=--reuse-existing-tab post-comment-to-feed --feed-id 6a4216e0000000001700b1a0 --xsec-token(46chars) --content(55chars) --also-upvote
[cdp] done exit=0 elapsed=10.8s stdout=2334 stderr=0
[upvote-warn] feedId=6a4216e0000000001700b1a0 comment ok but like not confirmed upvote={'success': False, 'changed': False, 'state_before': False, 'state_after': False}
[post] success feedId=6a4216e0000000001700b1a0
[cdp] phase=post-ok exit=0 feedId=6a4216e0000000001700b1a0
[cdp] cmd=--reuse-existing-tab post-comment-to-feed --feed-id 6a4216e0000000001700b1a0 --xsec-token(46chars) --content(55chars) --also-upvote
[cdp]   [cdp_publish] Login cache: enabled (ttl=12h).
[cdp]   [cdp_publish] Tab selection mode: prefer reusing existing tab.
[cdp]   [cdp_publish] Reusing existing tab to reduce focus switching: https://www.xiaohongshu.com/explore/6a44e8e3000000001503d9dc?xsec_token=ABz5qyJXIwFL-2gjvqVE5IKbdbVrcA9-SCMUkm44GVk1g=&xsec_source=pc_feed
[cdp]   [cdp_publish] Connecting to ws://127.0.0.1:9222/devtools/page/3C92B42E311A9DEE022F324DEA9EA345
[cdp]   [cdp_publish] Connected to Chrome tab.
[cdp]   [cdp_publish] Using cached login status (home, age=89m, ttl=12h).
[cdp]   [cdp_publish] Home login confirmed (cached).
[cdp]   [cdp_publish] Navigating to https://www.xiaohongshu.com/explore/6a4216e0000000001700b1a0?xsec_token=ABZQ7O8OkMpkPT19tiz3R8oZZGqgB9ZOPdl9xin3PBeD4=&xsec_source=pc_feed
[cdp]   [cdp_publish] Clicking comment input box at (854, 1227)...
[cdp]   [cdp_publish] Clicking comment submit button at (1046, 1227)...
[cdp]   [cdp_publish] Comment posted. feed_id=6a4216e0000000001700b1a0, length=55
[cdp]   [cdp_publish] Clicking note like in interact bar at (965, 1227) hint=interact-container .like-wrapper target=SPAN bar=interactions engage-bar top=1215.3333740234375 left=945.1354370117188 viewport={'w': 1254, 'h': 1287}
[cdp]   [cdp_publish] JS click on like-wrapper, class_after=like-wrapper like-active at=(971.2448120117188, 1227.3333740234375)
[cdp]   [cdp_publish] Warning: note like click did not activate. state_before=False state_after=False likeRoot.class=like-wrapper like-active visual_before={'className': 'like-wrapper like-active', 'ariaPressed': '', 'color': 'rgb(51, 51, 51)', 'svgColor': 'rgb(51, 51, 51)', 'svgHtml': '<span data-v-9403e00c="" class="like-lottie" style="width: 24px; height: 24px;"></span>'} visual_after={'className': 'like-wrapper like-active', 'ariaPressed': '', 'color': 'rgb(51, 51, 51)', 'svgColor': 'rgb(51, 51, 51)', 'svgHtml': '<span data-v-9403e00c="" class="like-lottie" style="width: 24px; height: 24px;"></span>'}
[cdp]   [cdp_publish] Warning: upvote on same page failed. payload={'success': False, 'changed': False, 'state_before': False, 'state_after': False}
[cdp]   POST_COMMENT_RESULT:
[ok] post done (33/68)
[wait] 63s (~1.1min, random 60-120s)
[queue] pop feedId=6a2c01b80000000008030412 remaining=6 title=高考完了有没有成瘾性极强的游戏推荐
[plan] #34 keyword=游戏推荐 title=高考完了有没有成瘾性极强的游戏推荐 comments=1541 age=24d score=4 msg=1/求推荐 match=12
[post] attempt feedId=6a2c01b80000000008030412 contentLen=55 also_upvote=1
[cdp] spawn timeout=120s cmd=--reuse-existing-tab post-comment-to-feed --feed-id 6a2c01b80000000008030412 --xsec-token(46chars) --content(55chars) --also-upvote
[cdp] done exit=0 elapsed=11.2s stdout=2334 stderr=0
[upvote-warn] feedId=6a2c01b80000000008030412 comment ok but like not confirmed upvote={'success': False, 'changed': False, 'state_before': False, 'state_after': False}
[post] success feedId=6a2c01b80000000008030412
[cdp] phase=post-ok exit=0 feedId=6a2c01b80000000008030412
[cdp] cmd=--reuse-existing-tab post-comment-to-feed --feed-id 6a2c01b80000000008030412 --xsec-token(46chars) --content(55chars) --also-upvote
[cdp]   [cdp_publish] Login cache: enabled (ttl=12h).
[cdp]   [cdp_publish] Tab selection mode: prefer reusing existing tab.
[cdp]   [cdp_publish] Reusing existing tab to reduce focus switching: https://www.xiaohongshu.com/explore/6a4216e0000000001700b1a0?xsec_token=ABZQ7O8OkMpkPT19tiz3R8oZZGqgB9ZOPdl9xin3PBeD4=&xsec_source=pc_feed
[cdp]   [cdp_publish] Connecting to ws://127.0.0.1:9222/devtools/page/3C92B42E311A9DEE022F324DEA9EA345
[cdp]   [cdp_publish] Connected to Chrome tab.
[cdp]   [cdp_publish] Using cached login status (home, age=90m, ttl=12h).
[cdp]   [cdp_publish] Home login confirmed (cached).
[cdp]   [cdp_publish] Navigating to https://www.xiaohongshu.com/explore/6a2c01b80000000008030412?xsec_token=AB_D4k6glPX6Nm5lMJSSQyteI5RXSQAe3WSXfdsSD68t8=&xsec_source=pc_feed
[cdp]   [cdp_publish] Clicking comment input box at (854, 1227)...
[cdp]   [cdp_publish] Clicking comment submit button at (1046, 1227)...
[cdp]   [cdp_publish] Comment posted. feed_id=6a2c01b80000000008030412, length=55
[cdp]   [cdp_publish] Clicking note like in interact bar at (916, 1227) hint=interact-container .like-wrapper target=SPAN bar=interactions engage-bar top=1215.3333740234375 left=895.8854370117188 viewport={'w': 1254, 'h': 1287}
[cdp]   [cdp_publish] JS click on like-wrapper, class_after=like-wrapper like-active at=(930.2031478881836, 1227.3333740234375)
[cdp]   [cdp_publish] Warning: note like click did not activate. state_before=False state_after=False likeRoot.class=like-wrapper like-active visual_before={'className': 'like-wrapper like-active', 'ariaPressed': '', 'color': 'rgb(51, 51, 51)', 'svgColor': 'rgb(51, 51, 51)', 'svgHtml': '<span data-v-9403e00c="" class="like-lottie" style="width: 24px; height: 24px;"></span>'} visual_after={'className': 'like-wrapper like-active', 'ariaPressed': '', 'color': 'rgb(51, 51, 51)', 'svgColor': 'rgb(51, 51, 51)', 'svgHtml': '<span data-v-9403e00c="" class="like-lottie" style="width: 24px; height: 24px;"></span>'}
[cdp]   [cdp_publish] Warning: upvote on same page failed. payload={'success': False, 'changed': False, 'state_before': False, 'state_after': False}
[cdp]   POST_COMMENT_RESULT:
[ok] post done (34/68)
[wait] 94s (~1.6min, random 60-120s)
[queue] pop feedId=6a3cdbe5000000001101b415 remaining=5 title=小游戏
[plan] #35 keyword=游戏推荐 title=小游戏 comments=88 age=24d score=4 msg=1/求推荐 match=7
[post] attempt feedId=6a3cdbe5000000001101b415 contentLen=55 also_upvote=1
[cdp] spawn timeout=120s cmd=--reuse-existing-tab post-comment-to-feed --feed-id 6a3cdbe5000000001101b415 --xsec-token(46chars) --content(55chars) --also-upvote
[cdp] done exit=0 elapsed=12.4s stdout=2334 stderr=0
[upvote-warn] feedId=6a3cdbe5000000001101b415 comment ok but like not confirmed upvote={'success': False, 'changed': False, 'state_before': False, 'state_after': False}
[post] success feedId=6a3cdbe5000000001101b415
[cdp] phase=post-ok exit=0 feedId=6a3cdbe5000000001101b415
[cdp] cmd=--reuse-existing-tab post-comment-to-feed --feed-id 6a3cdbe5000000001101b415 --xsec-token(46chars) --content(55chars) --also-upvote
[cdp]   [cdp_publish] Login cache: enabled (ttl=12h).
[cdp]   [cdp_publish] Tab selection mode: prefer reusing existing tab.
[cdp]   [cdp_publish] Reusing existing tab to reduce focus switching: https://www.xiaohongshu.com/explore/6a2c01b80000000008030412?xsec_token=AB_D4k6glPX6Nm5lMJSSQyteI5RXSQAe3WSXfdsSD68t8=&xsec_source=pc_feed
[cdp]   [cdp_publish] Connecting to ws://127.0.0.1:9222/devtools/page/3C92B42E311A9DEE022F324DEA9EA345
[cdp]   [cdp_publish] Connected to Chrome tab.
[cdp]   [cdp_publish] Using cached login status (home, age=92m, ttl=12h).
[cdp]   [cdp_publish] Home login confirmed (cached).
[cdp]   [cdp_publish] Navigating to https://www.xiaohongshu.com/explore/6a3cdbe5000000001101b415?xsec_token=AB9LK_DrnQ6LpFqU2aksnGg-pfQiDzF-KBYgDLr32hNw0=&xsec_source=pc_feed
[cdp]   [cdp_publish] Clicking comment input box at (854, 1227)...
[cdp]   [cdp_publish] Clicking comment submit button at (1046, 1227)...
[cdp]   [cdp_publish] Comment posted. feed_id=6a3cdbe5000000001101b415, length=55
[cdp]   [cdp_publish] Clicking note like in interact bar at (957, 1227) hint=interact-container .like-wrapper target=SPAN bar=interactions engage-bar top=1215.3333740234375 left=936.9271240234375 viewport={'w': 1254, 'h': 1287}
[cdp]   [cdp_publish] JS click on like-wrapper, class_after=like-wrapper like-active at=(967.1406669616699, 1227.3333740234375)
[cdp]   [cdp_publish] Warning: note like click did not activate. state_before=False state_after=False likeRoot.class=like-wrapper like-active visual_before={'className': 'like-wrapper like-active', 'ariaPressed': '', 'color': 'rgb(51, 51, 51)', 'svgColor': 'rgb(51, 51, 51)', 'svgHtml': '<span data-v-9403e00c="" class="like-lottie" style="width: 24px; height: 24px;"></span>'} visual_after={'className': 'like-wrapper like-active', 'ariaPressed': '', 'color': 'rgb(51, 51, 51)', 'svgColor': 'rgb(51, 51, 51)', 'svgHtml': '<span data-v-9403e00c="" class="like-lottie" style="width: 24px; height: 24px;"></span>'}
[cdp]   [cdp_publish] Warning: upvote on same page failed. payload={'success': False, 'changed': False, 'state_before': False, 'state_after': False}
[cdp]   POST_COMMENT_RESULT:
[ok] post done (35/68)
[wait] 97s (~1.6min, random 60-120s)
[queue] pop feedId=6a3d2620000000000f01f457 remaining=4 title=求推荐几款游戏
[plan] #36 keyword=游戏推荐 title=求推荐几款游戏 comments=35 age=24d score=4 msg=1/求推荐 match=12
[post] attempt feedId=6a3d2620000000000f01f457 contentLen=55 also_upvote=1
[cdp] spawn timeout=120s cmd=--reuse-existing-tab post-comment-to-feed --feed-id 6a3d2620000000000f01f457 --xsec-token(46chars) --content(55chars) --also-upvote
[cdp] done exit=0 elapsed=11.5s stdout=2334 stderr=0
[upvote-warn] feedId=6a3d2620000000000f01f457 comment ok but like not confirmed upvote={'success': False, 'changed': False, 'state_before': False, 'state_after': False}
[post] success feedId=6a3d2620000000000f01f457
[cdp] phase=post-ok exit=0 feedId=6a3d2620000000000f01f457
[cdp] cmd=--reuse-existing-tab post-comment-to-feed --feed-id 6a3d2620000000000f01f457 --xsec-token(46chars) --content(55chars) --also-upvote
[cdp]   [cdp_publish] Login cache: enabled (ttl=12h).
[cdp]   [cdp_publish] Tab selection mode: prefer reusing existing tab.
[cdp]   [cdp_publish] Reusing existing tab to reduce focus switching: https://www.xiaohongshu.com/explore/6a3cdbe5000000001101b415?xsec_token=AB9LK_DrnQ6LpFqU2aksnGg-pfQiDzF-KBYgDLr32hNw0=&xsec_source=pc_feed
[cdp]   [cdp_publish] Connecting to ws://127.0.0.1:9222/devtools/page/3C92B42E311A9DEE022F324DEA9EA345
[cdp]   [cdp_publish] Connected to Chrome tab.
[cdp]   [cdp_publish] Using cached login status (home, age=94m, ttl=12h).
[cdp]   [cdp_publish] Home login confirmed (cached).
[cdp]   [cdp_publish] Navigating to https://www.xiaohongshu.com/explore/6a3d2620000000000f01f457?xsec_token=ABNO-mE0NWL3GkbjEFeDXVHUzMckaQG5f4NibmQbCtgfY=&xsec_source=pc_feed
[cdp]   [cdp_publish] Clicking comment input box at (854, 1227)...
[cdp]   [cdp_publish] Clicking comment submit button at (1046, 1227)...
[cdp]   [cdp_publish] Comment posted. feed_id=6a3d2620000000000f01f457, length=55
[cdp]   [cdp_publish] Clicking note like in interact bar at (945, 1227) hint=interact-container .like-wrapper target=SPAN bar=interactions engage-bar top=1215.3333740234375 left=925.3541870117188 viewport={'w': 1254, 'h': 1287}
[cdp]   [cdp_publish] JS click on like-wrapper, class_after=like-wrapper like-active at=(951.4635620117188, 1227.3333740234375)
[cdp]   [cdp_publish] Warning: note like click did not activate. state_before=False state_after=False likeRoot.class=like-wrapper like-active visual_before={'className': 'like-wrapper like-active', 'ariaPressed': '', 'color': 'rgb(51, 51, 51)', 'svgColor': 'rgb(51, 51, 51)', 'svgHtml': '<span data-v-9403e00c="" class="like-lottie" style="width: 24px; height: 24px;"></span>'} visual_after={'className': 'like-wrapper like-active', 'ariaPressed': '', 'color': 'rgb(51, 51, 51)', 'svgColor': 'rgb(51, 51, 51)', 'svgHtml': '<span data-v-9403e00c="" class="like-lottie" style="width: 24px; height: 24px;"></span>'}
[cdp]   [cdp_publish] Warning: upvote on same page failed. payload={'success': False, 'changed': False, 'state_before': False, 'state_after': False}
[cdp]   POST_COMMENT_RESULT:
[ok] post done (36/68)
[wait] 106s (~1.8min, random 60-120s)
[queue] pop feedId=6a50c2250000000016026e37 remaining=3 title=求推荐，要玩法简单点的！
[plan] #37 keyword=游戏推荐 title=求推荐，要玩法简单点的！ comments=42 age=9d score=2 msg=1/求推荐 match=12
[post] attempt feedId=6a50c2250000000016026e37 contentLen=55 also_upvote=1
[cdp] spawn timeout=120s cmd=--reuse-existing-tab post-comment-to-feed --feed-id 6a50c2250000000016026e37 --xsec-token(46chars) --content(55chars) --also-upvote
[cdp] done exit=0 elapsed=11.3s stdout=2334 stderr=0
[upvote-warn] feedId=6a50c2250000000016026e37 comment ok but like not confirmed upvote={'success': False, 'changed': False, 'state_before': False, 'state_after': False}
[post] success feedId=6a50c2250000000016026e37
[cdp] phase=post-ok exit=0 feedId=6a50c2250000000016026e37
[cdp] cmd=--reuse-existing-tab post-comment-to-feed --feed-id 6a50c2250000000016026e37 --xsec-token(46chars) --content(55chars) --also-upvote
[cdp]   [cdp_publish] Login cache: enabled (ttl=12h).
[cdp]   [cdp_publish] Tab selection mode: prefer reusing existing tab.
[cdp]   [cdp_publish] Reusing existing tab to reduce focus switching: https://www.xiaohongshu.com/explore/6a3d2620000000000f01f457?xsec_token=ABNO-mE0NWL3GkbjEFeDXVHUzMckaQG5f4NibmQbCtgfY=&xsec_source=pc_feed
[cdp]   [cdp_publish] Connecting to ws://127.0.0.1:9222/devtools/page/3C92B42E311A9DEE022F324DEA9EA345
[cdp]   [cdp_publish] Connected to Chrome tab.
[cdp]   [cdp_publish] Using cached login status (home, age=96m, ttl=12h).
[cdp]   [cdp_publish] Home login confirmed (cached).
[cdp]   [cdp_publish] Navigating to https://www.xiaohongshu.com/explore/6a50c2250000000016026e37?xsec_token=ABpbY3fsS5cXlq1r-oxxIIS6XAtMzp8HQdi6k2gWcYfrU=&xsec_source=pc_feed
[cdp]   [cdp_publish] Clicking comment input box at (854, 1227)...
[cdp]   [cdp_publish] Clicking comment submit button at (1046, 1227)...
[cdp]   [cdp_publish] Comment posted. feed_id=6a50c2250000000016026e37, length=55
[cdp]   [cdp_publish] Clicking note like in interact bar at (957, 1227) hint=interact-container .like-wrapper target=SPAN bar=interactions engage-bar top=1215.3333740234375 left=936.9271240234375 viewport={'w': 1254, 'h': 1287}
[cdp]   [cdp_publish] JS click on like-wrapper, class_after=like-wrapper like-active at=(967.1406669616699, 1227.3333740234375)
[cdp]   [cdp_publish] Warning: note like click did not activate. state_before=False state_after=False likeRoot.class=like-wrapper like-active visual_before={'className': 'like-wrapper like-active', 'ariaPressed': '', 'color': 'rgb(51, 51, 51)', 'svgColor': 'rgb(51, 51, 51)', 'svgHtml': '<span data-v-9403e00c="" class="like-lottie" style="width: 24px; height: 24px;"></span>'} visual_after={'className': 'like-wrapper like-active', 'ariaPressed': '', 'color': 'rgb(51, 51, 51)', 'svgColor': 'rgb(51, 51, 51)', 'svgHtml': '<span data-v-9403e00c="" class="like-lottie" style="width: 24px; height: 24px;"></span>'}
[cdp]   [cdp_publish] Warning: upvote on same page failed. payload={'success': False, 'changed': False, 'state_before': False, 'state_after': False}
[cdp]   POST_COMMENT_RESULT:
[ok] post done (37/68)
[wait] 92s (~1.5min, random 60-120s)
[queue] pop feedId=6a47363a000000000f01e327 remaining=2 title=求助！求大家好玩的平板游戏清单🙋
[plan] #38 keyword=游戏推荐 title=求助！求大家好玩的平板游戏清单🙋 comments=45 age=16d score=2 msg=1/求推荐 match=12
[post] attempt feedId=6a47363a000000000f01e327 contentLen=55 also_upvote=1
[cdp] spawn timeout=120s cmd=--reuse-existing-tab post-comment-to-feed --feed-id 6a47363a000000000f01e327 --xsec-token(46chars) --content(55chars) --also-upvote
[cdp] done exit=0 elapsed=10.9s stdout=2326 stderr=0
[upvote-warn] feedId=6a47363a000000000f01e327 comment ok but like not confirmed upvote={'success': False, 'changed': False, 'state_before': False, 'state_after': False}
[post] success feedId=6a47363a000000000f01e327
[cdp] phase=post-ok exit=0 feedId=6a47363a000000000f01e327
[cdp] cmd=--reuse-existing-tab post-comment-to-feed --feed-id 6a47363a000000000f01e327 --xsec-token(46chars) --content(55chars) --also-upvote
[cdp]   [cdp_publish] Login cache: enabled (ttl=12h).
[cdp]   [cdp_publish] Tab selection mode: prefer reusing existing tab.
[cdp]   [cdp_publish] Reusing existing tab to reduce focus switching: https://www.xiaohongshu.com/explore/6a50c2250000000016026e37?xsec_token=ABpbY3fsS5cXlq1r-oxxIIS6XAtMzp8HQdi6k2gWcYfrU=&xsec_source=pc_feed
[cdp]   [cdp_publish] Connecting to ws://127.0.0.1:9222/devtools/page/3C92B42E311A9DEE022F324DEA9EA345
[cdp]   [cdp_publish] Connected to Chrome tab.
[cdp]   [cdp_publish] Using cached login status (home, age=97m, ttl=12h).
[cdp]   [cdp_publish] Home login confirmed (cached).
[cdp]   [cdp_publish] Navigating to https://www.xiaohongshu.com/explore/6a47363a000000000f01e327?xsec_token=ABY4SCXHEDgwxqzotoO_15FhhiH64vx8ffz1O8IJ8JSqk=&xsec_source=pc_feed
[cdp]   [cdp_publish] Clicking comment input box at (854, 1227)...
[cdp]   [cdp_publish] Clicking comment submit button at (1046, 1227)...
[cdp]   [cdp_publish] Comment posted. feed_id=6a47363a000000000f01e327, length=55
[cdp]   [cdp_publish] Clicking note like in interact bar at (949, 1227) hint=interact-container .like-wrapper target=SPAN bar=interactions engage-bar top=1215.3333740234375 left=928.71875 viewport={'w': 1254, 'h': 1287}
[cdp]   [cdp_publish] JS click on like-wrapper, class_after=like-wrapper like-active at=(958.9322929382324, 1227.3333740234375)
[cdp]   [cdp_publish] Warning: note like click did not activate. state_before=False state_after=False likeRoot.class=like-wrapper like-active visual_before={'className': 'like-wrapper like-active', 'ariaPressed': '', 'color': 'rgb(51, 51, 51)', 'svgColor': 'rgb(51, 51, 51)', 'svgHtml': '<span data-v-9403e00c="" class="like-lottie" style="width: 24px; height: 24px;"></span>'} visual_after={'className': 'like-wrapper like-active', 'ariaPressed': '', 'color': 'rgb(51, 51, 51)', 'svgColor': 'rgb(51, 51, 51)', 'svgHtml': '<span data-v-9403e00c="" class="like-lottie" style="width: 24px; height: 24px;"></span>'}
[cdp]   [cdp_publish] Warning: upvote on same page failed. payload={'success': False, 'changed': False, 'state_before': False, 'state_after': False}
[cdp]   POST_COMMENT_RESULT:
[ok] post done (38/68)
[wait] 63s (~1.1min, random 60-120s)
[queue] pop feedId=6a447a5300000000110128f7 remaining=1 title=求推荐！！！
[plan] #39 keyword=游戏推荐 title=求推荐！！！ comments=45 age=17d score=2 msg=1/求推荐 match=12
[post] attempt feedId=6a447a5300000000110128f7 contentLen=55 also_upvote=1
[cdp] spawn timeout=120s cmd=--reuse-existing-tab post-comment-to-feed --feed-id 6a447a5300000000110128f7 --xsec-token(46chars) --content(55chars) --also-upvote
[cdp] done exit=0 elapsed=10.7s stdout=2334 stderr=0
[upvote-warn] feedId=6a447a5300000000110128f7 comment ok but like not confirmed upvote={'success': False, 'changed': False, 'state_before': False, 'state_after': False}
[post] success feedId=6a447a5300000000110128f7
[cdp] phase=post-ok exit=0 feedId=6a447a5300000000110128f7
[cdp] cmd=--reuse-existing-tab post-comment-to-feed --feed-id 6a447a5300000000110128f7 --xsec-token(46chars) --content(55chars) --also-upvote
[cdp]   [cdp_publish] Login cache: enabled (ttl=12h).
[cdp]   [cdp_publish] Tab selection mode: prefer reusing existing tab.
[cdp]   [cdp_publish] Reusing existing tab to reduce focus switching: https://www.xiaohongshu.com/explore/6a47363a000000000f01e327?xsec_token=ABY4SCXHEDgwxqzotoO_15FhhiH64vx8ffz1O8IJ8JSqk=&xsec_source=pc_feed
[cdp]   [cdp_publish] Connecting to ws://127.0.0.1:9222/devtools/page/3C92B42E311A9DEE022F324DEA9EA345
[cdp]   [cdp_publish] Connected to Chrome tab.
[cdp]   [cdp_publish] Using cached login status (home, age=99m, ttl=12h).
[cdp]   [cdp_publish] Home login confirmed (cached).
[cdp]   [cdp_publish] Navigating to https://www.xiaohongshu.com/explore/6a447a5300000000110128f7?xsec_token=ABz5qyJXIwFL-2gjvqVE5IKV1uQC043fSCUA1E5bMlkNw=&xsec_source=pc_feed
[cdp]   [cdp_publish] Clicking comment input box at (854, 1227)...
[cdp]   [cdp_publish] Clicking comment submit button at (1046, 1227)...
[cdp]   [cdp_publish] Comment posted. feed_id=6a447a5300000000110128f7, length=55
[cdp]   [cdp_publish] Clicking note like in interact bar at (965, 1227) hint=interact-container .like-wrapper target=SPAN bar=interactions engage-bar top=1215.3333740234375 left=945.1354370117188 viewport={'w': 1254, 'h': 1287}
[cdp]   [cdp_publish] JS click on like-wrapper, class_after=like-wrapper like-active at=(971.2448120117188, 1227.3333740234375)
[cdp]   [cdp_publish] Warning: note like click did not activate. state_before=False state_after=False likeRoot.class=like-wrapper like-active visual_before={'className': 'like-wrapper like-active', 'ariaPressed': '', 'color': 'rgb(51, 51, 51)', 'svgColor': 'rgb(51, 51, 51)', 'svgHtml': '<span data-v-9403e00c="" class="like-lottie" style="width: 24px; height: 24px;"></span>'} visual_after={'className': 'like-wrapper like-active', 'ariaPressed': '', 'color': 'rgb(51, 51, 51)', 'svgColor': 'rgb(51, 51, 51)', 'svgHtml': '<span data-v-9403e00c="" class="like-lottie" style="width: 24px; height: 24px;"></span>'}
[cdp]   [cdp_publish] Warning: upvote on same page failed. payload={'success': False, 'changed': False, 'state_before': False, 'state_after': False}
[cdp]   POST_COMMENT_RESULT:
[ok] post done (39/68)
[wait] 107s (~1.8min, random 60-120s)
[queue] pop feedId=6a43e03d000000000803e28e remaining=0 title=求一个玩了以后终身难忘的游戏
[plan] #40 keyword=游戏推荐 title=求一个玩了以后终身难忘的游戏 comments=53 age=19d score=2 msg=1/求推荐 match=9
[post] attempt feedId=6a43e03d000000000803e28e contentLen=55 also_upvote=1
[cdp] spawn timeout=120s cmd=--reuse-existing-tab post-comment-to-feed --feed-id 6a43e03d000000000803e28e --xsec-token(46chars) --content(55chars) --also-upvote
[cdp] done exit=0 elapsed=10.6s stdout=2335 stderr=0
[upvote-warn] feedId=6a43e03d000000000803e28e comment ok but like not confirmed upvote={'success': False, 'changed': False, 'state_before': False, 'state_after': False}
[post] success feedId=6a43e03d000000000803e28e
[cdp] phase=post-ok exit=0 feedId=6a43e03d000000000803e28e
[cdp] cmd=--reuse-existing-tab post-comment-to-feed --feed-id 6a43e03d000000000803e28e --xsec-token(46chars) --content(55chars) --also-upvote
[cdp]   [cdp_publish] Login cache: enabled (ttl=12h).
[cdp]   [cdp_publish] Tab selection mode: prefer reusing existing tab.
[cdp]   [cdp_publish] Reusing existing tab to reduce focus switching: https://www.xiaohongshu.com/explore/6a447a5300000000110128f7?xsec_token=ABz5qyJXIwFL-2gjvqVE5IKV1uQC043fSCUA1E5bMlkNw=&xsec_source=pc_feed
[cdp]   [cdp_publish] Connecting to ws://127.0.0.1:9222/devtools/page/3C92B42E311A9DEE022F324DEA9EA345
[cdp]   [cdp_publish] Connected to Chrome tab.
[cdp]   [cdp_publish] Using cached login status (home, age=101m, ttl=12h).
[cdp]   [cdp_publish] Home login confirmed (cached).
[cdp]   [cdp_publish] Navigating to https://www.xiaohongshu.com/explore/6a43e03d000000000803e28e?xsec_token=ABmXQhkRpqfz4RGdWIR6yLggteIfEWygsc29cQXE9Hudc=&xsec_source=pc_feed
[cdp]   [cdp_publish] Clicking comment input box at (854, 1227)...
[cdp]   [cdp_publish] Clicking comment submit button at (1046, 1227)...
[cdp]   [cdp_publish] Comment posted. feed_id=6a43e03d000000000803e28e, length=55
[cdp]   [cdp_publish] Clicking note like in interact bar at (945, 1227) hint=interact-container .like-wrapper target=SPAN bar=interactions engage-bar top=1215.3333740234375 left=925.3541870117188 viewport={'w': 1254, 'h': 1287}
[cdp]   [cdp_publish] JS click on like-wrapper, class_after=like-wrapper like-active at=(951.4635620117188, 1227.3333740234375)
[cdp]   [cdp_publish] Warning: note like click did not activate. state_before=False state_after=False likeRoot.class=like-wrapper like-active visual_before={'className': 'like-wrapper like-active', 'ariaPressed': '', 'color': 'rgb(51, 51, 51)', 'svgColor': 'rgb(51, 51, 51)', 'svgHtml': '<span data-v-9403e00c="" class="like-lottie" style="width: 24px; height: 24px;"></span>'} visual_after={'className': 'like-wrapper like-active', 'ariaPressed': '', 'color': 'rgb(51, 51, 51)', 'svgColor': 'rgb(51, 51, 51)', 'svgHtml': '<span data-v-9403e00c="" class="like-lottie" style="width: 24px; height: 24px;"></span>'}
[cdp]   [cdp_publish] Warning: upvote on same page failed. payload={'success': False, 'changed': False, 'state_before': False, 'state_after': False}
[cdp]   POST_COMMENT_RESULT:
[ok] post done (40/68)
[wait] 93s (~1.6min, random 60-120s)
[queue] empty refilling keyword=游戏推荐 sort=最新 task=10/42 empty_streak=0 seen_feeds=731
[search-wait] 11s before keyword=游戏推荐 sort=最新
[cdp] spawn timeout=180s cmd=--reuse-existing-tab search-feeds --keyword 游戏推荐 --sort-by 最新 --publish-time 半年内 --search-scrolls 4
[cdp] done exit=0 elapsed=13.8s stdout=336742 stderr=0
[search-filter] keyword=游戏推荐 sort=最新 scrolls=4 {'bad_publish_date': 6, 'bad_title': 19, 'dup_or_empty_id': 55, 'low_relevance': 28, 'not_note': 6, 'already_commented': 4}
[search] keyword=游戏推荐 sort=最新 raw=124 skipped=118 usable=6 queued=6 rate_limited=False
[queue] loaded 6 candidates, will post one-by-one before next search
[queue] pop feedId=6a55ff23000000000f01f8b7 remaining=5 title=Steam 游戏推荐｜整理混乱超市🛒
[skip-low] Steam 游戏推荐｜整理混乱超市🛒 comments=0
[queue] pop feedId=6a54b95b0000000008001a9b remaining=4 title=求游戏推荐
[plan] #41 keyword=游戏推荐 title=求游戏推荐 comments=21 age=5d score=4 msg=1/求推荐 match=9
[post] attempt feedId=6a54b95b0000000008001a9b contentLen=55 also_upvote=1
[cdp] spawn timeout=120s cmd=--reuse-existing-tab post-comment-to-feed --feed-id 6a54b95b0000000008001a9b --xsec-token(46chars) --content(55chars) --also-upvote
[cdp] done exit=0 elapsed=10.8s stdout=2315 stderr=0
[upvote-warn] feedId=6a54b95b0000000008001a9b comment ok but like not confirmed upvote={'success': False, 'changed': False, 'state_before': False, 'state_after': False}
[post] success feedId=6a54b95b0000000008001a9b
[cdp] phase=post-ok exit=0 feedId=6a54b95b0000000008001a9b
[cdp] cmd=--reuse-existing-tab post-comment-to-feed --feed-id 6a54b95b0000000008001a9b --xsec-token(46chars) --content(55chars) --also-upvote
[cdp]   [cdp_publish] Login cache: enabled (ttl=12h).
[cdp]   [cdp_publish] Tab selection mode: prefer reusing existing tab.
[cdp]   [cdp_publish] Reusing existing tab to reduce focus switching: https://www.xiaohongshu.com/search_result?keyword=%E6%B8%B8%E6%88%8F%E6%8E%A8%E8%8D%90&source=web_explore_feed&type=51
[cdp]   [cdp_publish] Connecting to ws://127.0.0.1:9222/devtools/page/3C92B42E311A9DEE022F324DEA9EA345
[cdp]   [cdp_publish] Connected to Chrome tab.
[cdp]   [cdp_publish] Using cached login status (home, age=103m, ttl=12h).
[cdp]   [cdp_publish] Home login confirmed (cached).
[cdp]   [cdp_publish] Navigating to https://www.xiaohongshu.com/explore/6a54b95b0000000008001a9b?xsec_token=ABdaTAdFTlq1Ntqy8uPL7hJbCDIrMdG8U5Y1rUvwZ2Hfg=&xsec_source=pc_feed
[cdp]   [cdp_publish] Clicking comment input box at (854, 1227)...
[cdp]   [cdp_publish] Clicking comment submit button at (1046, 1227)...
[cdp]   [cdp_publish] Comment posted. feed_id=6a54b95b0000000008001a9b, length=55
[cdp]   [cdp_publish] Clicking note like in interact bar at (965, 1227) hint=interact-container .like-wrapper target=SPAN bar=interactions engage-bar top=1215.3333740234375 left=945.1354370117188 viewport={'w': 1254, 'h': 1287}
[cdp]   [cdp_publish] JS click on like-wrapper, class_after=like-wrapper like-active at=(971.2448120117188, 1227.3333740234375)
[cdp]   [cdp_publish] Warning: note like click did not activate. state_before=False state_after=False likeRoot.class=like-wrapper like-active visual_before={'className': 'like-wrapper like-active', 'ariaPressed': '', 'color': 'rgb(51, 51, 51)', 'svgColor': 'rgb(51, 51, 51)', 'svgHtml': '<span data-v-9403e00c="" class="like-lottie" style="width: 24px; height: 24px;"></span>'} visual_after={'className': 'like-wrapper like-active', 'ariaPressed': '', 'color': 'rgb(51, 51, 51)', 'svgColor': 'rgb(51, 51, 51)', 'svgHtml': '<span data-v-9403e00c="" class="like-lottie" style="width: 24px; height: 24px;"></span>'}
[cdp]   [cdp_publish] Warning: upvote on same page failed. payload={'success': False, 'changed': False, 'state_before': False, 'state_after': False}
[cdp]   POST_COMMENT_RESULT:
[ok] post done (41/68)
[wait] 113s (~1.9min, random 60-120s)
[queue] pop feedId=6a53ada70000000006034cd3 remaining=3 title=删游戏推荐删哪个
[skip-low] 删游戏推荐删哪个 comments=9
[queue] pop feedId=6a4625ac000000001702c69f remaining=2 title=💻游戏推荐 | 4款考验手速的美食游戏🎮
[skip-low] 💻游戏推荐 | 4款考验手速的美食游戏🎮 comments=7
[queue] pop feedId=6a4693eb00000000060333f9 remaining=1 title=推荐就玩！
[plan] #42 keyword=游戏推荐 title=推荐就玩！ comments=130 age=16d score=2 msg=1/求推荐 match=7
[post] attempt feedId=6a4693eb00000000060333f9 contentLen=55 also_upvote=1
[cdp] spawn timeout=120s cmd=--reuse-existing-tab post-comment-to-feed --feed-id 6a4693eb00000000060333f9 --xsec-token(46chars) --content(55chars) --also-upvote
[cdp] done exit=0 elapsed=12.0s stdout=2326 stderr=0
[upvote-warn] feedId=6a4693eb00000000060333f9 comment ok but like not confirmed upvote={'success': False, 'changed': False, 'state_before': False, 'state_after': False}
[post] success feedId=6a4693eb00000000060333f9
[cdp] phase=post-ok exit=0 feedId=6a4693eb00000000060333f9
[cdp] cmd=--reuse-existing-tab post-comment-to-feed --feed-id 6a4693eb00000000060333f9 --xsec-token(46chars) --content(55chars) --also-upvote
[cdp]   [cdp_publish] Login cache: enabled (ttl=12h).
[cdp]   [cdp_publish] Tab selection mode: prefer reusing existing tab.
[cdp]   [cdp_publish] Reusing existing tab to reduce focus switching: https://www.xiaohongshu.com/explore/6a54b95b0000000008001a9b?xsec_token=ABdaTAdFTlq1Ntqy8uPL7hJbCDIrMdG8U5Y1rUvwZ2Hfg=&xsec_source=pc_feed
[cdp]   [cdp_publish] Connecting to ws://127.0.0.1:9222/devtools/page/3C92B42E311A9DEE022F324DEA9EA345
[cdp]   [cdp_publish] Connected to Chrome tab.
[cdp]   [cdp_publish] Using cached login status (home, age=105m, ttl=12h).
[cdp]   [cdp_publish] Home login confirmed (cached).
[cdp]   [cdp_publish] Navigating to https://www.xiaohongshu.com/explore/6a4693eb00000000060333f9?xsec_token=ABYvSwgXEOpxnl0xFHdfQ08_v6zUHjn0hFUSJWr2Bw6j0=&xsec_source=pc_feed
[cdp]   [cdp_publish] Clicking comment input box at (854, 1227)...
[cdp]   [cdp_publish] Clicking comment submit button at (1046, 1227)...
[cdp]   [cdp_publish] Comment posted. feed_id=6a4693eb00000000060333f9, length=55
[cdp]   [cdp_publish] Clicking note like in interact bar at (929, 1227) hint=interact-container .like-wrapper target=SPAN bar=interactions engage-bar top=1215.3333740234375 left=908.9375 viewport={'w': 1254, 'h': 1287}
[cdp]   [cdp_publish] JS click on like-wrapper, class_after=like-wrapper like-active at=(939.1510429382324, 1227.3333740234375)
[cdp]   [cdp_publish] Warning: note like click did not activate. state_before=False state_after=False likeRoot.class=like-wrapper like-active visual_before={'className': 'like-wrapper like-active', 'ariaPressed': '', 'color': 'rgb(51, 51, 51)', 'svgColor': 'rgb(51, 51, 51)', 'svgHtml': '<span data-v-9403e00c="" class="like-lottie" style="width: 24px; height: 24px;"></span>'} visual_after={'className': 'like-wrapper like-active', 'ariaPressed': '', 'color': 'rgb(51, 51, 51)', 'svgColor': 'rgb(51, 51, 51)', 'svgHtml': '<span data-v-9403e00c="" class="like-lottie" style="width: 24px; height: 24px;"></span>'}
[cdp]   [cdp_publish] Warning: upvote on same page failed. payload={'success': False, 'changed': False, 'state_before': False, 'state_after': False}
[cdp]   POST_COMMENT_RESULT:
[ok] post done (42/68)
[wait] 94s (~1.6min, random 60-120s)
[queue] pop feedId=6a43333000000000060207c2 remaining=0 title=跟朋友推荐未来之光她问我是不是收钱
[skip-low] 跟朋友推荐未来之光她问我是不是收钱 comments=3
[queue] empty refilling keyword=微信小游戏 sort=综合 task=11/42 empty_streak=0 seen_feeds=794
[search-wait] 7s before keyword=微信小游戏 sort=综合
[cdp] spawn timeout=180s cmd=--reuse-existing-tab search-feeds --keyword 微信小游戏 --sort-by 综合 --publish-time 半年内 --search-scrolls 4
[cdp] done exit=0 elapsed=12.8s stdout=385531 stderr=0
[search-filter] keyword=微信小游戏 sort=综合 scrolls=4 {'dup_or_empty_id': 28, 'already_commented': 10, 'low_relevance': 29, 'not_note': 6, 'too_old': 11, 'bad_publish_date': 3, 'bad_title': 13}
[search] keyword=微信小游戏 sort=综合 raw=126 skipped=100 usable=26 queued=26 rate_limited=False
[queue] loaded 26 candidates, will post one-by-one before next search
[queue] pop feedId=6a57bdcd000000002201be5e remaining=25 title=微信小游戏
[skip-low] 微信小游戏 comments=7
[queue] pop feedId=6a558a700000000021019f70 remaining=24 title=你们玩过最好玩的微信小游戏是什么
[plan] #43 keyword=微信小游戏 title=你们玩过最好玩的微信小游戏是什么 comments=34 age=5d score=6 msg=11/微信小游戏 match=10
[post] attempt feedId=6a558a700000000021019f70 contentLen=42 also_upvote=1
[cdp] spawn timeout=120s cmd=--reuse-existing-tab post-comment-to-feed --feed-id 6a558a700000000021019f70 --xsec-token(46chars) --content(42chars) --also-upvote
[cdp] done exit=0 elapsed=11.3s stdout=2324 stderr=0
[upvote-warn] feedId=6a558a700000000021019f70 comment ok but like not confirmed upvote={'success': False, 'changed': False, 'state_before': False, 'state_after': False}
[post] success feedId=6a558a700000000021019f70
[cdp] phase=post-ok exit=0 feedId=6a558a700000000021019f70
[cdp] cmd=--reuse-existing-tab post-comment-to-feed --feed-id 6a558a700000000021019f70 --xsec-token(46chars) --content(42chars) --also-upvote
[cdp]   [cdp_publish] Login cache: enabled (ttl=12h).
[cdp]   [cdp_publish] Tab selection mode: prefer reusing existing tab.
[cdp]   [cdp_publish] Reusing existing tab to reduce focus switching: https://www.xiaohongshu.com/search_result?keyword=%E5%BE%AE%E4%BF%A1%E5%B0%8F%E6%B8%B8%E6%88%8F&source=web_explore_feed&type=51
[cdp]   [cdp_publish] Connecting to ws://127.0.0.1:9222/devtools/page/3C92B42E311A9DEE022F324DEA9EA345
[cdp]   [cdp_publish] Connected to Chrome tab.
[cdp]   [cdp_publish] Using cached login status (home, age=107m, ttl=12h).
[cdp]   [cdp_publish] Home login confirmed (cached).
[cdp]   [cdp_publish] Navigating to https://www.xiaohongshu.com/explore/6a558a700000000021019f70?xsec_token=ABbzMaJJUEmGCF_scf3BL95w8RgVGBy5NNYWmeHYd6oH0=&xsec_source=pc_feed
[cdp]   [cdp_publish] Clicking comment input box at (854, 1227)...
[cdp]   [cdp_publish] Clicking comment submit button at (1046, 1227)...
[cdp]   [cdp_publish] Comment posted. feed_id=6a558a700000000021019f70, length=42
[cdp]   [cdp_publish] Clicking note like in interact bar at (965, 1227) hint=interact-container .like-wrapper target=SPAN bar=interactions engage-bar top=1215.3333740234375 left=945.1354370117188 viewport={'w': 1254, 'h': 1287}
[cdp]   [cdp_publish] JS click on like-wrapper, class_after=like-wrapper like-active at=(971.2448120117188, 1227.3333740234375)
[cdp]   [cdp_publish] Warning: note like click did not activate. state_before=False state_after=False likeRoot.class=like-wrapper like-active visual_before={'className': 'like-wrapper like-active', 'ariaPressed': '', 'color': 'rgb(51, 51, 51)', 'svgColor': 'rgb(51, 51, 51)', 'svgHtml': '<span data-v-9403e00c="" class="like-lottie" style="width: 24px; height: 24px;"></span>'} visual_after={'className': 'like-wrapper like-active', 'ariaPressed': '', 'color': 'rgb(51, 51, 51)', 'svgColor': 'rgb(51, 51, 51)', 'svgHtml': '<span data-v-9403e00c="" class="like-lottie" style="width: 24px; height: 24px;"></span>'}
[cdp]   [cdp_publish] Warning: upvote on same page failed. payload={'success': False, 'changed': False, 'state_before': False, 'state_after': False}
[cdp]   POST_COMMENT_RESULT:
[ok] post done (43/68)
[wait] 95s (~1.6min, random 60-120s)
[queue] pop feedId=6a53b076000000001603f87c remaining=23 title=有没有好玩的小游戏推荐呀！
[plan] #44 keyword=微信小游戏 title=有没有好玩的小游戏推荐呀！ comments=11 age=6d score=6 msg=1/求推荐 match=15
[post] attempt feedId=6a53b076000000001603f87c contentLen=55 also_upvote=1
[cdp] spawn timeout=120s cmd=--reuse-existing-tab post-comment-to-feed --feed-id 6a53b076000000001603f87c --xsec-token(46chars) --content(55chars) --also-upvote
[cdp] done exit=0 elapsed=11.1s stdout=2335 stderr=0
[upvote-warn] feedId=6a53b076000000001603f87c comment ok but like not confirmed upvote={'success': False, 'changed': False, 'state_before': False, 'state_after': False}
[post] success feedId=6a53b076000000001603f87c
[cdp] phase=post-ok exit=0 feedId=6a53b076000000001603f87c
[cdp] cmd=--reuse-existing-tab post-comment-to-feed --feed-id 6a53b076000000001603f87c --xsec-token(46chars) --content(55chars) --also-upvote
[cdp]   [cdp_publish] Login cache: enabled (ttl=12h).
[cdp]   [cdp_publish] Tab selection mode: prefer reusing existing tab.
[cdp]   [cdp_publish] Reusing existing tab to reduce focus switching: https://www.xiaohongshu.com/explore/6a558a700000000021019f70?xsec_token=ABbzMaJJUEmGCF_scf3BL95w8RgVGBy5NNYWmeHYd6oH0=&xsec_source=pc_feed
[cdp]   [cdp_publish] Connecting to ws://127.0.0.1:9222/devtools/page/3C92B42E311A9DEE022F324DEA9EA345
[cdp]   [cdp_publish] Connected to Chrome tab.
[cdp]   [cdp_publish] Using cached login status (home, age=109m, ttl=12h).
[cdp]   [cdp_publish] Home login confirmed (cached).
[cdp]   [cdp_publish] Navigating to https://www.xiaohongshu.com/explore/6a53b076000000001603f87c?xsec_token=ABJ3plvRwROb9sEFa05V5BKBqI-GI9y5vj_nyS8dAYUEA=&xsec_source=pc_feed
[cdp]   [cdp_publish] Clicking comment input box at (854, 1227)...
[cdp]   [cdp_publish] Clicking comment submit button at (1046, 1227)...
[cdp]   [cdp_publish] Comment posted. feed_id=6a53b076000000001603f87c, length=55
[cdp]   [cdp_publish] Clicking note like in interact bar at (945, 1227) hint=interact-container .like-wrapper target=SPAN bar=interactions engage-bar top=1215.3333740234375 left=925.3541870117188 viewport={'w': 1254, 'h': 1287}
[cdp]   [cdp_publish] JS click on like-wrapper, class_after=like-wrapper like-active at=(951.4635620117188, 1227.3333740234375)
[cdp]   [cdp_publish] Warning: note like click did not activate. state_before=False state_after=False likeRoot.class=like-wrapper like-active visual_before={'className': 'like-wrapper like-active', 'ariaPressed': '', 'color': 'rgb(51, 51, 51)', 'svgColor': 'rgb(51, 51, 51)', 'svgHtml': '<span data-v-9403e00c="" class="like-lottie" style="width: 24px; height: 24px;"></span>'} visual_after={'className': 'like-wrapper like-active', 'ariaPressed': '', 'color': 'rgb(51, 51, 51)', 'svgColor': 'rgb(51, 51, 51)', 'svgHtml': '<span data-v-9403e00c="" class="like-lottie" style="width: 24px; height: 24px;"></span>'}
[cdp]   [cdp_publish] Warning: upvote on same page failed. payload={'success': False, 'changed': False, 'state_before': False, 'state_after': False}
[cdp]   POST_COMMENT_RESULT:
[ok] post done (44/68)
[wait] 76s (~1.3min, random 60-120s)
[queue] pop feedId=6a4f20620000000011017682 remaining=22 title=26年6月微信小游戏投放排行榜TOP100！
[skip-low] 26年6月微信小游戏投放排行榜TOP100！ comments=0
[queue] pop feedId=6a4a69d5000000001101ee6e remaining=21 title=微信小游戏好上头
[plan] #45 keyword=微信小游戏 title=微信小游戏好上头 comments=63 age=14d score=6 msg=11/微信小游戏 match=10
[post] attempt feedId=6a4a69d5000000001101ee6e contentLen=42 also_upvote=1
[cdp] spawn timeout=120s cmd=--reuse-existing-tab post-comment-to-feed --feed-id 6a4a69d5000000001101ee6e --xsec-token(46chars) --content(42chars) --also-upvote
[cdp] done exit=0 elapsed=10.5s stdout=2334 stderr=0
[upvote-warn] feedId=6a4a69d5000000001101ee6e comment ok but like not confirmed upvote={'success': False, 'changed': False, 'state_before': False, 'state_after': False}
[post] success feedId=6a4a69d5000000001101ee6e
[cdp] phase=post-ok exit=0 feedId=6a4a69d5000000001101ee6e
[cdp] cmd=--reuse-existing-tab post-comment-to-feed --feed-id 6a4a69d5000000001101ee6e --xsec-token(46chars) --content(42chars) --also-upvote
[cdp]   [cdp_publish] Login cache: enabled (ttl=12h).
[cdp]   [cdp_publish] Tab selection mode: prefer reusing existing tab.
[cdp]   [cdp_publish] Reusing existing tab to reduce focus switching: https://www.xiaohongshu.com/explore/6a53b076000000001603f87c?xsec_token=ABJ3plvRwROb9sEFa05V5BKBqI-GI9y5vj_nyS8dAYUEA=&xsec_source=pc_feed
[cdp]   [cdp_publish] Connecting to ws://127.0.0.1:9222/devtools/page/3C92B42E311A9DEE022F324DEA9EA345
[cdp]   [cdp_publish] Connected to Chrome tab.
[cdp]   [cdp_publish] Using cached login status (home, age=110m, ttl=12h).
[cdp]   [cdp_publish] Home login confirmed (cached).
[cdp]   [cdp_publish] Navigating to https://www.xiaohongshu.com/explore/6a4a69d5000000001101ee6e?xsec_token=AB7et30W2CM06lhh4PcvAl77sTVtau8a6NUkqGq4bv5AM=&xsec_source=pc_feed
[cdp]   [cdp_publish] Clicking comment input box at (794, 1227)...
[cdp]   [cdp_publish] Clicking comment submit button at (986, 1227)...
[cdp]   [cdp_publish] Comment posted. feed_id=6a4a69d5000000001101ee6e, length=42
[cdp]   [cdp_publish] Clicking note like in interact bar at (897, 1227) hint=interact-container .like-wrapper target=SPAN bar=interactions engage-bar top=1215.3333740234375 left=876.7750244140625 viewport={'w': 1254, 'h': 1287}
[cdp]   [cdp_publish] JS click on like-wrapper, class_after=like-wrapper like-active at=(906.9885673522949, 1227.3333740234375)
[cdp]   [cdp_publish] Warning: note like click did not activate. state_before=False state_after=False likeRoot.class=like-wrapper like-active visual_before={'className': 'like-wrapper like-active', 'ariaPressed': '', 'color': 'rgb(51, 51, 51)', 'svgColor': 'rgb(51, 51, 51)', 'svgHtml': '<span data-v-9403e00c="" class="like-lottie" style="width: 24px; height: 24px;"></span>'} visual_after={'className': 'like-wrapper like-active', 'ariaPressed': '', 'color': 'rgb(51, 51, 51)', 'svgColor': 'rgb(51, 51, 51)', 'svgHtml': '<span data-v-9403e00c="" class="like-lottie" style="width: 24px; height: 24px;"></span>'}
[cdp]   [cdp_publish] Warning: upvote on same page failed. payload={'success': False, 'changed': False, 'state_before': False, 'state_after': False}
[cdp]   POST_COMMENT_RESULT:
[ok] post done (45/68)
[wait] 85s (~1.4min, random 60-120s)
[queue] pop feedId=6a48a619000000000f02bb8a remaining=20 title=6月微信小游戏收入百强榜
[plan] #46 keyword=微信小游戏 title=6月微信小游戏收入百强榜 comments=295 age=15d score=6 msg=11/微信小游戏 match=10
[post] attempt feedId=6a48a619000000000f02bb8a contentLen=42 also_upvote=1
[cdp] spawn timeout=120s cmd=--reuse-existing-tab post-comment-to-feed --feed-id 6a48a619000000000f02bb8a --xsec-token(46chars) --content(42chars) --also-upvote
[cdp] done exit=0 elapsed=11.3s stdout=2327 stderr=0
[upvote-warn] feedId=6a48a619000000000f02bb8a comment ok but like not confirmed upvote={'success': False, 'changed': False, 'state_before': False, 'state_after': False}
[post] success feedId=6a48a619000000000f02bb8a
[cdp] phase=post-ok exit=0 feedId=6a48a619000000000f02bb8a
[cdp] cmd=--reuse-existing-tab post-comment-to-feed --feed-id 6a48a619000000000f02bb8a --xsec-token(46chars) --content(42chars) --also-upvote
[cdp]   [cdp_publish] Login cache: enabled (ttl=12h).
[cdp]   [cdp_publish] Tab selection mode: prefer reusing existing tab.
[cdp]   [cdp_publish] Reusing existing tab to reduce focus switching: https://www.xiaohongshu.com/explore/6a4a69d5000000001101ee6e?xsec_token=AB7et30W2CM06lhh4PcvAl77sTVtau8a6NUkqGq4bv5AM=&xsec_source=pc_feed
[cdp]   [cdp_publish] Connecting to ws://127.0.0.1:9222/devtools/page/3C92B42E311A9DEE022F324DEA9EA345
[cdp]   [cdp_publish] Connected to Chrome tab.
[cdp]   [cdp_publish] Using cached login status (home, age=112m, ttl=12h).
[cdp]   [cdp_publish] Home login confirmed (cached).
[cdp]   [cdp_publish] Navigating to https://www.xiaohongshu.com/explore/6a48a619000000000f02bb8a?xsec_token=ABMKscPzNdE-9DMnF6w1uKz5NdeohpaMinZrMDQKqgczo=&xsec_source=pc_feed
[cdp]   [cdp_publish] Clicking comment input box at (854, 1227)...
[cdp]   [cdp_publish] Clicking comment submit button at (1046, 1227)...
[cdp]   [cdp_publish] Comment posted. feed_id=6a48a619000000000f02bb8a, length=42
[cdp]   [cdp_publish] Clicking note like in interact bar at (924, 1227) hint=interact-container .like-wrapper target=SPAN bar=interactions engage-bar top=1215.3333740234375 left=904.09375 viewport={'w': 1254, 'h': 1287}
[cdp]   [cdp_publish] JS click on like-wrapper, class_after=like-wrapper like-active at=(938.4114608764648, 1227.3333740234375)
[cdp]   [cdp_publish] Warning: note like click did not activate. state_before=False state_after=False likeRoot.class=like-wrapper like-active visual_before={'className': 'like-wrapper like-active', 'ariaPressed': '', 'color': 'rgb(51, 51, 51)', 'svgColor': 'rgb(51, 51, 51)', 'svgHtml': '<span data-v-9403e00c="" class="like-lottie" style="width: 24px; height: 24px;"></span>'} visual_after={'className': 'like-wrapper like-active', 'ariaPressed': '', 'color': 'rgb(51, 51, 51)', 'svgColor': 'rgb(51, 51, 51)', 'svgHtml': '<span data-v-9403e00c="" class="like-lottie" style="width: 24px; height: 24px;"></span>'}
[cdp]   [cdp_publish] Warning: upvote on same page failed. payload={'success': False, 'changed': False, 'state_before': False, 'state_after': False}
[cdp]   POST_COMMENT_RESULT:
[ok] post done (46/68)
[wait] 112s (~1.9min, random 60-120s)
[queue] pop feedId=6a470d34000000000f01d2cc remaining=19 title=《数字手拉手》微信小游戏
[plan] #47 keyword=微信小游戏 title=《数字手拉手》微信小游戏 comments=34 age=16d score=6 msg=11/微信小游戏 match=10
[post] attempt feedId=6a470d34000000000f01d2cc contentLen=42 also_upvote=1
[cdp] spawn timeout=120s cmd=--reuse-existing-tab post-comment-to-feed --feed-id 6a470d34000000000f01d2cc --xsec-token(46chars) --content(42chars) --also-upvote
[cdp] done exit=0 elapsed=14.4s stdout=1616 stderr=0
[upvote] confirmed feedId=6a470d34000000000f01d2cc changed=True state_after=True
[post] success feedId=6a470d34000000000f01d2cc
[cdp] phase=post-ok exit=0 feedId=6a470d34000000000f01d2cc
[cdp] cmd=--reuse-existing-tab post-comment-to-feed --feed-id 6a470d34000000000f01d2cc --xsec-token(46chars) --content(42chars) --also-upvote
[cdp]   [cdp_publish] Login cache: enabled (ttl=12h).
[cdp]   [cdp_publish] Tab selection mode: prefer reusing existing tab.
[cdp]   [cdp_publish] Reusing existing tab to reduce focus switching: chrome://newtab/
[cdp]   [cdp_publish] Connecting to ws://127.0.0.1:9222/devtools/page/B96CD23BB4E4AD3F117D9633C1C7CDCA
[cdp]   [cdp_publish] Connected to Chrome tab.
[cdp]   [cdp_publish] Using cached login status (home, age=114m, ttl=12h).
[cdp]   [cdp_publish] Home login confirmed (cached).
[cdp]   [cdp_publish] Navigating to https://www.xiaohongshu.com/explore/6a470d34000000000f01d2cc?xsec_token=ABY4SCXHEDgwxqzotoO_15Fr4r9LsAekItlSNSlffkDb0=&xsec_source=pc_feed
[cdp]   [cdp_publish] Clicking comment input box at (782, 1227)...
[cdp]   [cdp_publish] Clicking comment submit button at (993, 1283)...
[cdp]   [cdp_publish] Comment posted. feed_id=6a470d34000000000f01d2cc, length=42
[cdp]   [cdp_publish] Clicking note like in interact bar at (912, 1197) hint=interact-container .like-wrapper target=SPAN bar=interactions engage-bar top=1185.3333740234375 left=892.0294189453125 viewport={'w': 1254, 'h': 1287}
[cdp]   [cdp_publish] JS click on like-wrapper, class_after=like-wrapper like-active at=(918.1387939453125, 1197.3333740234375)
[cdp]   [cdp_publish] Note like toggled. changed=True state_before=False state_after=True
[cdp]   [cdp_publish] Note upvoted on same page. changed=True state_after=True
[cdp]   POST_COMMENT_RESULT:
[ok] post done (47/68)
[wait] 71s (~1.2min, random 60-120s)
[queue] pop feedId=6a3e14e6000000000702892e remaining=18 title=微信小游戏"果果叠叠合"更新视觉大改造
[skip-low] 微信小游戏"果果叠叠合"更新视觉大改造 comments=1
[queue] pop feedId=6a3151a80000000006030824 remaining=17 title=宝宝：10款好玩的微信小游戏！再也不无聊
[skip-low] 宝宝：10款好玩的微信小游戏！再也不无聊 comments=4
[queue] pop feedId=6a2937b60000000035022200 remaining=16 title=26年5月微信小游戏投放排行榜TOP100!
[skip-low] 26年5月微信小游戏投放排行榜TOP100! comments=0
[queue] pop feedId=6a2185dc0000000037034801 remaining=15 title=微信小程序有没有可以赚钱的小游戏😭
[plan] #48 keyword=微信小游戏 title=微信小程序有没有可以赚钱的小游戏😭 comments=352 age=45d score=6 msg=11/微信小游戏 match=15
[post] attempt feedId=6a2185dc0000000037034801 contentLen=42 also_upvote=1
[cdp] spawn timeout=120s cmd=--reuse-existing-tab post-comment-to-feed --feed-id 6a2185dc0000000037034801 --xsec-token(46chars) --content(42chars) --also-upvote
[cdp] done exit=0 elapsed=14.2s stdout=1739 stderr=0
[upvote] confirmed feedId=6a2185dc0000000037034801 changed=True state_after=True
[post] success feedId=6a2185dc0000000037034801
[cdp] phase=post-ok exit=0 feedId=6a2185dc0000000037034801
[cdp] cmd=--reuse-existing-tab post-comment-to-feed --feed-id 6a2185dc0000000037034801 --xsec-token(46chars) --content(42chars) --also-upvote
[cdp]   [cdp_publish] Login cache: enabled (ttl=12h).
[cdp]   [cdp_publish] Tab selection mode: prefer reusing existing tab.
[cdp]   [cdp_publish] Reusing existing tab to reduce focus switching: https://www.xiaohongshu.com/explore/6a470d34000000000f01d2cc?xsec_token=ABY4SCXHEDgwxqzotoO_15Fr4r9LsAekItlSNSlffkDb0=&xsec_source=pc_feed
[cdp]   [cdp_publish] Connecting to ws://127.0.0.1:9222/devtools/page/B96CD23BB4E4AD3F117D9633C1C7CDCA
[cdp]   [cdp_publish] Connected to Chrome tab.
[cdp]   [cdp_publish] Using cached login status (home, age=115m, ttl=12h).
[cdp]   [cdp_publish] Home login confirmed (cached).
[cdp]   [cdp_publish] Navigating to https://www.xiaohongshu.com/explore/6a2185dc0000000037034801?xsec_token=ABsJ3QlRdRBDthmeWmIUMqnRufl6txbrjOVN3hZbGPUVg=&xsec_source=pc_feed
[cdp]   [cdp_publish] Clicking comment input box at (835, 1227)...
[cdp]   [cdp_publish] Clicking comment submit button at (1046, 1283)...
[cdp]   [cdp_publish] Comment posted. feed_id=6a2185dc0000000037034801, length=42
[cdp]   [cdp_publish] Clicking note like in interact bar at (916, 1197) hint=interact-container .like-wrapper target=SPAN bar=interactions engage-bar top=1185.3333740234375 left=895.8854370117188 viewport={'w': 1254, 'h': 1287}
[cdp]   [cdp_publish] JS click on like-wrapper, class_after=like-wrapper like-active at=(934.3073120117188, 1197.3333740234375)
[cdp]   [cdp_publish] Note like toggled. changed=True state_before=False state_after=True
[cdp]   [cdp_publish] Note upvoted on same page. changed=True state_after=True
[cdp]   POST_COMMENT_RESULT:
[ok] post done (48/68)
[wait] 115s (~1.9min, random 60-120s)
[queue] pop feedId=6a21775f000000002202ea94 remaining=14 title=2026年5月微信小游戏收入TOP20！？
[skip-low] 2026年5月微信小游戏收入TOP20！？ comments=0
[queue] pop feedId=6a19b8de0000000007021714 remaining=13 title=微信小游戏的第2个月
[plan] #49 keyword=微信小游戏 title=微信小游戏的第2个月 comments=16 age=49d score=6 msg=11/微信小游戏 match=10
[post] attempt feedId=6a19b8de0000000007021714 contentLen=42 also_upvote=1
[cdp] spawn timeout=120s cmd=--reuse-existing-tab post-comment-to-feed --feed-id 6a19b8de0000000007021714 --xsec-token(46chars) --content(42chars) --also-upvote
[cdp] done exit=0 elapsed=15.3s stdout=1739 stderr=0
[upvote] confirmed feedId=6a19b8de0000000007021714 changed=True state_after=True
[post] success feedId=6a19b8de0000000007021714
[cdp] phase=post-ok exit=0 feedId=6a19b8de0000000007021714
[cdp] cmd=--reuse-existing-tab post-comment-to-feed --feed-id 6a19b8de0000000007021714 --xsec-token(46chars) --content(42chars) --also-upvote
[cdp]   [cdp_publish] Login cache: enabled (ttl=12h).
[cdp]   [cdp_publish] Tab selection mode: prefer reusing existing tab.
[cdp]   [cdp_publish] Reusing existing tab to reduce focus switching: https://www.xiaohongshu.com/explore/6a2185dc0000000037034801?xsec_token=ABsJ3QlRdRBDthmeWmIUMqnRufl6txbrjOVN3hZbGPUVg=&xsec_source=pc_feed
[cdp]   [cdp_publish] Connecting to ws://127.0.0.1:9222/devtools/page/B96CD23BB4E4AD3F117D9633C1C7CDCA
[cdp]   [cdp_publish] Connected to Chrome tab.
[cdp]   [cdp_publish] Using cached login status (home, age=117m, ttl=12h).
[cdp]   [cdp_publish] Home login confirmed (cached).
[cdp]   [cdp_publish] Navigating to https://www.xiaohongshu.com/explore/6a19b8de0000000007021714?xsec_token=ABkMw-oncjHcUm9EyAr7aNd32_PCzGMdr5UY3jfXgnk0E=&xsec_source=pc_feed
[cdp]   [cdp_publish] Clicking comment input box at (835, 1227)...
[cdp]   [cdp_publish] Clicking comment submit button at (1046, 1283)...
[cdp]   [cdp_publish] Comment posted. feed_id=6a19b8de0000000007021714, length=42
[cdp]   [cdp_publish] Clicking note like in interact bar at (965, 1197) hint=interact-container .like-wrapper target=SPAN bar=interactions engage-bar top=1185.3333740234375 left=945.1354370117188 viewport={'w': 1254, 'h': 1287}
[cdp]   [cdp_publish] JS click on like-wrapper, class_after=like-wrapper like-active at=(971.2448120117188, 1197.3333740234375)
[cdp]   [cdp_publish] Note like toggled. changed=True state_before=False state_after=True
[cdp]   [cdp_publish] Note upvoted on same page. changed=True state_after=True
[cdp]   POST_COMMENT_RESULT:
[ok] post done (49/68)
[wait] 95s (~1.6min, random 60-120s)
[queue] pop feedId=6a165f0e000000003502c994 remaining=12 title=偶然发现一款超解压的微信小游戏！
[skip-low] 偶然发现一款超解压的微信小游戏！ comments=4
[queue] pop feedId=6a56fa4b000000000701282a remaining=11 title=做了个解压小游戏，累计8000人，每天几分钱
[plan] #50 keyword=微信小游戏 title=做了个解压小游戏，累计8000人，每天几分钱 comments=13 age=4d score=4 msg=11/微信小游戏 match=10
[post] attempt feedId=6a56fa4b000000000701282a contentLen=42 also_upvote=1
[cdp] spawn timeout=120s cmd=--reuse-existing-tab post-comment-to-feed --feed-id 6a56fa4b000000000701282a --xsec-token(46chars) --content(42chars) --also-upvote
[cdp] done exit=0 elapsed=14.1s stdout=1737 stderr=0
[upvote] confirmed feedId=6a56fa4b000000000701282a changed=True state_after=True
[post] success feedId=6a56fa4b000000000701282a
[cdp] phase=post-ok exit=0 feedId=6a56fa4b000000000701282a
[cdp] cmd=--reuse-existing-tab post-comment-to-feed --feed-id 6a56fa4b000000000701282a --xsec-token(46chars) --content(42chars) --also-upvote
[cdp]   [cdp_publish] Login cache: enabled (ttl=12h).
[cdp]   [cdp_publish] Tab selection mode: prefer reusing existing tab.
[cdp]   [cdp_publish] Reusing existing tab to reduce focus switching: https://www.xiaohongshu.com/explore/6a19b8de0000000007021714?xsec_token=ABkMw-oncjHcUm9EyAr7aNd32_PCzGMdr5UY3jfXgnk0E=&xsec_source=pc_feed
[cdp]   [cdp_publish] Connecting to ws://127.0.0.1:9222/devtools/page/B96CD23BB4E4AD3F117D9633C1C7CDCA
[cdp]   [cdp_publish] Connected to Chrome tab.
[cdp]   [cdp_publish] Using cached login status (home, age=119m, ttl=12h).
[cdp]   [cdp_publish] Home login confirmed (cached).
[cdp]   [cdp_publish] Navigating to https://www.xiaohongshu.com/explore/6a56fa4b000000000701282a?xsec_token=AB3iCyiC3fQH_A59fln8paEqrG_TkXTTrNEYberDoWJ9I=&xsec_source=pc_feed
[cdp]   [cdp_publish] Clicking comment input box at (791, 1227)...
[cdp]   [cdp_publish] Clicking comment submit button at (1002, 1283)...
[cdp]   [cdp_publish] Comment posted. feed_id=6a56fa4b000000000701282a, length=42
[cdp]   [cdp_publish] Clicking note like in interact bar at (921, 1197) hint=interact-container .like-wrapper target=SPAN bar=interactions engage-bar top=1185.3333740234375 left=901.342529296875 viewport={'w': 1254, 'h': 1287}
[cdp]   [cdp_publish] JS click on like-wrapper, class_after=like-wrapper like-active at=(927.451904296875, 1197.3333740234375)
[cdp]   [cdp_publish] Note like toggled. changed=True state_before=False state_after=True
[cdp]   [cdp_publish] Note upvoted on same page. changed=True state_after=True
[cdp]   POST_COMMENT_RESULT:
[ok] post done (50/68)
[wait] 103s (~1.7min, random 60-120s)
[queue] pop feedId=6a563b6c000000000f02b9c3 remaining=10 title=最近沉迷的几款小游戏，每一款都很治愈。
[skip-low] 最近沉迷的几款小游戏，每一款都很治愈。 comments=3
[queue] pop feedId=6a5494c4000000001603f894 remaining=9 title=全网蹲这个小游戏的代餐
[plan] #51 keyword=微信小游戏 title=全网蹲这个小游戏的代餐 comments=65 age=5d score=4 msg=11/微信小游戏 match=10
[post] attempt feedId=6a5494c4000000001603f894 contentLen=42 also_upvote=1
[cdp] spawn timeout=120s cmd=--reuse-existing-tab post-comment-to-feed --feed-id 6a5494c4000000001603f894 --xsec-token(46chars) --content(42chars) --also-upvote
[cdp] done exit=0 elapsed=13.8s stdout=1737 stderr=0
[upvote] confirmed feedId=6a5494c4000000001603f894 changed=True state_after=True
[post] success feedId=6a5494c4000000001603f894
[cdp] phase=post-ok exit=0 feedId=6a5494c4000000001603f894
[cdp] cmd=--reuse-existing-tab post-comment-to-feed --feed-id 6a5494c4000000001603f894 --xsec-token(46chars) --content(42chars) --also-upvote
[cdp]   [cdp_publish] Login cache: enabled (ttl=12h).
[cdp]   [cdp_publish] Tab selection mode: prefer reusing existing tab.
[cdp]   [cdp_publish] Reusing existing tab to reduce focus switching: https://www.xiaohongshu.com/explore/6a56fa4b000000000701282a?xsec_token=AB3iCyiC3fQH_A59fln8paEqrG_TkXTTrNEYberDoWJ9I=&xsec_source=pc_feed
[cdp]   [cdp_publish] Connecting to ws://127.0.0.1:9222/devtools/page/B96CD23BB4E4AD3F117D9633C1C7CDCA
[cdp]   [cdp_publish] Connected to Chrome tab.
[cdp]   [cdp_publish] Using cached login status (home, age=121m, ttl=12h).
[cdp]   [cdp_publish] Home login confirmed (cached).
[cdp]   [cdp_publish] Navigating to https://www.xiaohongshu.com/explore/6a5494c4000000001603f894?xsec_token=ABdaTAdFTlq1Ntqy8uPL7hJTnUB4a5Ra-2c4ltJShkXCo=&xsec_source=pc_feed
[cdp]   [cdp_publish] Clicking comment input box at (781, 1227)...
[cdp]   [cdp_publish] Clicking comment submit button at (992, 1283)...
[cdp]   [cdp_publish] Comment posted. feed_id=6a5494c4000000001603f894, length=42
[cdp]   [cdp_publish] Clicking note like in interact bar at (895, 1197) hint=interact-container .like-wrapper target=SPAN bar=interactions engage-bar top=1185.3333740234375 left=874.731689453125 viewport={'w': 1254, 'h': 1287}
[cdp]   [cdp_publish] JS click on like-wrapper, class_after=like-wrapper like-active at=(904.9452323913574, 1197.3333740234375)
[cdp]   [cdp_publish] Note like toggled. changed=True state_before=False state_after=True
[cdp]   [cdp_publish] Note upvoted on same page. changed=True state_after=True
[cdp]   POST_COMMENT_RESULT:
[ok] post done (51/68)
[wait] 100s (~1.7min, random 60-120s)
[queue] pop feedId=6a558cff000000001102c748 remaining=8 title=在小游戏里发现前同事
[skip-low] 在小游戏里发现前同事 comments=0
[queue] pop feedId=6a50ca49000000000f031b13 remaining=7 title=下谁这个猜词小游戏用的什么网站？
[plan] #52 keyword=微信小游戏 title=下谁这个猜词小游戏用的什么网站？ comments=74 age=8d score=4 msg=11/微信小游戏 match=10
[post] attempt feedId=6a50ca49000000000f031b13 contentLen=42 also_upvote=1
[cdp] spawn timeout=120s cmd=--reuse-existing-tab post-comment-to-feed --feed-id 6a50ca49000000000f031b13 --xsec-token(46chars) --content(42chars) --also-upvote
[cdp] done exit=0 elapsed=14.7s stdout=1739 stderr=0
[upvote] confirmed feedId=6a50ca49000000000f031b13 changed=True state_after=True
[post] success feedId=6a50ca49000000000f031b13
[cdp] phase=post-ok exit=0 feedId=6a50ca49000000000f031b13
[cdp] cmd=--reuse-existing-tab post-comment-to-feed --feed-id 6a50ca49000000000f031b13 --xsec-token(46chars) --content(42chars) --also-upvote
[cdp]   [cdp_publish] Login cache: enabled (ttl=12h).
[cdp]   [cdp_publish] Tab selection mode: prefer reusing existing tab.
[cdp]   [cdp_publish] Reusing existing tab to reduce focus switching: https://www.xiaohongshu.com/explore/6a5494c4000000001603f894?xsec_token=ABdaTAdFTlq1Ntqy8uPL7hJTnUB4a5Ra-2c4ltJShkXCo=&xsec_source=pc_feed
[cdp]   [cdp_publish] Connecting to ws://127.0.0.1:9222/devtools/page/B96CD23BB4E4AD3F117D9633C1C7CDCA
[cdp]   [cdp_publish] Connected to Chrome tab.
[cdp]   [cdp_publish] Using cached login status (home, age=123m, ttl=12h).
[cdp]   [cdp_publish] Home login confirmed (cached).
[cdp]   [cdp_publish] Navigating to https://www.xiaohongshu.com/explore/6a50ca49000000000f031b13?xsec_token=ABpbY3fsS5cXlq1r-oxxIISwKncb2RchAfXpp6sdc-Sn8=&xsec_source=pc_feed
[cdp]   [cdp_publish] Clicking comment input box at (835, 1227)...
[cdp]   [cdp_publish] Clicking comment submit button at (1046, 1283)...
[cdp]   [cdp_publish] Comment posted. feed_id=6a50ca49000000000f031b13, length=42
[cdp]   [cdp_publish] Clicking note like in interact bar at (941, 1197) hint=interact-container .like-wrapper target=SPAN bar=interactions engage-bar top=1185.3333740234375 left=920.5104370117188 viewport={'w': 1254, 'h': 1287}
[cdp]   [cdp_publish] JS click on like-wrapper, class_after=like-wrapper like-active at=(954.8281478881836, 1197.3333740234375)
[cdp]   [cdp_publish] Note like toggled. changed=True state_before=False state_after=True
[cdp]   [cdp_publish] Note upvoted on same page. changed=True state_after=True
[cdp]   POST_COMMENT_RESULT:
[ok] post done (52/68)
[wait] 95s (~1.6min, random 60-120s)
[queue] pop feedId=6a3cdc10000000001102fdb1 remaining=6 title=🎮｜爽玩！不用下载的5款治愈小游戏
[skip-low] 🎮｜爽玩！不用下载的5款治愈小游戏 comments=2
[queue] pop feedId=6a395f8900000000060228f3 remaining=5 title=这个叠叠乐小游戏，会有人想玩吗？🎮
[skip-low] 这个叠叠乐小游戏，会有人想玩吗？🎮 comments=1
[queue] pop feedId=6a366bb7000000001101cfca remaining=4 title=求微信小程序游戏
[skip-low] 求微信小程序游戏 comments=5
[queue] pop feedId=6a314cde000000001102f21a remaining=3 title=情侣异地小游戏
[skip-low] 情侣异地小游戏 comments=6
[queue] pop feedId=6a2adf9e000000001702eb98 remaining=2 title=半个多月，我用Codex开发了一款小游戏。
[plan] #53 keyword=微信小游戏 title=半个多月，我用Codex开发了一款小游戏。 comments=71 age=37d score=4 msg=11/微信小游戏 match=10
[post] attempt feedId=6a2adf9e000000001702eb98 contentLen=42 also_upvote=1
[cdp] spawn timeout=120s cmd=--reuse-existing-tab post-comment-to-feed --feed-id 6a2adf9e000000001702eb98 --xsec-token(46chars) --content(42chars) --also-upvote
[cdp] done exit=0 elapsed=14.4s stdout=1739 stderr=0
[upvote] confirmed feedId=6a2adf9e000000001702eb98 changed=True state_after=True
[post] success feedId=6a2adf9e000000001702eb98
[cdp] phase=post-ok exit=0 feedId=6a2adf9e000000001702eb98
[cdp] cmd=--reuse-existing-tab post-comment-to-feed --feed-id 6a2adf9e000000001702eb98 --xsec-token(46chars) --content(42chars) --also-upvote
[cdp]   [cdp_publish] Login cache: enabled (ttl=12h).
[cdp]   [cdp_publish] Tab selection mode: prefer reusing existing tab.
[cdp]   [cdp_publish] Reusing existing tab to reduce focus switching: https://www.xiaohongshu.com/explore/6a50ca49000000000f031b13?xsec_token=ABpbY3fsS5cXlq1r-oxxIISwKncb2RchAfXpp6sdc-Sn8=&xsec_source=pc_feed
[cdp]   [cdp_publish] Connecting to ws://127.0.0.1:9222/devtools/page/B96CD23BB4E4AD3F117D9633C1C7CDCA
[cdp]   [cdp_publish] Connected to Chrome tab.
[cdp]   [cdp_publish] Using cached login status (home, age=125m, ttl=12h).
[cdp]   [cdp_publish] Home login confirmed (cached).
[cdp]   [cdp_publish] Navigating to https://www.xiaohongshu.com/explore/6a2adf9e000000001702eb98?xsec_token=AB_Y6rJ4r_TLs1ZS5VJwG5XhwqcYZ4hbHJ5tegAcWzB-4=&xsec_source=pc_feed
[cdp]   [cdp_publish] Clicking comment input box at (835, 1227)...
[cdp]   [cdp_publish] Clicking comment submit button at (1046, 1283)...
[cdp]   [cdp_publish] Comment posted. feed_id=6a2adf9e000000001702eb98, length=42
[cdp]   [cdp_publish] Clicking note like in interact bar at (932, 1197) hint=interact-container .like-wrapper target=SPAN bar=interactions engage-bar top=1185.3333740234375 left=912.3021240234375 viewport={'w': 1254, 'h': 1287}
[cdp]   [cdp_publish] JS click on like-wrapper, class_after=like-wrapper like-active at=(946.6198348999023, 1197.3333740234375)
[cdp]   [cdp_publish] Note like toggled. changed=True state_before=False state_after=True
[cdp]   [cdp_publish] Note upvoted on same page. changed=True state_after=True
[cdp]   POST_COMMENT_RESULT:
[ok] post done (53/68)
[wait] 63s (~1.1min, random 60-120s)
[queue] pop feedId=6a1cfe2000000000060365c0 remaining=1 title=一个神仙小游戏，解压➕学习
[skip-low] 一个神仙小游戏，解压➕学习 comments=4
[queue] pop feedId=6a0d9a53000000000803d406 remaining=0 title=小游戏《猫咪碰杯吧》小动物顾客奶茶攻略
[plan] #54 keyword=微信小游戏 title=小游戏《猫咪碰杯吧》小动物顾客奶茶攻略 comments=25 age=60d score=4 msg=11/微信小游戏 match=10
[post] attempt feedId=6a0d9a53000000000803d406 contentLen=42 also_upvote=1
[cdp] spawn timeout=120s cmd=--reuse-existing-tab post-comment-to-feed --feed-id 6a0d9a53000000000803d406 --xsec-token(46chars) --content(42chars) --also-upvote
[cdp] done exit=0 elapsed=14.8s stdout=1739 stderr=0
[upvote] confirmed feedId=6a0d9a53000000000803d406 changed=True state_after=True
[post] success feedId=6a0d9a53000000000803d406
[cdp] phase=post-ok exit=0 feedId=6a0d9a53000000000803d406
[cdp] cmd=--reuse-existing-tab post-comment-to-feed --feed-id 6a0d9a53000000000803d406 --xsec-token(46chars) --content(42chars) --also-upvote
[cdp]   [cdp_publish] Login cache: enabled (ttl=12h).
[cdp]   [cdp_publish] Tab selection mode: prefer reusing existing tab.
[cdp]   [cdp_publish] Reusing existing tab to reduce focus switching: https://www.xiaohongshu.com/explore/6a2adf9e000000001702eb98?xsec_token=AB_Y6rJ4r_TLs1ZS5VJwG5XhwqcYZ4hbHJ5tegAcWzB-4=&xsec_source=pc_feed
[cdp]   [cdp_publish] Connecting to ws://127.0.0.1:9222/devtools/page/B96CD23BB4E4AD3F117D9633C1C7CDCA
[cdp]   [cdp_publish] Connected to Chrome tab.
[cdp]   [cdp_publish] Using cached login status (home, age=126m, ttl=12h).
[cdp]   [cdp_publish] Home login confirmed (cached).
[cdp]   [cdp_publish] Navigating to https://www.xiaohongshu.com/explore/6a0d9a53000000000803d406?xsec_token=ABTyT0VA6rIbRvzhFqKgU74GmmFfroUh0TYLaiYsxqwLg=&xsec_source=pc_feed
[cdp]   [cdp_publish] Clicking comment input box at (835, 1227)...
[cdp]   [cdp_publish] Clicking comment submit button at (1046, 1283)...
[cdp]   [cdp_publish] Comment posted. feed_id=6a0d9a53000000000803d406, length=42
[cdp]   [cdp_publish] Clicking note like in interact bar at (932, 1197) hint=interact-container .like-wrapper target=SPAN bar=interactions engage-bar top=1185.3333740234375 left=912.3021240234375 viewport={'w': 1254, 'h': 1287}
[cdp]   [cdp_publish] JS click on like-wrapper, class_after=like-wrapper like-active at=(946.6198348999023, 1197.3333740234375)
[cdp]   [cdp_publish] Note like toggled. changed=True state_before=False state_after=True
[cdp]   [cdp_publish] Note upvoted on same page. changed=True state_after=True
[cdp]   POST_COMMENT_RESULT:
[ok] post done (54/68)
[wait] 91s (~1.5min, random 60-120s)
[queue] empty refilling keyword=微信小游戏 sort=最新 task=12/42 empty_streak=0 seen_feeds=886
[search-wait] 9s before keyword=微信小游戏 sort=最新
[cdp] spawn timeout=180s cmd=--reuse-existing-tab search-feeds --keyword 微信小游戏 --sort-by 最新 --publish-time 半年内 --search-scrolls 4
[cdp] done exit=0 elapsed=35.0s stdout=144952 stderr=0
[search-filter] keyword=微信小游戏 sort=最新 scrolls=4 {'too_old': 5, 'dup_or_empty_id': 33, 'not_note': 2, 'low_relevance': 2}
[search] keyword=微信小游戏 sort=最新 raw=42 skipped=42 usable=0 queued=0 rate_limited=False
[queue] empty refilling keyword=迷宫游戏 sort=综合 task=13/42 empty_streak=1 seen_feeds=893
[search-wait] 8s before keyword=迷宫游戏 sort=综合
[cdp] spawn timeout=180s cmd=--reuse-existing-tab search-feeds --keyword 迷宫游戏 --sort-by 综合 --publish-time 半年内 --search-scrolls 4
[cdp] done exit=0 elapsed=12.5s stdout=463312 stderr=0
[search-filter] keyword=迷宫游戏 sort=综合 scrolls=4 {'dup_or_empty_id': 62, 'low_relevance': 18, 'too_old': 13, 'not_note': 6, 'bad_title': 7, 'already_commented': 3}
[search] keyword=迷宫游戏 sort=综合 raw=126 skipped=109 usable=17 queued=17 rate_limited=False
[queue] loaded 17 candidates, will post one-by-one before next search
[queue] pop feedId=6a533ae70000000021008879 remaining=16 title=如题，找一款解谜游戏
[skip-low] 如题，找一款解谜游戏 comments=7
[queue] pop feedId=6a4f4ea20000000011018b90 remaining=15 title=推荐数独游戏：Murdoku
[skip-low] 推荐数独游戏：Murdoku comments=9
[queue] pop feedId=6a33e9180000000017029bf1 remaining=14 title=游戏推荐
[plan] #55 keyword=迷宫游戏 title=游戏推荐 comments=35 age=31d score=4 msg=1/求推荐 match=7
[post] attempt feedId=6a33e9180000000017029bf1 contentLen=55 also_upvote=1
[cdp] spawn timeout=120s cmd=--reuse-existing-tab post-comment-to-feed --feed-id 6a33e9180000000017029bf1 --xsec-token(46chars) --content(55chars) --also-upvote
[cdp] done exit=0 elapsed=12.8s stdout=2315 stderr=0
[upvote-warn] feedId=6a33e9180000000017029bf1 comment ok but like not confirmed upvote={'success': False, 'changed': False, 'state_before': False, 'state_after': False}
[post] success feedId=6a33e9180000000017029bf1
[cdp] phase=post-ok exit=0 feedId=6a33e9180000000017029bf1
[cdp] cmd=--reuse-existing-tab post-comment-to-feed --feed-id 6a33e9180000000017029bf1 --xsec-token(46chars) --content(55chars) --also-upvote
[cdp]   [cdp_publish] Login cache: enabled (ttl=12h).
[cdp]   [cdp_publish] Tab selection mode: prefer reusing existing tab.
[cdp]   [cdp_publish] Reusing existing tab to reduce focus switching: https://www.xiaohongshu.com/search_result?keyword=%E8%BF%B7%E5%AE%AB%E6%B8%B8%E6%88%8F&source=web_explore_feed&type=51
[cdp]   [cdp_publish] Connecting to ws://127.0.0.1:9222/devtools/page/B96CD23BB4E4AD3F117D9633C1C7CDCA
[cdp]   [cdp_publish] Connected to Chrome tab.
[cdp]   [cdp_publish] Using cached login status (home, age=129m, ttl=12h).
[cdp]   [cdp_publish] Home login confirmed (cached).
[cdp]   [cdp_publish] Navigating to https://www.xiaohongshu.com/explore/6a33e9180000000017029bf1?xsec_token=ABFdhEvX3zHt_uas5VolbivKXkK8FgY9e6SRW_JqGooac=&xsec_source=pc_feed
[cdp]   [cdp_publish] Clicking comment input box at (854, 1227)...
[cdp]   [cdp_publish] Clicking comment submit button at (1046, 1227)...
[cdp]   [cdp_publish] Comment posted. feed_id=6a33e9180000000017029bf1, length=55
[cdp]   [cdp_publish] Clicking note like in interact bar at (945, 1227) hint=interact-container .like-wrapper target=SPAN bar=interactions engage-bar top=1215.3333740234375 left=925.3541870117188 viewport={'w': 1254, 'h': 1287}
[cdp]   [cdp_publish] JS click on like-wrapper, class_after=like-wrapper like-active at=(951.4635620117188, 1227.3333740234375)
[cdp]   [cdp_publish] Warning: note like click did not activate. state_before=False state_after=False likeRoot.class=like-wrapper like-active visual_before={'className': 'like-wrapper like-active', 'ariaPressed': '', 'color': 'rgb(51, 51, 51)', 'svgColor': 'rgb(51, 51, 51)', 'svgHtml': '<span data-v-9403e00c="" class="like-lottie" style="width: 24px; height: 24px;"></span>'} visual_after={'className': 'like-wrapper like-active', 'ariaPressed': '', 'color': 'rgb(51, 51, 51)', 'svgColor': 'rgb(51, 51, 51)', 'svgHtml': '<span data-v-9403e00c="" class="like-lottie" style="width: 24px; height: 24px;"></span>'}
[cdp]   [cdp_publish] Warning: upvote on same page failed. payload={'success': False, 'changed': False, 'state_before': False, 'state_after': False}
[cdp]   POST_COMMENT_RESULT:
[ok] post done (55/68)
[wait] 88s (~1.5min, random 60-120s)
[queue] pop feedId=6a212bc6000000003700fe04 remaining=13 title=A4 打印出来，感觉像真的小游戏了
[plan] #56 keyword=迷宫游戏 title=A4 打印出来，感觉像真的小游戏了 comments=23 age=45d score=4 msg=11/微信小游戏 match=5
[post] attempt feedId=6a212bc6000000003700fe04 contentLen=42 also_upvote=1
[cdp] spawn timeout=120s cmd=--reuse-existing-tab post-comment-to-feed --feed-id 6a212bc6000000003700fe04 --xsec-token(46chars) --content(42chars) --also-upvote
[cdp] done exit=0 elapsed=11.7s stdout=2327 stderr=0
[upvote-warn] feedId=6a212bc6000000003700fe04 comment ok but like not confirmed upvote={'success': False, 'changed': False, 'state_before': False, 'state_after': False}
[post] success feedId=6a212bc6000000003700fe04
[cdp] phase=post-ok exit=0 feedId=6a212bc6000000003700fe04
[cdp] cmd=--reuse-existing-tab post-comment-to-feed --feed-id 6a212bc6000000003700fe04 --xsec-token(46chars) --content(42chars) --also-upvote
[cdp]   [cdp_publish] Login cache: enabled (ttl=12h).
[cdp]   [cdp_publish] Tab selection mode: prefer reusing existing tab.
[cdp]   [cdp_publish] Reusing existing tab to reduce focus switching: https://www.xiaohongshu.com/explore/6a33e9180000000017029bf1?xsec_token=ABFdhEvX3zHt_uas5VolbivKXkK8FgY9e6SRW_JqGooac=&xsec_source=pc_feed
[cdp]   [cdp_publish] Connecting to ws://127.0.0.1:9222/devtools/page/B96CD23BB4E4AD3F117D9633C1C7CDCA
[cdp]   [cdp_publish] Connected to Chrome tab.
[cdp]   [cdp_publish] Using cached login status (home, age=131m, ttl=12h).
[cdp]   [cdp_publish] Home login confirmed (cached).
[cdp]   [cdp_publish] Navigating to https://www.xiaohongshu.com/explore/6a212bc6000000003700fe04?xsec_token=ABsJ3QlRdRBDthmeWmIUMqnbKWrUYakcgm6_I7c8CrS9Q=&xsec_source=pc_feed
[cdp]   [cdp_publish] Clicking comment input box at (854, 1227)...
[cdp]   [cdp_publish] Clicking comment submit button at (1046, 1227)...
[cdp]   [cdp_publish] Comment posted. feed_id=6a212bc6000000003700fe04, length=42
[cdp]   [cdp_publish] Clicking note like in interact bar at (949, 1227) hint=interact-container .like-wrapper target=SPAN bar=interactions engage-bar top=1215.3333740234375 left=928.71875 viewport={'w': 1254, 'h': 1287}
[cdp]   [cdp_publish] JS click on like-wrapper, class_after=like-wrapper like-active at=(958.9322929382324, 1227.3333740234375)
[cdp]   [cdp_publish] Warning: note like click did not activate. state_before=False state_after=False likeRoot.class=like-wrapper like-active visual_before={'className': 'like-wrapper like-active', 'ariaPressed': '', 'color': 'rgb(51, 51, 51)', 'svgColor': 'rgb(51, 51, 51)', 'svgHtml': '<span data-v-9403e00c="" class="like-lottie" style="width: 24px; height: 24px;"></span>'} visual_after={'className': 'like-wrapper like-active', 'ariaPressed': '', 'color': 'rgb(51, 51, 51)', 'svgColor': 'rgb(51, 51, 51)', 'svgHtml': '<span data-v-9403e00c="" class="like-lottie" style="width: 24px; height: 24px;"></span>'}
[cdp]   [cdp_publish] Warning: upvote on same page failed. payload={'success': False, 'changed': False, 'state_before': False, 'state_after': False}
[cdp]   POST_COMMENT_RESULT:
[ok] post done (56/68)
[wait] 104s (~1.7min, random 60-120s)
[queue] pop feedId=6a574b8e000000001702dbfd remaining=12 title=『迷宫』圆形迷宫（可下载）
[skip-low] 『迷宫』圆形迷宫（可下载） comments=9
[queue] pop feedId=6a51366800000000150272a8 remaining=11 title=『迷宫』收集工具（可下载）
[skip-low] 『迷宫』收集工具（可下载） comments=2
[queue] pop feedId=6a5070cd000000002100809d remaining=10 title=发现个迷宫网站挺有意思
[skip-low] 发现个迷宫网站挺有意思 comments=0
[queue] pop feedId=6a4bdbb80000000016025fc8 remaining=9 title=『迷宫』勇者斗拖鞋大王①（可下载）
[skip-low] 『迷宫』勇者斗拖鞋大王①（可下载） comments=2
[queue] pop feedId=6a4a7fb7000000001702c401 remaining=8 title=『迷宫』简单好玩版③（可下载）
[skip-low] 『迷宫』简单好玩版③（可下载） comments=4
[queue] pop feedId=6a4699fb000000000f028272 remaining=7 title=『迷宫』毫无压力版（可下载）
[skip-low] 『迷宫』毫无压力版（可下载） comments=7
[queue] pop feedId=6a47e06c0000000017028476 remaining=6 title=『迷宫』简单好玩版②（可下载）
[skip-low] 『迷宫』简单好玩版②（可下载） comments=0
[queue] pop feedId=6a40e454000000001603e033 remaining=5 title=最难迷宫
[skip-low] 最难迷宫 comments=1
[queue] pop feedId=6a3fe77a000000001c025945 remaining=4 title=『今日迷宫』 你能找到正确的路线吗？
[skip-low] 『今日迷宫』 你能找到正确的路线吗？ comments=2
[queue] pop feedId=6a3a47d2000000000603520d remaining=3 title=迷宫 ⚠️第二张是答案⚠️
[skip-low] 迷宫 ⚠️第二张是答案⚠️ comments=5
[queue] pop feedId=6a37dcfe0000000008003a19 remaining=2 title=专注力练习23  趣味迷宫
[skip-low] 专注力练习23  趣味迷宫 comments=0
[queue] pop feedId=6a2a6014000000000e031400 remaining=1 title=卡通迷宫~ 适合 7岁以上 （免费打印）
[plan] #57 keyword=迷宫游戏 title=卡通迷宫~ 适合 7岁以上 （免费打印） comments=51 age=38d score=2 msg=11/微信小游戏 match=3
[post] attempt feedId=6a2a6014000000000e031400 contentLen=42 also_upvote=1
[cdp] spawn timeout=120s cmd=--reuse-existing-tab post-comment-to-feed --feed-id 6a2a6014000000000e031400 --xsec-token(46chars) --content(42chars) --also-upvote
[cdp] done exit=0 elapsed=11.2s stdout=2335 stderr=0
[upvote-warn] feedId=6a2a6014000000000e031400 comment ok but like not confirmed upvote={'success': False, 'changed': False, 'state_before': False, 'state_after': False}
[post] success feedId=6a2a6014000000000e031400
[cdp] phase=post-ok exit=0 feedId=6a2a6014000000000e031400
[cdp] cmd=--reuse-existing-tab post-comment-to-feed --feed-id 6a2a6014000000000e031400 --xsec-token(46chars) --content(42chars) --also-upvote
[cdp]   [cdp_publish] Login cache: enabled (ttl=12h).
[cdp]   [cdp_publish] Tab selection mode: prefer reusing existing tab.
[cdp]   [cdp_publish] Reusing existing tab to reduce focus switching: https://www.xiaohongshu.com/explore/6a212bc6000000003700fe04?xsec_token=ABsJ3QlRdRBDthmeWmIUMqnbKWrUYakcgm6_I7c8CrS9Q=&xsec_source=pc_feed
[cdp]   [cdp_publish] Connecting to ws://127.0.0.1:9222/devtools/page/B96CD23BB4E4AD3F117D9633C1C7CDCA
[cdp]   [cdp_publish] Connected to Chrome tab.
[cdp]   [cdp_publish] Using cached login status (home, age=133m, ttl=12h).
[cdp]   [cdp_publish] Home login confirmed (cached).
[cdp]   [cdp_publish] Navigating to https://www.xiaohongshu.com/explore/6a2a6014000000000e031400?xsec_token=AB_Y6rJ4r_TLs1ZS5VJwG5Xj4ouwgyxwG5m_p8esqZm4o=&xsec_source=pc_feed
[cdp]   [cdp_publish] Clicking comment input box at (854, 1227)...
[cdp]   [cdp_publish] Clicking comment submit button at (1046, 1227)...
[cdp]   [cdp_publish] Comment posted. feed_id=6a2a6014000000000e031400, length=42
[cdp]   [cdp_publish] Clicking note like in interact bar at (932, 1227) hint=interact-container .like-wrapper target=SPAN bar=interactions engage-bar top=1215.3333740234375 left=912.3021240234375 viewport={'w': 1254, 'h': 1287}
[cdp]   [cdp_publish] JS click on like-wrapper, class_after=like-wrapper like-active at=(946.6198348999023, 1227.3333740234375)
[cdp]   [cdp_publish] Warning: note like click did not activate. state_before=False state_after=False likeRoot.class=like-wrapper like-active visual_before={'className': 'like-wrapper like-active', 'ariaPressed': '', 'color': 'rgb(51, 51, 51)', 'svgColor': 'rgb(51, 51, 51)', 'svgHtml': '<span data-v-9403e00c="" class="like-lottie" style="width: 24px; height: 24px;"></span>'} visual_after={'className': 'like-wrapper like-active', 'ariaPressed': '', 'color': 'rgb(51, 51, 51)', 'svgColor': 'rgb(51, 51, 51)', 'svgHtml': '<span data-v-9403e00c="" class="like-lottie" style="width: 24px; height: 24px;"></span>'}
[cdp]   [cdp_publish] Warning: upvote on same page failed. payload={'success': False, 'changed': False, 'state_before': False, 'state_after': False}
[cdp]   POST_COMMENT_RESULT:
[ok] post done (57/68)
[wait] 72s (~1.2min, random 60-120s)
[queue] pop feedId=6a16a41d000000003601a679 remaining=0 title=『今日迷宫』 画出正确的路线，我给你点赞
[skip-low] 『今日迷宫』 画出正确的路线，我给你点赞 comments=5
[queue] empty refilling keyword=迷宫游戏 sort=最新 task=14/42 empty_streak=0 seen_feeds=951
[search-wait] 8s before keyword=迷宫游戏 sort=最新
[cdp] spawn timeout=180s cmd=--reuse-existing-tab search-feeds --keyword 迷宫游戏 --sort-by 最新 --publish-time 半年内 --search-scrolls 4
[cdp] done exit=0 elapsed=13.4s stdout=516919 stderr=0
[search-filter] keyword=迷宫游戏 sort=最新 scrolls=4 {'low_relevance': 10, 'not_note': 6, 'dup_or_empty_id': 38, 'bad_title': 8, 'already_commented': 5, 'too_old': 24}
[search] keyword=迷宫游戏 sort=最新 raw=126 skipped=91 usable=35 queued=35 rate_limited=False
[queue] loaded 35 candidates, will post one-by-one before next search
[queue] pop feedId=6a58cd56000000000f00976f remaining=34 title=济州金宁迷宫公园｜迷宫+撸猫+脚踏车+游戏
[skip-low] 济州金宁迷宫公园｜迷宫+撸猫+脚踏车+游戏 comments=0
[queue] pop feedId=6a59b528000000001c00e14e remaining=33 title=挑战100个不花钱亲子游戏70-走迷宫
[skip-low] 挑战100个不花钱亲子游戏70-走迷宫 comments=0
[queue] pop feedId=6a4626d60000000007023ec1 remaining=32 title=@所有人，进来玩个小游戏
[skip-low] @所有人，进来玩个小游戏 comments=1
[queue] pop feedId=6a466071000000002103fe11 remaining=31 title=🤩超实用🔥字母迷宫游戏🔥英语启蒙必备🔥
[skip-low] 🤩超实用🔥字母迷宫游戏🔥英语启蒙必备🔥 comments=0
[queue] pop feedId=6a439832000000000f007315 remaining=30 title=今日份分享走迷宫游戏
[skip-low] 今日份分享走迷宫游戏 comments=1
[queue] pop feedId=6a4366530000000006021acb remaining=29 title=益智亲子游戏，根本停不下来！
[skip-low] 益智亲子游戏，根本停不下来！ comments=0
[queue] pop feedId=6a3e4d680000000017029b5e remaining=28 title=什么年代了谁还玩传统迷宫游戏！3D迷宫教程
[plan] #58 keyword=迷宫游戏 title=什么年代了谁还玩传统迷宫游戏！3D迷宫教程 comments=45 age=23d score=4 msg=3/求推荐 match=0
[post] attempt feedId=6a3e4d680000000017029b5e contentLen=55 also_upvote=1
[cdp] spawn timeout=120s cmd=--reuse-existing-tab post-comment-to-feed --feed-id 6a3e4d680000000017029b5e --xsec-token(46chars) --content(55chars) --also-upvote
[cdp] done exit=0 elapsed=12.4s stdout=2315 stderr=0
[upvote-warn] feedId=6a3e4d680000000017029b5e comment ok but like not confirmed upvote={'success': False, 'changed': False, 'state_before': False, 'state_after': False}
[post] success feedId=6a3e4d680000000017029b5e
[cdp] phase=post-ok exit=0 feedId=6a3e4d680000000017029b5e
[cdp] cmd=--reuse-existing-tab post-comment-to-feed --feed-id 6a3e4d680000000017029b5e --xsec-token(46chars) --content(55chars) --also-upvote
[cdp]   [cdp_publish] Login cache: enabled (ttl=12h).
[cdp]   [cdp_publish] Tab selection mode: prefer reusing existing tab.
[cdp]   [cdp_publish] Reusing existing tab to reduce focus switching: https://www.xiaohongshu.com/search_result?keyword=%E8%BF%B7%E5%AE%AB%E6%B8%B8%E6%88%8F&source=web_explore_feed&type=51
[cdp]   [cdp_publish] Connecting to ws://127.0.0.1:9222/devtools/page/B96CD23BB4E4AD3F117D9633C1C7CDCA
[cdp]   [cdp_publish] Connected to Chrome tab.
[cdp]   [cdp_publish] Using cached login status (home, age=134m, ttl=12h).
[cdp]   [cdp_publish] Home login confirmed (cached).
[cdp]   [cdp_publish] Navigating to https://www.xiaohongshu.com/explore/6a3e4d680000000017029b5e?xsec_token=ABlfGSyDs2YDhcyBvk8rQUA2Yp9QPHkONhNn-XEEmAJLs=&xsec_source=pc_feed
[cdp]   [cdp_publish] Clicking comment input box at (854, 1227)...
[cdp]   [cdp_publish] Clicking comment submit button at (1046, 1227)...
[cdp]   [cdp_publish] Comment posted. feed_id=6a3e4d680000000017029b5e, length=55
[cdp]   [cdp_publish] Clicking note like in interact bar at (932, 1227) hint=interact-container .like-wrapper target=SPAN bar=interactions engage-bar top=1215.3333740234375 left=912.3021240234375 viewport={'w': 1254, 'h': 1287}
[cdp]   [cdp_publish] JS click on like-wrapper, class_after=like-wrapper like-active at=(946.6198348999023, 1227.3333740234375)
[cdp]   [cdp_publish] Warning: note like click did not activate. state_before=False state_after=False likeRoot.class=like-wrapper like-active visual_before={'className': 'like-wrapper like-active', 'ariaPressed': '', 'color': 'rgb(51, 51, 51)', 'svgColor': 'rgb(51, 51, 51)', 'svgHtml': '<span data-v-9403e00c="" class="like-lottie" style="width: 24px; height: 24px;"></span>'} visual_after={'className': 'like-wrapper like-active', 'ariaPressed': '', 'color': 'rgb(51, 51, 51)', 'svgColor': 'rgb(51, 51, 51)', 'svgHtml': '<span data-v-9403e00c="" class="like-lottie" style="width: 24px; height: 24px;"></span>'}
[cdp]   [cdp_publish] Warning: upvote on same page failed. payload={'success': False, 'changed': False, 'state_before': False, 'state_after': False}
[cdp]   POST_COMMENT_RESULT:
[ok] post done (58/68)
[wait] 87s (~1.4min, random 60-120s)
[queue] pop feedId=6a3b6c95000000000603030d remaining=27 title=迷宫游戏(四十二)💎💎💎
[skip-low] 迷宫游戏(四十二)💎💎💎 comments=0
[queue] pop feedId=6a31665f0000000008024872 remaining=26 title=迷宫游戏(四十一)💎💎💎
[skip-low] 迷宫游戏(四十一)💎💎💎 comments=0
[queue] pop feedId=6a242de8000000001503f676 remaining=25 title=翻译：迷宫大闯关3
[skip-low] 翻译：迷宫大闯关3 comments=0
[queue] pop feedId=6a18ec2200000000070133ee remaining=24 title=迷宫游戏(三十八)💎💎💎
[skip-low] 迷宫游戏(三十八)💎💎💎 comments=0
[queue] pop feedId=6a5a1022000000000401d075 remaining=23 title=狗狗闯关第八集
[skip-low] 狗狗闯关第八集 comments=0
[queue] pop feedId=6a59b401000000000f007708 remaining=22 title=7.17 迷宫挑战赛订单合集、囤货建议
[plan] #59 keyword=迷宫游戏 title=7.17 迷宫挑战赛订单合集、囤货建议 comments=60 age=2d score=2 msg=17/烧脑卡关 match=3
[post] attempt feedId=6a59b401000000000f007708 contentLen=41 also_upvote=1
[cdp] spawn timeout=120s cmd=--reuse-existing-tab post-comment-to-feed --feed-id 6a59b401000000000f007708 --xsec-token(46chars) --content(41chars) --also-upvote
[cdp] done exit=0 elapsed=12.1s stdout=2335 stderr=0
[upvote-warn] feedId=6a59b401000000000f007708 comment ok but like not confirmed upvote={'success': False, 'changed': False, 'state_before': False, 'state_after': False}
[post] success feedId=6a59b401000000000f007708
[cdp] phase=post-ok exit=0 feedId=6a59b401000000000f007708
[cdp] cmd=--reuse-existing-tab post-comment-to-feed --feed-id 6a59b401000000000f007708 --xsec-token(46chars) --content(41chars) --also-upvote
[cdp]   [cdp_publish] Login cache: enabled (ttl=12h).
[cdp]   [cdp_publish] Tab selection mode: prefer reusing existing tab.
[cdp]   [cdp_publish] Reusing existing tab to reduce focus switching: https://www.xiaohongshu.com/explore/6a3e4d680000000017029b5e?xsec_token=ABlfGSyDs2YDhcyBvk8rQUA2Yp9QPHkONhNn-XEEmAJLs=&xsec_source=pc_feed
[cdp]   [cdp_publish] Connecting to ws://127.0.0.1:9222/devtools/page/B96CD23BB4E4AD3F117D9633C1C7CDCA
[cdp]   [cdp_publish] Connected to Chrome tab.
[cdp]   [cdp_publish] Using cached login status (home, age=136m, ttl=12h).
[cdp]   [cdp_publish] Home login confirmed (cached).
[cdp]   [cdp_publish] Navigating to https://www.xiaohongshu.com/explore/6a59b401000000000f007708?xsec_token=ABVHSxjLKoId4zWWw4wfRyFrhJs-uvmQ4RehHKU6Jiayo=&xsec_source=pc_feed
[cdp]   [cdp_publish] Clicking comment input box at (854, 1227)...
[cdp]   [cdp_publish] Clicking comment submit button at (1046, 1227)...
[cdp]   [cdp_publish] Comment posted. feed_id=6a59b401000000000f007708, length=41
[cdp]   [cdp_publish] Clicking note like in interact bar at (941, 1227) hint=interact-container .like-wrapper target=SPAN bar=interactions engage-bar top=1215.3333740234375 left=920.5104370117188 viewport={'w': 1254, 'h': 1287}
[cdp]   [cdp_publish] JS click on like-wrapper, class_after=like-wrapper like-active at=(954.8281478881836, 1227.3333740234375)
[cdp]   [cdp_publish] Warning: note like click did not activate. state_before=False state_after=False likeRoot.class=like-wrapper like-active visual_before={'className': 'like-wrapper like-active', 'ariaPressed': '', 'color': 'rgb(51, 51, 51)', 'svgColor': 'rgb(51, 51, 51)', 'svgHtml': '<span data-v-9403e00c="" class="like-lottie" style="width: 24px; height: 24px;"></span>'} visual_after={'className': 'like-wrapper like-active', 'ariaPressed': '', 'color': 'rgb(51, 51, 51)', 'svgColor': 'rgb(51, 51, 51)', 'svgHtml': '<span data-v-9403e00c="" class="like-lottie" style="width: 24px; height: 24px;"></span>'}
[cdp]   [cdp_publish] Warning: upvote on same page failed. payload={'success': False, 'changed': False, 'state_before': False, 'state_after': False}
[cdp]   POST_COMMENT_RESULT:
[ok] post done (59/68)
[wait] 114s (~1.9min, random 60-120s)
[queue] pop feedId=6a59935500000000110056a6 remaining=21 title=明天-迷宫挑战
[plan] #60 keyword=迷宫游戏 title=明天-迷宫挑战 comments=17 age=2d score=2 msg=17/烧脑卡关 match=3
[post] attempt feedId=6a59935500000000110056a6 contentLen=41 also_upvote=1
[cdp] spawn timeout=120s cmd=--reuse-existing-tab post-comment-to-feed --feed-id 6a59935500000000110056a6 --xsec-token(46chars) --content(41chars) --also-upvote
[cdp] done exit=0 elapsed=11.0s stdout=2335 stderr=0
[upvote-warn] feedId=6a59935500000000110056a6 comment ok but like not confirmed upvote={'success': False, 'changed': False, 'state_before': False, 'state_after': False}
[post] success feedId=6a59935500000000110056a6
[cdp] phase=post-ok exit=0 feedId=6a59935500000000110056a6
[cdp] cmd=--reuse-existing-tab post-comment-to-feed --feed-id 6a59935500000000110056a6 --xsec-token(46chars) --content(41chars) --also-upvote
[cdp]   [cdp_publish] Login cache: enabled (ttl=12h).
[cdp]   [cdp_publish] Tab selection mode: prefer reusing existing tab.
[cdp]   [cdp_publish] Reusing existing tab to reduce focus switching: https://www.xiaohongshu.com/explore/6a59b401000000000f007708?xsec_token=ABVHSxjLKoId4zWWw4wfRyFrhJs-uvmQ4RehHKU6Jiayo=&xsec_source=pc_feed
[cdp]   [cdp_publish] Connecting to ws://127.0.0.1:9222/devtools/page/B96CD23BB4E4AD3F117D9633C1C7CDCA
[cdp]   [cdp_publish] Connected to Chrome tab.
[cdp]   [cdp_publish] Using cached login status (home, age=138m, ttl=12h).
[cdp]   [cdp_publish] Home login confirmed (cached).
[cdp]   [cdp_publish] Navigating to https://www.xiaohongshu.com/explore/6a59935500000000110056a6?xsec_token=ABVHSxjLKoId4zWWw4wfRyFsH7ZSgcpcKWjutsozwcOqk=&xsec_source=pc_feed
[cdp]   [cdp_publish] Clicking comment input box at (854, 1227)...
[cdp]   [cdp_publish] Clicking comment submit button at (1046, 1227)...
[cdp]   [cdp_publish] Comment posted. feed_id=6a59935500000000110056a6, length=41
[cdp]   [cdp_publish] Clicking note like in interact bar at (965, 1227) hint=interact-container .like-wrapper target=SPAN bar=interactions engage-bar top=1215.3333740234375 left=945.1354370117188 viewport={'w': 1254, 'h': 1287}
[cdp]   [cdp_publish] JS click on like-wrapper, class_after=like-wrapper like-active at=(971.2448120117188, 1227.3333740234375)
[cdp]   [cdp_publish] Warning: note like click did not activate. state_before=False state_after=False likeRoot.class=like-wrapper like-active visual_before={'className': 'like-wrapper like-active', 'ariaPressed': '', 'color': 'rgb(51, 51, 51)', 'svgColor': 'rgb(51, 51, 51)', 'svgHtml': '<span data-v-9403e00c="" class="like-lottie" style="width: 24px; height: 24px;"></span>'} visual_after={'className': 'like-wrapper like-active', 'ariaPressed': '', 'color': 'rgb(51, 51, 51)', 'svgColor': 'rgb(51, 51, 51)', 'svgHtml': '<span data-v-9403e00c="" class="like-lottie" style="width: 24px; height: 24px;"></span>'}
[cdp]   [cdp_publish] Warning: upvote on same page failed. payload={'success': False, 'changed': False, 'state_before': False, 'state_after': False}
[cdp]   POST_COMMENT_RESULT:
[ok] post done (60/68)
[wait] 115s (~1.9min, random 60-120s)
[queue] pop feedId=6a591afe000000000f01f5b1 remaining=20 title=奇异人生第五章迷宫
[skip-low] 奇异人生第五章迷宫 comments=8
[queue] pop feedId=6a589111000000001b01d6ff remaining=19 title=『迷宫』非常容易版（可下载）
[skip-low] 『迷宫』非常容易版（可下载） comments=5
[queue] pop feedId=6a59d13f000000000f01473f remaining=18 title=3D染色迷宫
[skip-low] 3D染色迷宫 comments=3
[queue] pop feedId=6a56f1e800000000060359ea remaining=17 title=升一年级数学衔接｜10以内加减法算数迷宫
[skip-low] 升一年级数学衔接｜10以内加减法算数迷宫 comments=0
[queue] pop feedId=6a54c3af0000000011006a43 remaining=16 title=重力迷宫难度真的可以啊！卡关了！
[skip-low] 重力迷宫难度真的可以啊！卡关了！ comments=4
[queue] pop feedId=6a53c32700000000070133dc remaining=15 title=『迷宫』收集星星能量（可下载）
[skip-low] 『迷宫』收集星星能量（可下载） comments=0
[queue] pop feedId=6a521dad000000001603c41a remaining=14 title=今天来练专注力：数字迷宫！
[skip-low] 今天来练专注力：数字迷宫！ comments=1
[queue] pop feedId=6a4f4b63000000001503e851 remaining=13 title=称动迷宫
[skip-low] 称动迷宫 comments=0
[queue] pop feedId=6a4b9d6a0000000008030c0c remaining=12 title=5岁女儿沉浸式走迷宫｜《环球世界大冒险》
[skip-low] 5岁女儿沉浸式走迷宫｜《环球世界大冒险》 comments=0
[queue] pop feedId=6a411b970000000021022cc6 remaining=11 title=儿童思维专注力丨配对迷宫
[skip-low] 儿童思维专注力丨配对迷宫 comments=0
[queue] pop feedId=6a40eb84000000000f0041d0 remaining=10 title=根本停不下来！这迷宫太治愈了 🧩✨
[skip-low] 根本停不下来！这迷宫太治愈了 🧩✨ comments=0
[queue] pop feedId=6a3bad3e00000000110061fa remaining=9 title=谜迷宫太神了！反转再反转
[skip-low] 谜迷宫太神了！反转再反转 comments=0
[queue] pop feedId=6a368be30000000015025262 remaining=8 title=『今日迷宫』 你能找到正确的路吗？
[skip-low] 『今日迷宫』 你能找到正确的路吗？ comments=4
[queue] pop feedId=6a2b8173000000001700a1db remaining=7 title=适合3-5岁小朋友的专注力训练法—走迷宫
[skip-low] 适合3-5岁小朋友的专注力训练法—走迷宫 comments=1
[queue] pop feedId=6a25404a0000000035029f21 remaining=6 title=走迷宫！
[skip-low] 走迷宫！ comments=0
[queue] pop feedId=6a1e13f10000000038023e74 remaining=5 title=『今日迷宫』 你行吗？一个很长的立体迷宫，
[skip-low] 『今日迷宫』 你行吗？一个很长的立体迷宫， comments=3
[queue] pop feedId=6a1c382900000000370370f0 remaining=4 title=『今日迷宫』 这个迷宫有点意思，走走看！
[skip-low] 『今日迷宫』 这个迷宫有点意思，走走看！ comments=2
[queue] pop feedId=6a16d6e400000000350241ec remaining=3 title=不思议迷宫 大佬咋这么玩啊？
[skip-low] 不思议迷宫 大佬咋这么玩啊？ comments=2
[queue] pop feedId=6a140048000000003601af87 remaining=2 title=『今日迷宫』这个蛋，有正确路线吗？
[skip-low] 『今日迷宫』这个蛋，有正确路线吗？ comments=7
[queue] pop feedId=6a11c99f000000003700d095 remaining=1 title=迷宫寻宝31-46层BOSS位置！
[skip-low] 迷宫寻宝31-46层BOSS位置！ comments=3
[queue] pop feedId=6a0db556000000000803e884 remaining=0 title=🪁迷宫｜小迷宫
[skip-low] 🪁迷宫｜小迷宫 comments=1
[queue] empty refilling keyword=逻辑游戏 sort=综合 task=15/42 empty_streak=0 seen_feeds=1033
[search-wait] 11s before keyword=逻辑游戏 sort=综合
[cdp] spawn timeout=180s cmd=--reuse-existing-tab search-feeds --keyword 逻辑游戏 --sort-by 综合 --publish-time 半年内 --search-scrolls 4
[cdp] done exit=0 elapsed=12.7s stdout=410274 stderr=0
[search-filter] keyword=逻辑游戏 sort=综合 scrolls=4 {'dup_or_empty_id': 77, 'not_note': 6, 'low_relevance': 11, 'already_commented': 16, 'bad_title': 2, 'too_old': 11}
[search] keyword=逻辑游戏 sort=综合 raw=126 skipped=123 usable=3 queued=3 rate_limited=False
[queue] loaded 3 candidates, will post one-by-one before next search
[queue] pop feedId=6a36c30f0000000006035401 remaining=2 title=猫不能挨着坐？这个猫猫逻辑小游戏有点上头
[skip-low] 猫不能挨着坐？这个猫猫逻辑小游戏有点上头 comments=6
[queue] pop feedId=6a5387c4000000000c033c00 remaining=1 title=原来大家有这么多锻炼逻辑思维能力的焚诀
[plan] #61 keyword=逻辑游戏 title=原来大家有这么多锻炼逻辑思维能力的焚诀 comments=61 age=6d score=2 msg=8/推箱子 match=3
[post] attempt feedId=6a5387c4000000000c033c00 contentLen=47 also_upvote=1
[cdp] spawn timeout=120s cmd=--reuse-existing-tab post-comment-to-feed --feed-id 6a5387c4000000000c033c00 --xsec-token(46chars) --content(47chars) --also-upvote
[cdp] done exit=0 elapsed=11.3s stdout=2315 stderr=0
[upvote-warn] feedId=6a5387c4000000000c033c00 comment ok but like not confirmed upvote={'success': False, 'changed': False, 'state_before': False, 'state_after': False}
[post] success feedId=6a5387c4000000000c033c00
[cdp] phase=post-ok exit=0 feedId=6a5387c4000000000c033c00
[cdp] cmd=--reuse-existing-tab post-comment-to-feed --feed-id 6a5387c4000000000c033c00 --xsec-token(46chars) --content(47chars) --also-upvote
[cdp]   [cdp_publish] Login cache: enabled (ttl=12h).
[cdp]   [cdp_publish] Tab selection mode: prefer reusing existing tab.
[cdp]   [cdp_publish] Reusing existing tab to reduce focus switching: https://www.xiaohongshu.com/search_result?keyword=%E9%80%BB%E8%BE%91%E6%B8%B8%E6%88%8F&source=web_explore_feed&type=51
[cdp]   [cdp_publish] Connecting to ws://127.0.0.1:9222/devtools/page/B96CD23BB4E4AD3F117D9633C1C7CDCA
[cdp]   [cdp_publish] Connected to Chrome tab.
[cdp]   [cdp_publish] Using cached login status (home, age=141m, ttl=12h).
[cdp]   [cdp_publish] Home login confirmed (cached).
[cdp]   [cdp_publish] Navigating to https://www.xiaohongshu.com/explore/6a5387c4000000000c033c00?xsec_token=ABJ3plvRwROb9sEFa05V5BKE0DkpRJtgxcPx1U_rDQZwQ=&xsec_source=pc_feed
[cdp]   [cdp_publish] Clicking comment input box at (835, 1227)...
[cdp]   [cdp_publish] Clicking comment submit button at (1046, 1227)...
[cdp]   [cdp_publish] Comment posted. feed_id=6a5387c4000000000c033c00, length=47
[cdp]   [cdp_publish] Clicking note like in interact bar at (914, 1227) hint=interact-container .like-wrapper target=SPAN bar=interactions engage-bar top=1215.3333740234375 left=893.9896240234375 viewport={'w': 1254, 'h': 1287}
[cdp]   [cdp_publish] JS click on like-wrapper, class_after=like-wrapper like-active at=(932.8854598999023, 1227.3333740234375)
[cdp]   [cdp_publish] Warning: note like click did not activate. state_before=False state_after=False likeRoot.class=like-wrapper like-active visual_before={'className': 'like-wrapper like-active', 'ariaPressed': '', 'color': 'rgb(51, 51, 51)', 'svgColor': 'rgb(51, 51, 51)', 'svgHtml': '<span data-v-9403e00c="" class="like-lottie" style="width: 24px; height: 24px;"></span>'} visual_after={'className': 'like-wrapper like-active', 'ariaPressed': '', 'color': 'rgb(51, 51, 51)', 'svgColor': 'rgb(51, 51, 51)', 'svgHtml': '<span data-v-9403e00c="" class="like-lottie" style="width: 24px; height: 24px;"></span>'}
[cdp]   [cdp_publish] Warning: upvote on same page failed. payload={'success': False, 'changed': False, 'state_before': False, 'state_after': False}
[cdp]   POST_COMMENT_RESULT:
[ok] post done (61/68)
[wait] 61s (~1.0min, random 60-120s)
[queue] pop feedId=6a0d896d0000000007022b0e remaining=0 title=思维闯关｜推断出正确的密码！仅有1%人做对
[plan] #62 keyword=逻辑游戏 title=思维闯关｜推断出正确的密码！仅有1%人做对 comments=20 age=60d score=2 msg=8/推箱子 match=3
[post] attempt feedId=6a0d896d0000000007022b0e contentLen=47 also_upvote=1
[cdp] spawn timeout=120s cmd=--reuse-existing-tab post-comment-to-feed --feed-id 6a0d896d0000000007022b0e --xsec-token(46chars) --content(47chars) --also-upvote
[cdp] done exit=0 elapsed=11.1s stdout=2335 stderr=0
[upvote-warn] feedId=6a0d896d0000000007022b0e comment ok but like not confirmed upvote={'success': False, 'changed': False, 'state_before': False, 'state_after': False}
[post] success feedId=6a0d896d0000000007022b0e
[cdp] phase=post-ok exit=0 feedId=6a0d896d0000000007022b0e
[cdp] cmd=--reuse-existing-tab post-comment-to-feed --feed-id 6a0d896d0000000007022b0e --xsec-token(46chars) --content(47chars) --also-upvote
[cdp]   [cdp_publish] Login cache: enabled (ttl=12h).
[cdp]   [cdp_publish] Tab selection mode: prefer reusing existing tab.
[cdp]   [cdp_publish] Reusing existing tab to reduce focus switching: https://www.xiaohongshu.com/explore/6a5387c4000000000c033c00?xsec_token=ABJ3plvRwROb9sEFa05V5BKE0DkpRJtgxcPx1U_rDQZwQ=&xsec_source=pc_feed
[cdp]   [cdp_publish] Connecting to ws://127.0.0.1:9222/devtools/page/B96CD23BB4E4AD3F117D9633C1C7CDCA
[cdp]   [cdp_publish] Connected to Chrome tab.
[cdp]   [cdp_publish] Using cached login status (home, age=142m, ttl=12h).
[cdp]   [cdp_publish] Home login confirmed (cached).
[cdp]   [cdp_publish] Navigating to https://www.xiaohongshu.com/explore/6a0d896d0000000007022b0e?xsec_token=ABTyT0VA6rIbRvzhFqKgU74KSYRdFmiZ_j1hzX254pDPA=&xsec_source=pc_feed
[cdp]   [cdp_publish] Clicking comment input box at (854, 1227)...
[cdp]   [cdp_publish] Clicking comment submit button at (1046, 1227)...
[cdp]   [cdp_publish] Comment posted. feed_id=6a0d896d0000000007022b0e, length=47
[cdp]   [cdp_publish] Clicking note like in interact bar at (957, 1227) hint=interact-container .like-wrapper target=SPAN bar=interactions engage-bar top=1215.3333740234375 left=936.9271240234375 viewport={'w': 1254, 'h': 1287}
[cdp]   [cdp_publish] JS click on like-wrapper, class_after=like-wrapper like-active at=(967.1406669616699, 1227.3333740234375)
[cdp]   [cdp_publish] Warning: note like click did not activate. state_before=False state_after=False likeRoot.class=like-wrapper like-active visual_before={'className': 'like-wrapper like-active', 'ariaPressed': '', 'color': 'rgb(51, 51, 51)', 'svgColor': 'rgb(51, 51, 51)', 'svgHtml': '<span data-v-9403e00c="" class="like-lottie" style="width: 24px; height: 24px;"></span>'} visual_after={'className': 'like-wrapper like-active', 'ariaPressed': '', 'color': 'rgb(51, 51, 51)', 'svgColor': 'rgb(51, 51, 51)', 'svgHtml': '<span data-v-9403e00c="" class="like-lottie" style="width: 24px; height: 24px;"></span>'}
[cdp]   [cdp_publish] Warning: upvote on same page failed. payload={'success': False, 'changed': False, 'state_before': False, 'state_after': False}
[cdp]   POST_COMMENT_RESULT:
[ok] post done (62/68)
[wait] 106s (~1.8min, random 60-120s)
[queue] empty refilling keyword=逻辑游戏 sort=最新 task=16/42 empty_streak=0 seen_feeds=1076
[search-wait] 7s before keyword=逻辑游戏 sort=最新
[cdp] spawn timeout=180s cmd=--reuse-existing-tab search-feeds --keyword 逻辑游戏 --sort-by 最新 --publish-time 半年内 --search-scrolls 4
[cdp] done exit=0 elapsed=11.4s stdout=437294 stderr=0
[search-filter] keyword=逻辑游戏 sort=最新 scrolls=4 {'bad_title': 2, 'dup_or_empty_id': 55, 'low_relevance': 11, 'not_note': 6, 'already_commented': 30}
[search] keyword=逻辑游戏 sort=最新 raw=126 skipped=104 usable=22 queued=22 rate_limited=False
[queue] loaded 22 candidates, will post one-by-one before next search
[queue] pop feedId=6a4342bf000000000f029a7c remaining=21 title=多玩逻辑小游戏，孩子脑力差距悄悄拉开
[skip-low] 多玩逻辑小游戏，孩子脑力差距悄悄拉开 comments=5
[queue] pop feedId=69e8fec3000000002003becf remaining=20 title=逻辑推理 12 ★★★ 硬币游戏
[skip-low] 逻辑推理 12 ★★★ 硬币游戏 comments=0
[queue] pop feedId=6a1bcc030000000036032185 remaining=19 title=适合学生党和打工人的5款逻辑小游戏
[skip-low] 适合学生党和打工人的5款逻辑小游戏 comments=0
[queue] pop feedId=6a4b628b000000001c025cd1 remaining=18 title=简单有趣的逻辑推理训练卡（二）
[skip-low] 简单有趣的逻辑推理训练卡（二） comments=0
[queue] pop feedId=6a597502000000001101165f remaining=17 title=今日小学堂：专注力小游戏
[skip-low] 今日小学堂：专注力小游戏 comments=0
[queue] pop feedId=6a58f886000000001d00c10b remaining=16 title=Steam游戏推荐｜异形工厂
[skip-low] Steam游戏推荐｜异形工厂 comments=0
[queue] pop feedId=6a57a73b0000000021017dc6 remaining=15 title=推理兴趣入门求推荐相关
[plan] #63 keyword=逻辑游戏 title=推理兴趣入门求推荐相关 comments=22 age=3d score=4 msg=1/求推荐 match=10
[post] attempt feedId=6a57a73b0000000021017dc6 contentLen=55 also_upvote=1
[cdp] spawn timeout=120s cmd=--reuse-existing-tab post-comment-to-feed --feed-id 6a57a73b0000000021017dc6 --xsec-token(46chars) --content(55chars) --also-upvote
[cdp] done exit=0 elapsed=11.5s stdout=2315 stderr=0
[upvote-warn] feedId=6a57a73b0000000021017dc6 comment ok but like not confirmed upvote={'success': False, 'changed': False, 'state_before': False, 'state_after': False}
[post] success feedId=6a57a73b0000000021017dc6
[cdp] phase=post-ok exit=0 feedId=6a57a73b0000000021017dc6
[cdp] cmd=--reuse-existing-tab post-comment-to-feed --feed-id 6a57a73b0000000021017dc6 --xsec-token(46chars) --content(55chars) --also-upvote
[cdp]   [cdp_publish] Login cache: enabled (ttl=12h).
[cdp]   [cdp_publish] Tab selection mode: prefer reusing existing tab.
[cdp]   [cdp_publish] Reusing existing tab to reduce focus switching: https://www.xiaohongshu.com/search_result?keyword=%E9%80%BB%E8%BE%91%E6%B8%B8%E6%88%8F&source=web_explore_feed&type=51
[cdp]   [cdp_publish] Connecting to ws://127.0.0.1:9222/devtools/page/B96CD23BB4E4AD3F117D9633C1C7CDCA
[cdp]   [cdp_publish] Connected to Chrome tab.
[cdp]   [cdp_publish] Using cached login status (home, age=144m, ttl=12h).
[cdp]   [cdp_publish] Home login confirmed (cached).
[cdp]   [cdp_publish] Navigating to https://www.xiaohongshu.com/explore/6a57a73b0000000021017dc6?xsec_token=ABZIZHoYD7gzNDo590xj4gXl4lmAsrKVHvKc2f8BIhEro=&xsec_source=pc_feed
[cdp]   [cdp_publish] Clicking comment input box at (854, 1227)...
[cdp]   [cdp_publish] Clicking comment submit button at (1046, 1227)...
[cdp]   [cdp_publish] Comment posted. feed_id=6a57a73b0000000021017dc6, length=55
[cdp]   [cdp_publish] Clicking note like in interact bar at (957, 1227) hint=interact-container .like-wrapper target=SPAN bar=interactions engage-bar top=1215.3333740234375 left=936.9271240234375 viewport={'w': 1254, 'h': 1287}
[cdp]   [cdp_publish] JS click on like-wrapper, class_after=like-wrapper like-active at=(967.1406669616699, 1227.3333740234375)
[cdp]   [cdp_publish] Warning: note like click did not activate. state_before=False state_after=False likeRoot.class=like-wrapper like-active visual_before={'className': 'like-wrapper like-active', 'ariaPressed': '', 'color': 'rgb(51, 51, 51)', 'svgColor': 'rgb(51, 51, 51)', 'svgHtml': '<span data-v-9403e00c="" class="like-lottie" style="width: 24px; height: 24px;"></span>'} visual_after={'className': 'like-wrapper like-active', 'ariaPressed': '', 'color': 'rgb(51, 51, 51)', 'svgColor': 'rgb(51, 51, 51)', 'svgHtml': '<span data-v-9403e00c="" class="like-lottie" style="width: 24px; height: 24px;"></span>'}
[cdp]   [cdp_publish] Warning: upvote on same page failed. payload={'success': False, 'changed': False, 'state_before': False, 'state_after': False}
[cdp]   POST_COMMENT_RESULT:
[ok] post done (63/68)
[wait] 93s (~1.6min, random 60-120s)
[queue] pop feedId=6a54a92f0000000007025aaf remaining=14 title=推理谜题·考验你的观察力
[skip-low] 推理谜题·考验你的观察力 comments=0
[queue] pop feedId=6a474d4e0000000016027218 remaining=13 title=逻辑思维游戏书｜40页可打印
[skip-low] 逻辑思维游戏书｜40页可打印 comments=2
[queue] pop feedId=6a35705e00000000110118c6 remaining=12 title=好玩又能训练思维能力的逻辑推理课第二节！
[skip-low] 好玩又能训练思维能力的逻辑推理课第二节！ comments=1
[queue] pop feedId=6a2511c0000000000702425e remaining=11 title=逻辑推理48 ★★ 收藏古董
[skip-low] 逻辑推理48 ★★ 收藏古董 comments=0
[queue] pop feedId=6a214746000000002100b6a9 remaining=10 title=逻辑推理46 ★★★★ 贪婪的村长
[skip-low] 逻辑推理46 ★★★★ 贪婪的村长 comments=0
[queue] pop feedId=6a184f7b00000000060309eb remaining=9 title=逻辑推理40 ★★★★ 三位数解密
[skip-low] 逻辑推理40 ★★★★ 三位数解密 comments=0
[queue] pop feedId=6a5b202c000000000a03a58e remaining=8 title=藏着早教逻辑的磁力贪吃蛇对战玩具🐍
[skip-low] 藏着早教逻辑的磁力贪吃蛇对战玩具🐍 comments=0
[queue] pop feedId=6a5752a10000000011019b64 remaining=7 title=烧脑，搞定
[skip-low] 烧脑，搞定 comments=2
[queue] pop feedId=6a542b770000000006031982 remaining=6 title=猫咪数独谜题挑战 07-13
[skip-low] 猫咪数独谜题挑战 07-13 comments=2
[queue] pop feedId=6a52dd1f0000000021021d76 remaining=5 title=猫咪数独谜题挑战07-12
[skip-low] 猫咪数独谜题挑战07-12 comments=4
[queue] pop feedId=6a4f20b3000000000602028f remaining=4 title=📋自制注意力训练｜九宫格推理挑战🧩
[skip-low] 📋自制注意力训练｜九宫格推理挑战🧩 comments=0
[queue] pop feedId=6a4dcc55000000001603e135 remaining=3 title=🎁一些爱玩的益智类好物分享
[skip-low] 🎁一些爱玩的益智类好物分享 comments=1
[queue] pop feedId=6a27bcaf000000001603f4d5 remaining=2 title=手脑联动玩中学，思维启蒙选逻辑狗
[skip-low] 手脑联动玩中学，思维启蒙选逻辑狗 comments=0
[queue] pop feedId=6a1f8039000000003502da99 remaining=1 title=逻辑思维第十四期
[plan] #64 keyword=逻辑游戏 title=逻辑思维第十四期 comments=17 age=46d score=2 msg=8/推箱子 match=3
[post] attempt feedId=6a1f8039000000003502da99 contentLen=47 also_upvote=1
[cdp] spawn timeout=120s cmd=--reuse-existing-tab post-comment-to-feed --feed-id 6a1f8039000000003502da99 --xsec-token(46chars) --content(47chars) --also-upvote
[cdp] done exit=0 elapsed=11.6s stdout=2231 stderr=0
[upvote-warn] feedId=6a1f8039000000003502da99 comment ok but like not confirmed upvote={'success': False, 'changed': False, 'state_before': False, 'state_after': False}
[post] success feedId=6a1f8039000000003502da99
[cdp] phase=post-ok exit=0 feedId=6a1f8039000000003502da99
[cdp] cmd=--reuse-existing-tab post-comment-to-feed --feed-id 6a1f8039000000003502da99 --xsec-token(46chars) --content(47chars) --also-upvote
[cdp]   [cdp_publish] Login cache: enabled (ttl=12h).
[cdp]   [cdp_publish] Tab selection mode: prefer reusing existing tab.
[cdp]   [cdp_publish] Reusing existing tab to reduce focus switching: https://www.xiaohongshu.com/explore
[cdp]   [cdp_publish] Connecting to ws://127.0.0.1:9222/devtools/page/B96CD23BB4E4AD3F117D9633C1C7CDCA
[cdp]   [cdp_publish] Connected to Chrome tab.
[cdp]   [cdp_publish] Using cached login status (home, age=146m, ttl=12h).
[cdp]   [cdp_publish] Home login confirmed (cached).
[cdp]   [cdp_publish] Navigating to https://www.xiaohongshu.com/explore/6a1f8039000000003502da99?xsec_token=ABAeLKJTQxoszXJjmozWG7Pvlk3j8cObfV_7f3gBH7OnA=&xsec_source=pc_feed
[cdp]   [cdp_publish] Clicking comment input box at (800, 1227)...
[cdp]   [cdp_publish] Clicking comment submit button at (992, 1227)...
[cdp]   [cdp_publish] Comment posted. feed_id=6a1f8039000000003502da99, length=47
[cdp]   [cdp_publish] Clicking note like in interact bar at (911, 1227) hint=interact-container .like-wrapper target=SPAN bar=interactions engage-bar top=1215.3333740234375 left=891.1483764648438 viewport={'w': 1254, 'h': 1287}
[cdp]   [cdp_publish] JS click on like-wrapper, class_after=like-wrapper like-active at=(917.2577514648438, 1227.3333740234375)
[cdp]   [cdp_publish] Warning: note like click did not activate. state_before=False state_after=False likeRoot.class=like-wrapper like-active visual_before={'className': 'like-wrapper like-active', 'ariaPressed': '', 'color': 'rgb(51, 51, 51)', 'svgColor': 'rgb(51, 51, 51)', 'svgHtml': '<span data-v-9403e00c="" class="like-lottie" style="width: 24px; height: 24px;"></span>'} visual_after={'className': 'like-wrapper like-active', 'ariaPressed': '', 'color': 'rgb(51, 51, 51)', 'svgColor': 'rgb(51, 51, 51)', 'svgHtml': '<span data-v-9403e00c="" class="like-lottie" style="width: 24px; height: 24px;"></span>'}
[cdp]   [cdp_publish] Warning: upvote on same page failed. payload={'success': False, 'changed': False, 'state_before': False, 'state_after': False}
[cdp]   POST_COMMENT_RESULT:
[ok] post done (64/68)
[wait] 114s (~1.9min, random 60-120s)
[queue] pop feedId=6a1cd91200000000070250fe remaining=0 title=推理小题-12, 用简单推理找"好人/坏蛋"
[skip-low] 推理小题-12, 用简单推理找"好人/坏蛋" comments=3
[queue] empty refilling keyword=休闲小游戏 sort=综合 task=17/42 empty_streak=0 seen_feeds=1141
[search-wait] 13s before keyword=休闲小游戏 sort=综合
[cdp] spawn timeout=180s cmd=--reuse-existing-tab search-feeds --keyword 休闲小游戏 --sort-by 综合 --publish-time 半年内 --search-scrolls 4
[cdp] done exit=0 elapsed=12.7s stdout=308113 stderr=0
[search-filter] keyword=休闲小游戏 sort=综合 scrolls=4 {'low_relevance': 22, 'dup_or_empty_id': 66, 'not_note': 9, 'too_old': 3, 'bad_title': 2, 'already_commented': 3}
[search] keyword=休闲小游戏 sort=综合 raw=109 skipped=105 usable=4 queued=4 rate_limited=False
[queue] loaded 4 candidates, will post one-by-one before next search
[queue] pop feedId=6a4a6e0a000000000f0069ae remaining=3 title=求求不要动脑的休闲小游戏
[plan] #65 keyword=休闲小游戏 title=求求不要动脑的休闲小游戏 comments=42 age=14d score=6 msg=4/求推荐 match=5
[post] attempt feedId=6a4a6e0a000000000f0069ae contentLen=51 also_upvote=1
[cdp] spawn timeout=120s cmd=--reuse-existing-tab post-comment-to-feed --feed-id 6a4a6e0a000000000f0069ae --xsec-token(46chars) --content(51chars) --also-upvote
[cdp] done exit=0 elapsed=11.2s stdout=2316 stderr=0
[upvote-warn] feedId=6a4a6e0a000000000f0069ae comment ok but like not confirmed upvote={'success': False, 'changed': False, 'state_before': False, 'state_after': False}
[post] success feedId=6a4a6e0a000000000f0069ae
[cdp] phase=post-ok exit=0 feedId=6a4a6e0a000000000f0069ae
[cdp] cmd=--reuse-existing-tab post-comment-to-feed --feed-id 6a4a6e0a000000000f0069ae --xsec-token(46chars) --content(51chars) --also-upvote
[cdp]   [cdp_publish] Login cache: enabled (ttl=12h).
[cdp]   [cdp_publish] Tab selection mode: prefer reusing existing tab.
[cdp]   [cdp_publish] Reusing existing tab to reduce focus switching: https://www.xiaohongshu.com/search_result?keyword=%E4%BC%91%E9%97%B2%E5%B0%8F%E6%B8%B8%E6%88%8F&source=web_explore_feed&type=51
[cdp]   [cdp_publish] Connecting to ws://127.0.0.1:9222/devtools/page/B96CD23BB4E4AD3F117D9633C1C7CDCA
[cdp]   [cdp_publish] Connected to Chrome tab.
[cdp]   [cdp_publish] Using cached login status (home, age=148m, ttl=12h).
[cdp]   [cdp_publish] Home login confirmed (cached).
[cdp]   [cdp_publish] Navigating to https://www.xiaohongshu.com/explore/6a4a6e0a000000000f0069ae?xsec_token=AB7et30W2CM06lhh4PcvAl77yi0XmpqcERMksnXcrn-B0=&xsec_source=pc_feed
[cdp]   [cdp_publish] Clicking comment input box at (854, 1227)...
[cdp]   [cdp_publish] Clicking comment submit button at (1046, 1227)...
[cdp]   [cdp_publish] Comment posted. feed_id=6a4a6e0a000000000f0069ae, length=51
[cdp]   [cdp_publish] Clicking note like in interact bar at (949, 1227) hint=interact-container .like-wrapper target=SPAN bar=interactions engage-bar top=1215.3333740234375 left=928.71875 viewport={'w': 1254, 'h': 1287}
[cdp]   [cdp_publish] JS click on like-wrapper, class_after=like-wrapper like-active at=(958.9322929382324, 1227.3333740234375)
[cdp]   [cdp_publish] Warning: note like click did not activate. state_before=False state_after=False likeRoot.class=like-wrapper like-active visual_before={'className': 'like-wrapper like-active', 'ariaPressed': '', 'color': 'rgb(51, 51, 51)', 'svgColor': 'rgb(51, 51, 51)', 'svgHtml': '<span data-v-9403e00c="" class="like-lottie" style="width: 24px; height: 24px;"></span>'} visual_after={'className': 'like-wrapper like-active', 'ariaPressed': '', 'color': 'rgb(51, 51, 51)', 'svgColor': 'rgb(51, 51, 51)', 'svgHtml': '<span data-v-9403e00c="" class="like-lottie" style="width: 24px; height: 24px;"></span>'}
[cdp]   [cdp_publish] Warning: upvote on same page failed. payload={'success': False, 'changed': False, 'state_before': False, 'state_after': False}
[cdp]   POST_COMMENT_RESULT:
[ok] post done (65/68)
[wait] 86s (~1.4min, random 60-120s)
[queue] pop feedId=6a1ee45e0000000007028161 remaining=2 title=姐妹们还有没有类似的小游戏推荐啊
[plan] #66 keyword=休闲小游戏 title=姐妹们还有没有类似的小游戏推荐啊 comments=70 age=47d score=6 msg=1/求推荐 match=17
[post] attempt feedId=6a1ee45e0000000007028161 contentLen=55 also_upvote=1
[cdp] spawn timeout=120s cmd=--reuse-existing-tab post-comment-to-feed --feed-id 6a1ee45e0000000007028161 --xsec-token(46chars) --content(55chars) --also-upvote
[cdp] done exit=0 elapsed=11.9s stdout=2333 stderr=0
[upvote-warn] feedId=6a1ee45e0000000007028161 comment ok but like not confirmed upvote={'success': False, 'changed': False, 'state_before': False, 'state_after': False}
[post] success feedId=6a1ee45e0000000007028161
[cdp] phase=post-ok exit=0 feedId=6a1ee45e0000000007028161
[cdp] cmd=--reuse-existing-tab post-comment-to-feed --feed-id 6a1ee45e0000000007028161 --xsec-token(46chars) --content(55chars) --also-upvote
[cdp]   [cdp_publish] Login cache: enabled (ttl=12h).
[cdp]   [cdp_publish] Tab selection mode: prefer reusing existing tab.
[cdp]   [cdp_publish] Reusing existing tab to reduce focus switching: https://www.xiaohongshu.com/explore/6a4a6e0a000000000f0069ae?xsec_token=AB7et30W2CM06lhh4PcvAl77yi0XmpqcERMksnXcrn-B0=&xsec_source=pc_feed
[cdp]   [cdp_publish] Connecting to ws://127.0.0.1:9222/devtools/page/B96CD23BB4E4AD3F117D9633C1C7CDCA
[cdp]   [cdp_publish] Connected to Chrome tab.
[cdp]   [cdp_publish] Using cached login status (home, age=150m, ttl=12h).
[cdp]   [cdp_publish] Home login confirmed (cached).
[cdp]   [cdp_publish] Navigating to https://www.xiaohongshu.com/explore/6a1ee45e0000000007028161?xsec_token=ABt1P8qKXlgWLghJe2jXF1ATVDk1rpyHvrNb_KYP6ET0s=&xsec_source=pc_feed
[cdp]   [cdp_publish] Clicking comment input box at (800, 1227)...
[cdp]   [cdp_publish] Clicking comment submit button at (992, 1227)...
[cdp]   [cdp_publish] Comment posted. feed_id=6a1ee45e0000000007028161, length=55
[cdp]   [cdp_publish] Clicking note like in interact bar at (895, 1227) hint=interact-container .like-wrapper target=SPAN bar=interactions engage-bar top=1215.3333740234375 left=874.731689453125 viewport={'w': 1254, 'h': 1287}
[cdp]   [cdp_publish] JS click on like-wrapper, class_after=like-wrapper like-active at=(904.9452323913574, 1227.3333740234375)
[cdp]   [cdp_publish] Warning: note like click did not activate. state_before=False state_after=False likeRoot.class=like-wrapper like-active visual_before={'className': 'like-wrapper like-active', 'ariaPressed': '', 'color': 'rgb(51, 51, 51)', 'svgColor': 'rgb(51, 51, 51)', 'svgHtml': '<span data-v-9403e00c="" class="like-lottie" style="width: 24px; height: 24px;"></span>'} visual_after={'className': 'like-wrapper like-active', 'ariaPressed': '', 'color': 'rgb(51, 51, 51)', 'svgColor': 'rgb(51, 51, 51)', 'svgHtml': '<span data-v-9403e00c="" class="like-lottie" style="width: 24px; height: 24px;"></span>'}
[cdp]   [cdp_publish] Warning: upvote on same page failed. payload={'success': False, 'changed': False, 'state_before': False, 'state_after': False}
[cdp]   POST_COMMENT_RESULT:
[ok] post done (66/68)
[wait] 118s (~2.0min, random 60-120s)
[queue] pop feedId=6a488f88000000002101bb14 remaining=1 title=交出你的上班摸鱼小游戏！
[plan] #67 keyword=休闲小游戏 title=交出你的上班摸鱼小游戏！ comments=16 age=15d score=4 msg=12/微信小游戏 match=8
[post] attempt feedId=6a488f88000000002101bb14 contentLen=41 also_upvote=1
[cdp] spawn timeout=120s cmd=--reuse-existing-tab post-comment-to-feed --feed-id 6a488f88000000002101bb14 --xsec-token(46chars) --content(41chars) --also-upvote
[cdp] done exit=0 elapsed=11.3s stdout=2335 stderr=0
[upvote-warn] feedId=6a488f88000000002101bb14 comment ok but like not confirmed upvote={'success': False, 'changed': False, 'state_before': False, 'state_after': False}
[post] success feedId=6a488f88000000002101bb14
[cdp] phase=post-ok exit=0 feedId=6a488f88000000002101bb14
[cdp] cmd=--reuse-existing-tab post-comment-to-feed --feed-id 6a488f88000000002101bb14 --xsec-token(46chars) --content(41chars) --also-upvote
[cdp]   [cdp_publish] Login cache: enabled (ttl=12h).
[cdp]   [cdp_publish] Tab selection mode: prefer reusing existing tab.
[cdp]   [cdp_publish] Reusing existing tab to reduce focus switching: https://www.xiaohongshu.com/explore/6a1ee45e0000000007028161?xsec_token=ABt1P8qKXlgWLghJe2jXF1ATVDk1rpyHvrNb_KYP6ET0s=&xsec_source=pc_feed
[cdp]   [cdp_publish] Connecting to ws://127.0.0.1:9222/devtools/page/B96CD23BB4E4AD3F117D9633C1C7CDCA
[cdp]   [cdp_publish] Connected to Chrome tab.
[cdp]   [cdp_publish] Using cached login status (home, age=152m, ttl=12h).
[cdp]   [cdp_publish] Home login confirmed (cached).
[cdp]   [cdp_publish] Navigating to https://www.xiaohongshu.com/explore/6a488f88000000002101bb14?xsec_token=ABMKscPzNdE-9DMnF6w1uKzwqoVW495LJgSZW1RsY-Ejo=&xsec_source=pc_feed
[cdp]   [cdp_publish] Clicking comment input box at (854, 1227)...
[cdp]   [cdp_publish] Clicking comment submit button at (1046, 1227)...
[cdp]   [cdp_publish] Comment posted. feed_id=6a488f88000000002101bb14, length=41
[cdp]   [cdp_publish] Clicking note like in interact bar at (957, 1227) hint=interact-container .like-wrapper target=SPAN bar=interactions engage-bar top=1215.3333740234375 left=936.9271240234375 viewport={'w': 1254, 'h': 1287}
[cdp]   [cdp_publish] JS click on like-wrapper, class_after=like-wrapper like-active at=(967.1406669616699, 1227.3333740234375)
[cdp]   [cdp_publish] Warning: note like click did not activate. state_before=False state_after=False likeRoot.class=like-wrapper like-active visual_before={'className': 'like-wrapper like-active', 'ariaPressed': '', 'color': 'rgb(51, 51, 51)', 'svgColor': 'rgb(51, 51, 51)', 'svgHtml': '<span data-v-9403e00c="" class="like-lottie" style="width: 24px; height: 24px;"></span>'} visual_after={'className': 'like-wrapper like-active', 'ariaPressed': '', 'color': 'rgb(51, 51, 51)', 'svgColor': 'rgb(51, 51, 51)', 'svgHtml': '<span data-v-9403e00c="" class="like-lottie" style="width: 24px; height: 24px;"></span>'}
[cdp]   [cdp_publish] Warning: upvote on same page failed. payload={'success': False, 'changed': False, 'state_before': False, 'state_after': False}
[cdp]   POST_COMMENT_RESULT:
[ok] post done (67/68)
[wait] 82s (~1.4min, random 60-120s)
[queue] pop feedId=6a2d010b0000000015027163 remaining=0 title=求类似游戏。这个太氪了
[plan] #68 keyword=休闲小游戏 title=求类似游戏。这个太氪了 comments=206 age=36d score=2 msg=1/求推荐 match=7
[post] attempt feedId=6a2d010b0000000015027163 contentLen=55 also_upvote=1
[cdp] spawn timeout=120s cmd=--reuse-existing-tab post-comment-to-feed --feed-id 6a2d010b0000000015027163 --xsec-token(46chars) --content(55chars) --also-upvote
[cdp] done exit=0 elapsed=12.1s stdout=2333 stderr=0
[upvote-warn] feedId=6a2d010b0000000015027163 comment ok but like not confirmed upvote={'success': False, 'changed': False, 'state_before': False, 'state_after': False}
[post] success feedId=6a2d010b0000000015027163
[cdp] phase=post-ok exit=0 feedId=6a2d010b0000000015027163
[cdp] cmd=--reuse-existing-tab post-comment-to-feed --feed-id 6a2d010b0000000015027163 --xsec-token(46chars) --content(55chars) --also-upvote
[cdp]   [cdp_publish] Login cache: enabled (ttl=12h).
[cdp]   [cdp_publish] Tab selection mode: prefer reusing existing tab.
[cdp]   [cdp_publish] Reusing existing tab to reduce focus switching: https://www.xiaohongshu.com/explore/6a488f88000000002101bb14?xsec_token=ABMKscPzNdE-9DMnF6w1uKzwqoVW495LJgSZW1RsY-Ejo=&xsec_source=pc_feed
[cdp]   [cdp_publish] Connecting to ws://127.0.0.1:9222/devtools/page/B96CD23BB4E4AD3F117D9633C1C7CDCA
[cdp]   [cdp_publish] Connected to Chrome tab.
[cdp]   [cdp_publish] Using cached login status (home, age=154m, ttl=12h).
[cdp]   [cdp_publish] Home login confirmed (cached).
[cdp]   [cdp_publish] Navigating to https://www.xiaohongshu.com/explore/6a2d010b0000000015027163?xsec_token=AB25ZYwrW9SicOlKQM8euj41qV--YVso6s0lYqtz380WY=&xsec_source=pc_feed
[cdp]   [cdp_publish] Clicking comment input box at (800, 1227)...
[cdp]   [cdp_publish] Clicking comment submit button at (992, 1227)...
[cdp]   [cdp_publish] Comment posted. feed_id=6a2d010b0000000015027163, length=55
[cdp]   [cdp_publish] Clicking note like in interact bar at (870, 1227) hint=interact-container .like-wrapper target=SPAN bar=interactions engage-bar top=1215.3333740234375 left=850.106689453125 viewport={'w': 1254, 'h': 1287}
[cdp]   [cdp_publish] JS click on like-wrapper, class_after=like-wrapper like-active at=(884.4244003295898, 1227.3333740234375)
[cdp]   [cdp_publish] Warning: note like click did not activate. state_before=False state_after=False likeRoot.class=like-wrapper like-active visual_before={'className': 'like-wrapper like-active', 'ariaPressed': '', 'color': 'rgb(51, 51, 51)', 'svgColor': 'rgb(51, 51, 51)', 'svgHtml': '<span data-v-9403e00c="" class="like-lottie" style="width: 24px; height: 24px;"></span>'} visual_after={'className': 'like-wrapper like-active', 'ariaPressed': '', 'color': 'rgb(51, 51, 51)', 'svgColor': 'rgb(51, 51, 51)', 'svgHtml': '<span data-v-9403e00c="" class="like-lottie" style="width: 24px; height: 24px;"></span>'}
[cdp]   [cdp_publish] Warning: upvote on same page failed. payload={'success': False, 'changed': False, 'state_before': False, 'state_after': False}
[cdp]   POST_COMMENT_RESULT:
[ok] post done (68/68)

=== SUMMARY ===
{
  "target": 68,
  "success": 68,
  "searchCount": 17,
  "failures": 0,
  "logFile": "D:\\Baoyu\\包宇的cocos\\LightPuzzle\\宣传素材\\小红书评论\\campaign_2026-07-19_135736.log",
  "elapsedSeconds": 7334.5,
  "elapsedMinutes": 122.24,
  "dryRun": false,
  "rateLimits": {
    "minIntervalSeconds": 60,
    "maxIntervalSeconds": 120,
    "maxPerHour": 0,
    "maxPerDay": 100,
    "circuitBreakerHours": 24,
    "searchIntervalSecondsMin": 5,
    "searchIntervalSecondsMax": 15,
    "limitUnit": "posts"
  },
  "circuitBreakerUntil": null,
  "finishedAt": "2026-07-19T15:59:51+08:00"
}
