[log-file] D:\Baoyu\包宇的cocos\LightPuzzle\宣传素材\小红书评论\campaign_2026-07-21_221744.log
[lock] campaign instance pid=3088
[rate-status] hourly=3/off daily=27/110 ok=True 
[start] target=83 dry_run=False max_age_days=60 min_relevance=2 history_posts=309 dedup_skip=309 liked_skip=0 search_tasks=42 search_scrolls=8
[step] check-login
[cdp] spawn timeout=90s cmd=check-login
[cdp] done exit=0 elapsed=0.2s stdout=329 stderr=0
[cdp] phase=check-login-ok exit=0
[cdp] cmd=check-login
[cdp]   [cdp_publish] Timing jitter ratio: 0.25
[cdp]   [cdp_publish] Login cache: enabled (ttl=12h).
[cdp]   [cdp_publish] Connecting to ws://127.0.0.1:9222/devtools/page/91A6DE1619B3FE38ED013E0FCF7FD86A
[cdp]   [cdp_publish] Connected to Chrome tab.
[cdp]   [cdp_publish] Using cached login status (creator, age=15m, ttl=12h).
[cdp]   [cdp_publish] Login confirmed (cached).
[limits] interval=20-30s posts/hour=off posts/day=110 circuit=24h
[search-next] keyword=益智小游戏 sort=综合 task=1/42 empty_streak=0 seen_feeds=0
[cdp] spawn timeout=180s cmd=--reuse-existing-tab search-feeds --keyword 益智小游戏 --sort-by 综合 --publish-time 半年内
[cdp] done exit=0 elapsed=7.8s stdout=136936 stderr=0
[cdp] spawn timeout=90s cmd=--reuse-existing-tab get-feed-detail --feed-id 6a400ac90000000021014d32 --xsec-token(46chars)
[cdp] done exit=0 elapsed=5.7s stdout=15419 stderr=0
[relevance-skip] feedId=6a400ac90000000021014d32 title=🔢🧩 我为什么现在才知道这个网站！！ bodyLen=482 score=-2 min=2
[detail-wait] 2.3s before feedId=6a4780de0000000022018918
[cdp] spawn timeout=90s cmd=--reuse-existing-tab get-feed-detail --feed-id 6a4780de0000000022018918 --xsec-token(46chars)
[cdp] done exit=0 elapsed=4.7s stdout=20499 stderr=0
[relevance-skip] feedId=6a4780de0000000022018918 title=6个超有趣摸鱼的网站！打开即玩的网页神作 bodyLen=847 score=-6 min=2
[search-scroll-next] keyword=益智小游戏 sort=综合 raw=42 usable=0 scroll once (1/8)
[cdp] spawn timeout=180s cmd=--reuse-existing-tab search-feeds-scroll
[cdp] done exit=1 elapsed=0.2s stdout=595 stderr=617
[warn] search scroll failed keyword=益智小游戏 scrolls=1
[cdp] phase=search-scroll exit=1 keyword=益智小游戏 scrolls=1
[cdp] cmd=--reuse-existing-tab search-feeds-scroll
[cdp]   [cdp_publish] Timing jitter ratio: 0.25
[cdp]   [cdp_publish] Login cache: enabled (ttl=12h).
[cdp]   [cdp_publish] Tab selection mode: prefer reusing existing tab.
[cdp]   [cdp_publish] Reusing existing tab to reduce focus switching: https://www.xiaohongshu.com/explore/6a4780de0000000022018918?xsec_token=ABY4SCXHEDgwxqzotoO_15Fq8WWJ5tzMYCJnWAn7GAc4I=&xsec_source=pc_feed
[cdp]   [cdp_publish] Connecting to ws://127.0.0.1:9222/devtools/page/91A6DE1619B3FE38ED013E0FCF7FD86A
[cdp]   [cdp_publish] Connected to Chrome tab.
[cdp]   [cdp_publish] Using cached login status (home, age=15m, ttl=12h).
[cdp]   [cdp_publish] Home login confirmed (cached).
[cdp]   Traceback (most recent call last):
[cdp]   raise CDPError(
[cdp]   __main__.CDPError: Current tab is not a search results page: https://www.xiaohongshu.com/explore/6a4780de0000000022018918?xsec_token=ABY4SCXHEDgwxqzotoO_15Fq8WWJ5tzMYCJnWAn7GAc4I=&x
[search-filter] keyword=益智小游戏 sort=综合 scrolls=0(exhausted max=8) {'already_commented': 24, 'bad_title': 4, 'not_note': 2, 'low_relevance': 2, 'too_old': 10}
[search] keyword=益智小游戏 sort=综合 raw=42 skipped=42 hit=0 rate_limited=False
[search-next] keyword=益智小游戏 sort=最新 task=2/42 empty_streak=1 seen_feeds=40
[search-wait] 9s before keyword=益智小游戏 sort=最新
[cdp] spawn timeout=180s cmd=--reuse-existing-tab search-feeds --keyword 益智小游戏 --sort-by 最新 --publish-time 半年内
[cdp] done exit=0 elapsed=7.8s stdout=142644 stderr=0
[cdp] spawn timeout=90s cmd=--reuse-existing-tab get-feed-detail --feed-id 6a5d6aaa0000000011019dd9 --xsec-token(46chars)
[cdp] done exit=0 elapsed=5.5s stdout=18633 stderr=0
[search-scroll-stop] keyword=益智小游戏 sort=最新 usable=1 after scrolls=0 (max=8, skip further scrolls)
[search-filter] keyword=益智小游戏 sort=最新 scrolls=0 {'already_commented': 1}
[search-hit] keyword=益智小游戏 sort=最新 raw=40 skipped=1 feedId=6a5d6aaa0000000011019dd9 score=4 title=今日小学堂：专注力游戏 → post now
[plan] #1 keyword=益智小游戏 title=今日小学堂：专注力游戏 comments=0 age=1d score=4 msg=11/微信小游戏 match=5
[post] attempt feedId=6a5d6aaa0000000011019dd9 contentLen=42 also_upvote=1
[cdp] spawn timeout=120s cmd=--reuse-existing-tab post-comment-to-feed --feed-id 6a5d6aaa0000000011019dd9 --xsec-token(46chars) --content(42chars) --also-upvote
[cdp] done exit=0 elapsed=11.7s stdout=2335 stderr=0
[upvote-warn] feedId=6a5d6aaa0000000011019dd9 comment ok but like not confirmed upvote={'success': False, 'changed': False, 'state_before': False, 'state_after': False}
[post] success feedId=6a5d6aaa0000000011019dd9
[cdp] phase=post-ok exit=0 feedId=6a5d6aaa0000000011019dd9
[cdp] cmd=--reuse-existing-tab post-comment-to-feed --feed-id 6a5d6aaa0000000011019dd9 --xsec-token(46chars) --content(42chars) --also-upvote
[cdp]   [cdp_publish] Login cache: enabled (ttl=12h).
[cdp]   [cdp_publish] Tab selection mode: prefer reusing existing tab.
[cdp]   [cdp_publish] Reusing existing tab to reduce focus switching: https://www.xiaohongshu.com/explore/6a5d6aaa0000000011019dd9?xsec_token=ABgO_RO9hCJQb3LOMcuXbRt2cMd38qHQTuwPQhLke9Gos=&xsec_source=pc_feed
[cdp]   [cdp_publish] Connecting to ws://127.0.0.1:9222/devtools/page/91A6DE1619B3FE38ED013E0FCF7FD86A
[cdp]   [cdp_publish] Connected to Chrome tab.
[cdp]   [cdp_publish] Using cached login status (home, age=15m, ttl=12h).
[cdp]   [cdp_publish] Home login confirmed (cached).
[cdp]   [cdp_publish] Navigating to https://www.xiaohongshu.com/explore/6a5d6aaa0000000011019dd9?xsec_token=ABgO_RO9hCJQb3LOMcuXbRt2cMd38qHQTuwPQhLke9Gos=&xsec_source=pc_feed
[cdp]   [cdp_publish] Clicking comment input box at (972, 1223)...
[cdp]   [cdp_publish] Clicking comment submit button at (1204, 1223)...
[cdp]   [cdp_publish] Comment posted. feed_id=6a5d6aaa0000000011019dd9, length=42
[cdp]   [cdp_publish] Clicking note like in interact bar at (1111, 1223) hint=interact-container .like-wrapper target=SPAN bar=interactions engage-bar top=1211.3333740234375 left=1091.416748046875 viewport={'w': 1517, 'h': 1291}
[cdp]   [cdp_publish] JS click on like-wrapper, class_after=like-wrapper like-active at=(1117.526123046875, 1223.3333740234375)
[cdp]   [cdp_publish] Warning: note like click did not activate. state_before=False state_after=False likeRoot.class=like-wrapper like-active visual_before={'className': 'like-wrapper like-active', 'ariaPressed': '', 'color': 'rgb(51, 51, 51)', 'svgColor': 'rgb(51, 51, 51)', 'svgHtml': '<span data-v-9403e00c="" class="like-lottie" style="width: 24px; height: 24px;"></span>'} visual_after={'className': 'like-wrapper like-active', 'ariaPressed': '', 'color': 'rgb(51, 51, 51)', 'svgColor': 'rgb(51, 51, 51)', 'svgHtml': '<span data-v-9403e00c="" class="like-lottie" style="width: 24px; height: 24px;"></span>'}
[cdp]   [cdp_publish] Warning: upvote on same page failed. payload={'success': False, 'changed': False, 'state_before': False, 'state_after': False}
[cdp]   POST_COMMENT_RESULT:
[ok] post done (1/83)
[wait] 20s (~0.3min, random 20-30s)
[search-next] keyword=烧脑小游戏 sort=综合 task=3/42 empty_streak=0 seen_feeds=42
[search-wait] 7s before keyword=烧脑小游戏 sort=综合
[cdp] spawn timeout=180s cmd=--reuse-existing-tab search-feeds --keyword 烧脑小游戏 --sort-by 综合 --publish-time 半年内
[cdp] done exit=0 elapsed=7.8s stdout=136763 stderr=0
[cdp] spawn timeout=90s cmd=--reuse-existing-tab get-feed-detail --feed-id 6a4768ce000000001101b943 --xsec-token(46chars)
[cdp] done exit=0 elapsed=4.3s stdout=29015 stderr=0
[relevance-skip] feedId=6a4768ce000000001101b943 title=Get到了一款数独app bodyLen=338 score=-4 min=2
[search-scroll-next] keyword=烧脑小游戏 sort=综合 raw=42 usable=0 scroll once (1/8)
[cdp] spawn timeout=180s cmd=--reuse-existing-tab search-feeds-scroll
[cdp] done exit=1 elapsed=0.2s stdout=595 stderr=617
[warn] search scroll failed keyword=烧脑小游戏 scrolls=1
[cdp] phase=search-scroll exit=1 keyword=烧脑小游戏 scrolls=1
[cdp] cmd=--reuse-existing-tab search-feeds-scroll
[cdp]   [cdp_publish] Timing jitter ratio: 0.25
[cdp]   [cdp_publish] Login cache: enabled (ttl=12h).
[cdp]   [cdp_publish] Tab selection mode: prefer reusing existing tab.
[cdp]   [cdp_publish] Reusing existing tab to reduce focus switching: https://www.xiaohongshu.com/explore/6a4768ce000000001101b943?xsec_token=ABY4SCXHEDgwxqzotoO_15FhFA4n6UVYXAvYc4EU33Mgs=&xsec_source=pc_feed
[cdp]   [cdp_publish] Connecting to ws://127.0.0.1:9222/devtools/page/91A6DE1619B3FE38ED013E0FCF7FD86A
[cdp]   [cdp_publish] Connected to Chrome tab.
[cdp]   [cdp_publish] Using cached login status (home, age=16m, ttl=12h).
[cdp]   [cdp_publish] Home login confirmed (cached).
[cdp]   Traceback (most recent call last):
[cdp]   raise CDPError(
[cdp]   __main__.CDPError: Current tab is not a search results page: https://www.xiaohongshu.com/explore/6a4768ce000000001101b943?xsec_token=ABY4SCXHEDgwxqzotoO_15FhFA4n6UVYXAvYc4EU33Mgs=&x
[search-filter] keyword=烧脑小游戏 sort=综合 scrolls=0(exhausted max=8) {'dup_or_empty_id': 20, 'already_commented': 12, 'not_note': 2, 'bad_title': 1, 'too_old': 6, 'low_relevance': 1}
[search] keyword=烧脑小游戏 sort=综合 raw=42 skipped=42 hit=0 rate_limited=False
[search-next] keyword=烧脑小游戏 sort=最新 task=4/42 empty_streak=1 seen_feeds=62
[search-wait] 7s before keyword=烧脑小游戏 sort=最新
[cdp] spawn timeout=180s cmd=--reuse-existing-tab search-feeds --keyword 烧脑小游戏 --sort-by 最新 --publish-time 半年内
[cdp] done exit=0 elapsed=8.3s stdout=107119 stderr=0
[cdp] spawn timeout=90s cmd=--reuse-existing-tab get-feed-detail --feed-id 6a5d8d25000000000e03735b --xsec-token(46chars)
[cdp] done exit=0 elapsed=5.5s stdout=30568 stderr=0
[search-scroll-stop] keyword=烧脑小游戏 sort=最新 usable=1 after scrolls=0 (max=8, skip further scrolls)
[search-filter] keyword=烧脑小游戏 sort=最新 scrolls=0 {'bad_publish_date': 3, 'bad_title': 4, 'already_commented': 1, 'not_note': 1}
[search-hit] keyword=烧脑小游戏 sort=最新 raw=40 skipped=9 feedId=6a5d8d25000000000e03735b score=8 title=睡前小游戏：在20步之内抓住蜗牛 → post now
[plan] #2 keyword=烧脑小游戏 title=睡前小游戏：在20步之内抓住蜗牛 comments=45 age=1d score=8 msg=17/烧脑卡关 match=5
[post] attempt feedId=6a5d8d25000000000e03735b contentLen=40 also_upvote=1
[cdp] spawn timeout=120s cmd=--reuse-existing-tab post-comment-to-feed --feed-id 6a5d8d25000000000e03735b --xsec-token(46chars) --content(40chars) --also-upvote
[cdp] done exit=0 elapsed=11.9s stdout=2336 stderr=0
[upvote-warn] feedId=6a5d8d25000000000e03735b comment ok but like not confirmed upvote={'success': False, 'changed': False, 'state_before': False, 'state_after': False}
[post] success feedId=6a5d8d25000000000e03735b
[cdp] phase=post-ok exit=0 feedId=6a5d8d25000000000e03735b
[cdp] cmd=--reuse-existing-tab post-comment-to-feed --feed-id 6a5d8d25000000000e03735b --xsec-token(46chars) --content(40chars) --also-upvote
[cdp]   [cdp_publish] Login cache: enabled (ttl=12h).
[cdp]   [cdp_publish] Tab selection mode: prefer reusing existing tab.
[cdp]   [cdp_publish] Reusing existing tab to reduce focus switching: https://www.xiaohongshu.com/explore/6a5d8d25000000000e03735b?xsec_token=ABgO_RO9hCJQb3LOMcuXbRtzkl02oyq7YLvgdGT-8OIAo=&xsec_source=pc_feed
[cdp]   [cdp_publish] Connecting to ws://127.0.0.1:9222/devtools/page/91A6DE1619B3FE38ED013E0FCF7FD86A
[cdp]   [cdp_publish] Connected to Chrome tab.
[cdp]   [cdp_publish] Using cached login status (home, age=17m, ttl=12h).
[cdp]   [cdp_publish] Home login confirmed (cached).
[cdp]   [cdp_publish] Navigating to https://www.xiaohongshu.com/explore/6a5d8d25000000000e03735b?xsec_token=ABgO_RO9hCJQb3LOMcuXbRtzkl02oyq7YLvgdGT-8OIAo=&xsec_source=pc_feed
[cdp]   [cdp_publish] Clicking comment input box at (992, 1223)...
[cdp]   [cdp_publish] Clicking comment submit button at (1225, 1223)...
[cdp]   [cdp_publish] Comment posted. feed_id=6a5d8d25000000000e03735b, length=40
[cdp]   [cdp_publish] Clicking note like in interact bar at (1111, 1223) hint=interact-container .like-wrapper target=SPAN bar=interactions engage-bar top=1211.3333740234375 left=1090.878662109375 viewport={'w': 1517, 'h': 1291}
[cdp]   [cdp_publish] JS click on like-wrapper, class_after=like-wrapper like-active at=(1125.1963729858398, 1223.3333740234375)
[cdp]   [cdp_publish] Warning: note like click did not activate. state_before=False state_after=False likeRoot.class=like-wrapper like-active visual_before={'className': 'like-wrapper like-active', 'ariaPressed': '', 'color': 'rgb(51, 51, 51)', 'svgColor': 'rgb(51, 51, 51)', 'svgHtml': '<span data-v-9403e00c="" class="like-lottie" style="width: 24px; height: 24px;"></span>'} visual_after={'className': 'like-wrapper like-active', 'ariaPressed': '', 'color': 'rgb(51, 51, 51)', 'svgColor': 'rgb(51, 51, 51)', 'svgHtml': '<span data-v-9403e00c="" class="like-lottie" style="width: 24px; height: 24px;"></span>'}
[cdp]   [cdp_publish] Warning: upvote on same page failed. payload={'success': False, 'changed': False, 'state_before': False, 'state_after': False}
[cdp]   POST_COMMENT_RESULT:
[ok] post done (2/83)
[wait] 28s (~0.5min, random 20-30s)
[search-next] keyword=推箱子 sort=综合 task=5/42 empty_streak=0 seen_feeds=71
[search-wait] 13s before keyword=推箱子 sort=综合
[cdp] spawn timeout=180s cmd=--reuse-existing-tab search-feeds --keyword 推箱子 --sort-by 综合 --publish-time 半年内
[cdp] done exit=0 elapsed=8.6s stdout=121822 stderr=0
[cdp] spawn timeout=90s cmd=--reuse-existing-tab get-feed-detail --feed-id 6a4c744c0000000017009dd8 --xsec-token(46chars)
[cdp] done exit=0 elapsed=5.2s stdout=18026 stderr=0
[relevance-skip] feedId=6a4c744c0000000017009dd8 title=我们必须想象西西弗斯是幸福的🪨 bodyLen=201 score=-6 min=2
[detail-wait] 3.6s before feedId=6a37a0000000000008031391
[cdp] spawn timeout=90s cmd=--reuse-existing-tab get-feed-detail --feed-id 6a37a0000000000008031391 --xsec-token(46chars)
[cdp] done exit=0 elapsed=4.6s stdout=7388 stderr=0
[relevance-skip] feedId=6a37a0000000000008031391 title=一款超有趣的杀时间的推箱子游戏 bodyLen=141 score=-6 min=2
[detail-wait] 2.5s before feedId=6a488f76000000000f014471
[cdp] spawn timeout=90s cmd=--reuse-existing-tab get-feed-detail --feed-id 6a488f76000000000f014471 --xsec-token(46chars)
[cdp] done exit=0 elapsed=5.4s stdout=7392 stderr=0
[search-scroll-stop] keyword=推箱子 sort=综合 usable=1 after scrolls=0 (max=8, skip further scrolls)
[search-filter] keyword=推箱子 sort=综合 scrolls=0 {'too_old': 2, 'low_relevance': 2, 'already_commented': 8, 'dup_or_empty_id': 1, 'not_note': 1, 'bad_publish_date': 1, 'bad_title': 2}
[search-hit] keyword=推箱子 sort=综合 raw=42 skipped=17 feedId=6a488f76000000000f014471 score=8 title=推箱子这一关要怎么推才能过关 → post now
[plan] #3 keyword=推箱子 title=推箱子这一关要怎么推才能过关 comments=3 age=17d score=8 msg=7/推箱子 match=9
[post] attempt feedId=6a488f76000000000f014471 contentLen=44 also_upvote=1
[cdp] spawn timeout=120s cmd=--reuse-existing-tab post-comment-to-feed --feed-id 6a488f76000000000f014471 --xsec-token(46chars) --content(44chars) --also-upvote
[cdp] done exit=0 elapsed=11.2s stdout=2338 stderr=0
[upvote-warn] feedId=6a488f76000000000f014471 comment ok but like not confirmed upvote={'success': False, 'changed': False, 'state_before': False, 'state_after': False}
[post] success feedId=6a488f76000000000f014471
[cdp] phase=post-ok exit=0 feedId=6a488f76000000000f014471
[cdp] cmd=--reuse-existing-tab post-comment-to-feed --feed-id 6a488f76000000000f014471 --xsec-token(46chars) --content(44chars) --also-upvote
[cdp]   [cdp_publish] Login cache: enabled (ttl=12h).
[cdp]   [cdp_publish] Tab selection mode: prefer reusing existing tab.
[cdp]   [cdp_publish] Reusing existing tab to reduce focus switching: https://www.xiaohongshu.com/explore/6a488f76000000000f014471?xsec_token=ABMKscPzNdE-9DMnF6w1uKz9gHPnZJhkbHuwxgZ-XdLic=&xsec_source=pc_feed
[cdp]   [cdp_publish] Connecting to ws://127.0.0.1:9222/devtools/page/91A6DE1619B3FE38ED013E0FCF7FD86A
[cdp]   [cdp_publish] Connected to Chrome tab.
[cdp]   [cdp_publish] Using cached login status (home, age=18m, ttl=12h).
[cdp]   [cdp_publish] Home login confirmed (cached).
[cdp]   [cdp_publish] Navigating to https://www.xiaohongshu.com/explore/6a488f76000000000f014471?xsec_token=ABMKscPzNdE-9DMnF6w1uKz9gHPnZJhkbHuwxgZ-XdLic=&xsec_source=pc_feed
[cdp]   [cdp_publish] Clicking comment input box at (1061, 1223)...
[cdp]   [cdp_publish] Clicking comment submit button at (1293, 1223)...
[cdp]   [cdp_publish] Comment posted. feed_id=6a488f76000000000f014471, length=44
[cdp]   [cdp_publish] Clicking note like in interact bar at (1209, 1223) hint=interact-container .like-wrapper target=SPAN bar=interactions engage-bar top=1211.3333740234375 left=1189.1146240234375 viewport={'w': 1517, 'h': 1291}
[cdp]   [cdp_publish] JS click on like-wrapper, class_after=like-wrapper like-active at=(1211.1146240234375, 1223.3333740234375)
[cdp]   [cdp_publish] Warning: note like click did not activate. state_before=False state_after=False likeRoot.class=like-wrapper like-active visual_before={'className': 'like-wrapper like-active', 'ariaPressed': '', 'color': 'rgb(51, 51, 51)', 'svgColor': 'rgb(51, 51, 51)', 'svgHtml': '<span data-v-9403e00c="" class="like-lottie" style="width: 24px; height: 24px;"></span>'} visual_after={'className': 'like-wrapper like-active', 'ariaPressed': '', 'color': 'rgb(51, 51, 51)', 'svgColor': 'rgb(51, 51, 51)', 'svgHtml': '<span data-v-9403e00c="" class="like-lottie" style="width: 24px; height: 24px;"></span>'}
[cdp]   [cdp_publish] Warning: upvote on same page failed. payload={'success': False, 'changed': False, 'state_before': False, 'state_after': False}
[cdp]   POST_COMMENT_RESULT:
[ok] post done (3/83)
[wait] 25s (~0.4min, random 20-30s)
[search-next] keyword=推箱子 sort=最新 task=6/42 empty_streak=0 seen_feeds=87
[search-wait] 13s before keyword=推箱子 sort=最新
[cdp] spawn timeout=180s cmd=--reuse-existing-tab search-feeds --keyword 推箱子 --sort-by 最新 --publish-time 半年内
[cdp] done exit=0 elapsed=7.7s stdout=115958 stderr=0
[cdp] spawn timeout=90s cmd=--reuse-existing-tab get-feed-detail --feed-id 6a5c752d000000000100f463 --xsec-token(46chars)
[cdp] done exit=0 elapsed=4.8s stdout=13677 stderr=0
[search-scroll-stop] keyword=推箱子 sort=最新 usable=1 after scrolls=0 (max=8, skip further scrolls)
[search-hit] keyword=推箱子 sort=最新 raw=42 skipped=0 feedId=6a5c752d000000000100f463 score=6 title=儿童相机-小游戏 → post now
[plan] #4 keyword=推箱子 title=儿童相机-小游戏 comments=1 age=2d score=6 msg=8/推箱子 match=9
[post] attempt feedId=6a5c752d000000000100f463 contentLen=49 also_upvote=1
[cdp] spawn timeout=120s cmd=--reuse-existing-tab post-comment-to-feed --feed-id 6a5c752d000000000100f463 --xsec-token(46chars) --content(49chars) --also-upvote
[cdp] done exit=0 elapsed=10.6s stdout=2338 stderr=0
[upvote-warn] feedId=6a5c752d000000000100f463 comment ok but like not confirmed upvote={'success': False, 'changed': False, 'state_before': False, 'state_after': False}
[post] success feedId=6a5c752d000000000100f463
[cdp] phase=post-ok exit=0 feedId=6a5c752d000000000100f463
[cdp] cmd=--reuse-existing-tab post-comment-to-feed --feed-id 6a5c752d000000000100f463 --xsec-token(46chars) --content(49chars) --also-upvote
[cdp]   [cdp_publish] Login cache: enabled (ttl=12h).
[cdp]   [cdp_publish] Tab selection mode: prefer reusing existing tab.
[cdp]   [cdp_publish] Reusing existing tab to reduce focus switching: https://www.xiaohongshu.com/explore/6a5c752d000000000100f463?xsec_token=AB9y01YmFAJVI_BJZFyn1HebL0yqO6Nh8MrolfL5HP5Co=&xsec_source=pc_feed
[cdp]   [cdp_publish] Connecting to ws://127.0.0.1:9222/devtools/page/91A6DE1619B3FE38ED013E0FCF7FD86A
[cdp]   [cdp_publish] Connected to Chrome tab.
[cdp]   [cdp_publish] Using cached login status (home, age=19m, ttl=12h).
[cdp]   [cdp_publish] Home login confirmed (cached).
[cdp]   [cdp_publish] Navigating to https://www.xiaohongshu.com/explore/6a5c752d000000000100f463?xsec_token=AB9y01YmFAJVI_BJZFyn1HebL0yqO6Nh8MrolfL5HP5Co=&xsec_source=pc_feed
[cdp]   [cdp_publish] Clicking comment input box at (1061, 1223)...
[cdp]   [cdp_publish] Clicking comment submit button at (1293, 1223)...
[cdp]   [cdp_publish] Comment posted. feed_id=6a5c752d000000000100f463, length=49
[cdp]   [cdp_publish] Clicking note like in interact bar at (1221, 1223) hint=interact-container .like-wrapper target=SPAN bar=interactions engage-bar top=1211.3333740234375 left=1200.6771240234375 viewport={'w': 1517, 'h': 1291}
[cdp]   [cdp_publish] JS click on like-wrapper, class_after=like-wrapper like-active at=(1226.7864990234375, 1223.3333740234375)
[cdp]   [cdp_publish] Warning: note like click did not activate. state_before=False state_after=False likeRoot.class=like-wrapper like-active visual_before={'className': 'like-wrapper like-active', 'ariaPressed': '', 'color': 'rgb(51, 51, 51)', 'svgColor': 'rgb(51, 51, 51)', 'svgHtml': '<span data-v-9403e00c="" class="like-lottie" style="width: 24px; height: 24px;"></span>'} visual_after={'className': 'like-wrapper like-active', 'ariaPressed': '', 'color': 'rgb(51, 51, 51)', 'svgColor': 'rgb(51, 51, 51)', 'svgHtml': '<span data-v-9403e00c="" class="like-lottie" style="width: 24px; height: 24px;"></span>'}
[cdp]   [cdp_publish] Warning: upvote on same page failed. payload={'success': False, 'changed': False, 'state_before': False, 'state_after': False}
[cdp]   POST_COMMENT_RESULT:
[ok] post done (4/83)
[wait] 23s (~0.4min, random 20-30s)
[search-next] keyword=解谜游戏 sort=综合 task=7/42 empty_streak=0 seen_feeds=88
[search-wait] 13s before keyword=解谜游戏 sort=综合
[cdp] spawn timeout=180s cmd=--reuse-existing-tab search-feeds --keyword 解谜游戏 --sort-by 综合 --publish-time 半年内
[cdp] done exit=0 elapsed=8.0s stdout=137038 stderr=0
[cdp] spawn timeout=90s cmd=--reuse-existing-tab get-feed-detail --feed-id 6a3fbe69000000002003b059 --xsec-token(46chars)
[cdp] done exit=0 elapsed=5.8s stdout=34377 stderr=0
[relevance-skip] feedId=6a3fbe69000000002003b059 title=靠着大家的攻略玩完了😆 bodyLen=66 score=-2 min=2
[detail-wait] 2.6s before feedId=6a495b970000000017009faf
[cdp] spawn timeout=90s cmd=--reuse-existing-tab get-feed-detail --feed-id 6a495b970000000017009faf --xsec-token(46chars)
[cdp] done exit=0 elapsed=5.6s stdout=28774 stderr=0
[search-scroll-stop] keyword=解谜游戏 sort=综合 usable=1 after scrolls=0 (max=8, skip further scrolls)
[search-filter] keyword=解谜游戏 sort=综合 scrolls=0 {'dup_or_empty_id': 20, 'already_commented': 9, 'not_note': 3, 'bad_publish_date': 2, 'low_relevance': 1, 'too_old': 2}
[search-hit] keyword=解谜游戏 sort=综合 raw=43 skipped=37 feedId=6a495b970000000017009faf score=6 title=有没有鲁特里一家死了的类似游戏啊 → post now
[plan] #5 keyword=解谜游戏 title=有没有鲁特里一家死了的类似游戏啊 comments=114 age=16d score=6 msg=1/求推荐 match=15
[post] attempt feedId=6a495b970000000017009faf contentLen=55 also_upvote=1
[cdp] spawn timeout=120s cmd=--reuse-existing-tab post-comment-to-feed --feed-id 6a495b970000000017009faf --xsec-token(46chars) --content(55chars) --also-upvote
[cdp] done exit=0 elapsed=12.3s stdout=2338 stderr=0
[upvote-warn] feedId=6a495b970000000017009faf comment ok but like not confirmed upvote={'success': False, 'changed': False, 'state_before': False, 'state_after': False}
[post] success feedId=6a495b970000000017009faf
[cdp] phase=post-ok exit=0 feedId=6a495b970000000017009faf
[cdp] cmd=--reuse-existing-tab post-comment-to-feed --feed-id 6a495b970000000017009faf --xsec-token(46chars) --content(55chars) --also-upvote
[cdp]   [cdp_publish] Login cache: enabled (ttl=12h).
[cdp]   [cdp_publish] Tab selection mode: prefer reusing existing tab.
[cdp]   [cdp_publish] Reusing existing tab to reduce focus switching: https://www.xiaohongshu.com/explore/6a495b970000000017009faf?xsec_token=AB0_q_wrK3bqvgiNA4aoZ5ZnxCsJcfMbfvZ-R_DNNqDoA=&xsec_source=pc_feed
[cdp]   [cdp_publish] Connecting to ws://127.0.0.1:9222/devtools/page/91A6DE1619B3FE38ED013E0FCF7FD86A
[cdp]   [cdp_publish] Connected to Chrome tab.
[cdp]   [cdp_publish] Using cached login status (home, age=20m, ttl=12h).
[cdp]   [cdp_publish] Home login confirmed (cached).
[cdp]   [cdp_publish] Navigating to https://www.xiaohongshu.com/explore/6a495b970000000017009faf?xsec_token=AB0_q_wrK3bqvgiNA4aoZ5ZnxCsJcfMbfvZ-R_DNNqDoA=&xsec_source=pc_feed
[cdp]   [cdp_publish] Clicking comment input box at (1061, 1223)...
[cdp]   [cdp_publish] Clicking comment submit button at (1293, 1223)...
[cdp]   [cdp_publish] Comment posted. feed_id=6a495b970000000017009faf, length=55
[cdp]   [cdp_publish] Clicking note like in interact bar at (1171, 1223) hint=interact-container .like-wrapper target=SPAN bar=interactions engage-bar top=1211.3333740234375 left=1151.4271240234375 viewport={'w': 1517, 'h': 1291}
[cdp]   [cdp_publish] JS click on like-wrapper, class_after=like-wrapper like-active at=(1185.7448348999023, 1223.3333740234375)
[cdp]   [cdp_publish] Warning: note like click did not activate. state_before=False state_after=False likeRoot.class=like-wrapper like-active visual_before={'className': 'like-wrapper like-active', 'ariaPressed': '', 'color': 'rgb(51, 51, 51)', 'svgColor': 'rgb(51, 51, 51)', 'svgHtml': '<span data-v-9403e00c="" class="like-lottie" style="width: 24px; height: 24px;"></span>'} visual_after={'className': 'like-wrapper like-active', 'ariaPressed': '', 'color': 'rgb(51, 51, 51)', 'svgColor': 'rgb(51, 51, 51)', 'svgHtml': '<span data-v-9403e00c="" class="like-lottie" style="width: 24px; height: 24px;"></span>'}
[cdp]   [cdp_publish] Warning: upvote on same page failed. payload={'success': False, 'changed': False, 'state_before': False, 'state_after': False}
[cdp]   POST_COMMENT_RESULT:
[ok] post done (5/83)
[wait] 26s (~0.4min, random 20-30s)
[search-next] keyword=解谜游戏 sort=最新 task=8/42 empty_streak=0 seen_feeds=103
[search-wait] 12s before keyword=解谜游戏 sort=最新
[cdp] spawn timeout=180s cmd=--reuse-existing-tab search-feeds --keyword 解谜游戏 --sort-by 最新 --publish-time 半年内
[cdp] done exit=0 elapsed=7.2s stdout=164116 stderr=0
[cdp] spawn timeout=90s cmd=--reuse-existing-tab get-feed-detail --feed-id 6a564ae5000000000f030ec6 --xsec-token(46chars)
[cdp] done exit=0 elapsed=5.5s stdout=16363 stderr=0
[search-scroll-stop] keyword=解谜游戏 sort=最新 usable=1 after scrolls=0 (max=8, skip further scrolls)
[search-filter] keyword=解谜游戏 sort=最新 scrolls=0 {'already_commented': 1, 'bad_publish_date': 1}
[search-hit] keyword=解谜游戏 sort=最新 raw=42 skipped=2 feedId=6a564ae5000000000f030ec6 score=6 title=凶案数独：推理类｜变种数独游戏 → post now
[plan] #6 keyword=解谜游戏 title=凶案数独：推理类｜变种数独游戏 comments=8 age=1d score=6 msg=18/烧脑卡关 match=7
[post] attempt feedId=6a564ae5000000000f030ec6 contentLen=35 also_upvote=1
[cdp] spawn timeout=120s cmd=--reuse-existing-tab post-comment-to-feed --feed-id 6a564ae5000000000f030ec6 --xsec-token(46chars) --content(35chars) --also-upvote
[cdp] done exit=0 elapsed=10.2s stdout=2337 stderr=0
[upvote-warn] feedId=6a564ae5000000000f030ec6 comment ok but like not confirmed upvote={'success': False, 'changed': False, 'state_before': False, 'state_after': False}
[post] success feedId=6a564ae5000000000f030ec6
[cdp] phase=post-ok exit=0 feedId=6a564ae5000000000f030ec6
[cdp] cmd=--reuse-existing-tab post-comment-to-feed --feed-id 6a564ae5000000000f030ec6 --xsec-token(46chars) --content(35chars) --also-upvote
[cdp]   [cdp_publish] Login cache: enabled (ttl=12h).
[cdp]   [cdp_publish] Tab selection mode: prefer reusing existing tab.
[cdp]   [cdp_publish] Reusing existing tab to reduce focus switching: https://www.xiaohongshu.com/explore/6a564ae5000000000f030ec6?xsec_token=AB3iCyiC3fQH_A59fln8paEjOomkjBQWmY1baR9UZsN_U=&xsec_source=pc_feed
[cdp]   [cdp_publish] Connecting to ws://127.0.0.1:9222/devtools/page/91A6DE1619B3FE38ED013E0FCF7FD86A
[cdp]   [cdp_publish] Connected to Chrome tab.
[cdp]   [cdp_publish] Using cached login status (home, age=21m, ttl=12h).
[cdp]   [cdp_publish] Home login confirmed (cached).
[cdp]   [cdp_publish] Navigating to https://www.xiaohongshu.com/explore/6a564ae5000000000f030ec6?xsec_token=AB3iCyiC3fQH_A59fln8paEjOomkjBQWmY1baR9UZsN_U=&xsec_source=pc_feed
[cdp]   [cdp_publish] Clicking comment input box at (1020, 1223)...
[cdp]   [cdp_publish] Clicking comment submit button at (1253, 1223)...
[cdp]   [cdp_publish] Comment posted. feed_id=6a564ae5000000000f030ec6, length=35
[cdp]   [cdp_publish] Clicking note like in interact bar at (1164, 1223) hint=interact-container .like-wrapper target=SPAN bar=interactions engage-bar top=1211.3333740234375 left=1143.681884765625 viewport={'w': 1517, 'h': 1291}
[cdp]   [cdp_publish] JS click on like-wrapper, class_after=like-wrapper like-active at=(1173.8954277038574, 1223.3333740234375)
[cdp]   [cdp_publish] Warning: note like click did not activate. state_before=False state_after=False likeRoot.class=like-wrapper like-active visual_before={'className': 'like-wrapper like-active', 'ariaPressed': '', 'color': 'rgb(51, 51, 51)', 'svgColor': 'rgb(51, 51, 51)', 'svgHtml': '<span data-v-9403e00c="" class="like-lottie" style="width: 24px; height: 24px;"></span>'} visual_after={'className': 'like-wrapper like-active', 'ariaPressed': '', 'color': 'rgb(51, 51, 51)', 'svgColor': 'rgb(51, 51, 51)', 'svgHtml': '<span data-v-9403e00c="" class="like-lottie" style="width: 24px; height: 24px;"></span>'}
[cdp]   [cdp_publish] Warning: upvote on same page failed. payload={'success': False, 'changed': False, 'state_before': False, 'state_after': False}
[cdp]   POST_COMMENT_RESULT:
[ok] post done (6/83)
[wait] 24s (~0.4min, random 20-30s)
[search-next] keyword=游戏推荐 sort=综合 task=9/42 empty_streak=0 seen_feeds=106
[search-wait] 8s before keyword=游戏推荐 sort=综合
[cdp] spawn timeout=180s cmd=--reuse-existing-tab search-feeds --keyword 游戏推荐 --sort-by 综合 --publish-time 半年内
[cdp] done exit=0 elapsed=8.6s stdout=134686 stderr=0
[cdp] spawn timeout=90s cmd=--reuse-existing-tab get-feed-detail --feed-id 6a55aba30000000006032eac --xsec-token(46chars)
[cdp] done exit=0 elapsed=5.2s stdout=29276 stderr=0
[search-scroll-stop] keyword=游戏推荐 sort=综合 usable=1 after scrolls=0 (max=8, skip further scrolls)
[search-filter] keyword=游戏推荐 sort=综合 scrolls=0 {'dup_or_empty_id': 12, 'too_old': 1, 'not_note': 1, 'already_commented': 3, 'bad_title': 1}
[search-hit] keyword=游戏推荐 sort=综合 raw=42 skipped=18 feedId=6a55aba30000000006032eac score=4 title=毫无耐心的适合玩什么游戏？🧐 → post now
[plan] #7 keyword=游戏推荐 title=毫无耐心的适合玩什么游戏？🧐 comments=819 age=7d score=4 msg=2/求推荐 match=9
[post] attempt feedId=6a55aba30000000006032eac contentLen=42 also_upvote=1
[cdp] spawn timeout=120s cmd=--reuse-existing-tab post-comment-to-feed --feed-id 6a55aba30000000006032eac --xsec-token(46chars) --content(42chars) --also-upvote
[cdp] done exit=0 elapsed=11.7s stdout=2338 stderr=0
[upvote-warn] feedId=6a55aba30000000006032eac comment ok but like not confirmed upvote={'success': False, 'changed': False, 'state_before': False, 'state_after': False}
[post] success feedId=6a55aba30000000006032eac
[cdp] phase=post-ok exit=0 feedId=6a55aba30000000006032eac
[cdp] cmd=--reuse-existing-tab post-comment-to-feed --feed-id 6a55aba30000000006032eac --xsec-token(46chars) --content(42chars) --also-upvote
[cdp]   [cdp_publish] Login cache: enabled (ttl=12h).
[cdp]   [cdp_publish] Tab selection mode: prefer reusing existing tab.
[cdp]   [cdp_publish] Reusing existing tab to reduce focus switching: https://www.xiaohongshu.com/explore/6a55aba30000000006032eac?xsec_token=ABbzMaJJUEmGCF_scf3BL9595CbIaeNr0u0RL59KCFiw0=&xsec_source=pc_feed
[cdp]   [cdp_publish] Connecting to ws://127.0.0.1:9222/devtools/page/91A6DE1619B3FE38ED013E0FCF7FD86A
[cdp]   [cdp_publish] Connected to Chrome tab.
[cdp]   [cdp_publish] Using cached login status (home, age=22m, ttl=12h).
[cdp]   [cdp_publish] Home login confirmed (cached).
[cdp]   [cdp_publish] Navigating to https://www.xiaohongshu.com/explore/6a55aba30000000006032eac?xsec_token=ABbzMaJJUEmGCF_scf3BL9595CbIaeNr0u0RL59KCFiw0=&xsec_source=pc_feed
[cdp]   [cdp_publish] Clicking comment input box at (1061, 1223)...
[cdp]   [cdp_publish] Clicking comment submit button at (1293, 1223)...
[cdp]   [cdp_publish] Comment posted. feed_id=6a55aba30000000006032eac, length=42
[cdp]   [cdp_publish] Clicking note like in interact bar at (1171, 1223) hint=interact-container .like-wrapper target=SPAN bar=interactions engage-bar top=1211.3333740234375 left=1151.4271240234375 viewport={'w': 1517, 'h': 1291}
[cdp]   [cdp_publish] JS click on like-wrapper, class_after=like-wrapper like-active at=(1185.7448348999023, 1223.3333740234375)
[cdp]   [cdp_publish] Warning: note like click did not activate. state_before=False state_after=False likeRoot.class=like-wrapper like-active visual_before={'className': 'like-wrapper like-active', 'ariaPressed': '', 'color': 'rgb(51, 51, 51)', 'svgColor': 'rgb(51, 51, 51)', 'svgHtml': '<span data-v-9403e00c="" class="like-lottie" style="width: 24px; height: 24px;"></span>'} visual_after={'className': 'like-wrapper like-active', 'ariaPressed': '', 'color': 'rgb(51, 51, 51)', 'svgColor': 'rgb(51, 51, 51)', 'svgHtml': '<span data-v-9403e00c="" class="like-lottie" style="width: 24px; height: 24px;"></span>'}
[cdp]   [cdp_publish] Warning: upvote on same page failed. payload={'success': False, 'changed': False, 'state_before': False, 'state_after': False}
[cdp]   POST_COMMENT_RESULT:
[ok] post done (7/83)
[wait] 21s (~0.3min, random 20-30s)
[search-next] keyword=游戏推荐 sort=最新 task=10/42 empty_streak=0 seen_feeds=112
[search-wait] 5s before keyword=游戏推荐 sort=最新
[cdp] spawn timeout=180s cmd=--reuse-existing-tab search-feeds --keyword 游戏推荐 --sort-by 最新 --publish-time 半年内
[cdp] done exit=0 elapsed=7.5s stdout=119812 stderr=0
[cdp] spawn timeout=90s cmd=--reuse-existing-tab get-feed-detail --feed-id 6a5e1550000000000e035514 --xsec-token(46chars)
[cdp] done exit=0 elapsed=5.5s stdout=13986 stderr=0
[search-scroll-stop] keyword=游戏推荐 sort=最新 usable=1 after scrolls=0 (max=8, skip further scrolls)
[search-filter] keyword=游戏推荐 sort=最新 scrolls=0 {'bad_publish_date': 5, 'bad_title': 3, 'not_note': 1}
[search-hit] keyword=游戏推荐 sort=最新 raw=42 skipped=9 feedId=6a5e1550000000000e035514 score=4 title=大家下班累了都在玩什么游戏放松呢？ → post now
[plan] #8 keyword=游戏推荐 title=大家下班累了都在玩什么游戏放松呢？ comments=4 age=1d score=4 msg=4/求推荐 match=6
[post] attempt feedId=6a5e1550000000000e035514 contentLen=51 also_upvote=1
[cdp] spawn timeout=120s cmd=--reuse-existing-tab post-comment-to-feed --feed-id 6a5e1550000000000e035514 --xsec-token(46chars) --content(51chars) --also-upvote
[cdp] done exit=0 elapsed=10.9s stdout=2338 stderr=0
[upvote-warn] feedId=6a5e1550000000000e035514 comment ok but like not confirmed upvote={'success': False, 'changed': False, 'state_before': False, 'state_after': False}
[post] success feedId=6a5e1550000000000e035514
[cdp] phase=post-ok exit=0 feedId=6a5e1550000000000e035514
[cdp] cmd=--reuse-existing-tab post-comment-to-feed --feed-id 6a5e1550000000000e035514 --xsec-token(46chars) --content(51chars) --also-upvote
[cdp]   [cdp_publish] Login cache: enabled (ttl=12h).
[cdp]   [cdp_publish] Tab selection mode: prefer reusing existing tab.
[cdp]   [cdp_publish] Reusing existing tab to reduce focus switching: https://www.xiaohongshu.com/explore/6a5e1550000000000e035514?xsec_token=ABzSx9hXhrOzrb6AcgKGBZvaC7Qs1InTnEsrIn4Ryhpzg=&xsec_source=pc_feed
[cdp]   [cdp_publish] Connecting to ws://127.0.0.1:9222/devtools/page/91A6DE1619B3FE38ED013E0FCF7FD86A
[cdp]   [cdp_publish] Connected to Chrome tab.
[cdp]   [cdp_publish] Using cached login status (home, age=23m, ttl=12h).
[cdp]   [cdp_publish] Home login confirmed (cached).
[cdp]   [cdp_publish] Navigating to https://www.xiaohongshu.com/explore/6a5e1550000000000e035514?xsec_token=ABzSx9hXhrOzrb6AcgKGBZvaC7Qs1InTnEsrIn4Ryhpzg=&xsec_source=pc_feed
[cdp]   [cdp_publish] Clicking comment input box at (1061, 1223)...
[cdp]   [cdp_publish] Clicking comment submit button at (1293, 1223)...
[cdp]   [cdp_publish] Comment posted. feed_id=6a5e1550000000000e035514, length=51
[cdp]   [cdp_publish] Clicking note like in interact bar at (1201, 1223) hint=interact-container .like-wrapper target=SPAN bar=interactions engage-bar top=1211.3333740234375 left=1180.8958740234375 viewport={'w': 1517, 'h': 1291}
[cdp]   [cdp_publish] JS click on like-wrapper, class_after=like-wrapper like-active at=(1207.0052490234375, 1223.3333740234375)
[cdp]   [cdp_publish] Warning: note like click did not activate. state_before=False state_after=False likeRoot.class=like-wrapper like-active visual_before={'className': 'like-wrapper like-active', 'ariaPressed': '', 'color': 'rgb(51, 51, 51)', 'svgColor': 'rgb(51, 51, 51)', 'svgHtml': '<span data-v-9403e00c="" class="like-lottie" style="width: 24px; height: 24px;"></span>'} visual_after={'className': 'like-wrapper like-active', 'ariaPressed': '', 'color': 'rgb(51, 51, 51)', 'svgColor': 'rgb(51, 51, 51)', 'svgHtml': '<span data-v-9403e00c="" class="like-lottie" style="width: 24px; height: 24px;"></span>'}
[cdp]   [cdp_publish] Warning: upvote on same page failed. payload={'success': False, 'changed': False, 'state_before': False, 'state_after': False}
[cdp]   POST_COMMENT_RESULT:
[ok] post done (8/83)
[wait] 29s (~0.5min, random 20-30s)
[search-next] keyword=微信小游戏 sort=综合 task=11/42 empty_streak=0 seen_feeds=121
[search-wait] 11s before keyword=微信小游戏 sort=综合
[cdp] spawn timeout=180s cmd=--reuse-existing-tab search-feeds --keyword 微信小游戏 --sort-by 综合 --publish-time 半年内
[cdp] done exit=0 elapsed=7.3s stdout=127848 stderr=0
[cdp] spawn timeout=90s cmd=--reuse-existing-tab get-feed-detail --feed-id 6a1156dc000000003601d3ed --xsec-token(46chars)
[cdp] done exit=0 elapsed=6.3s stdout=20600 stderr=0
[search-scroll-stop] keyword=微信小游戏 sort=综合 usable=1 after scrolls=0 (max=8, skip further scrolls)
[search-filter] keyword=微信小游戏 sort=综合 scrolls=0 {'dup_or_empty_id': 5, 'already_commented': 5, 'not_note': 1, 'too_old': 1}
[search-hit] keyword=微信小游戏 sort=综合 raw=42 skipped=12 feedId=6a1156dc000000003601d3ed score=6 title=你让我感到恶心，知道吗 → post now
[plan] #9 keyword=微信小游戏 title=你让我感到恶心，知道吗 comments=13 age=59d score=6 msg=15/微信小游戏 match=6
[post] attempt feedId=6a1156dc000000003601d3ed contentLen=39 also_upvote=1
[cdp] spawn timeout=120s cmd=--reuse-existing-tab post-comment-to-feed --feed-id 6a1156dc000000003601d3ed --xsec-token(46chars) --content(39chars) --also-upvote
[cdp] done exit=0 elapsed=11.1s stdout=2337 stderr=0
[upvote-warn] feedId=6a1156dc000000003601d3ed comment ok but like not confirmed upvote={'success': False, 'changed': False, 'state_before': False, 'state_after': False}
[post] success feedId=6a1156dc000000003601d3ed
[cdp] phase=post-ok exit=0 feedId=6a1156dc000000003601d3ed
[cdp] cmd=--reuse-existing-tab post-comment-to-feed --feed-id 6a1156dc000000003601d3ed --xsec-token(46chars) --content(39chars) --also-upvote
[cdp]   [cdp_publish] Login cache: enabled (ttl=12h).
[cdp]   [cdp_publish] Tab selection mode: prefer reusing existing tab.
[cdp]   [cdp_publish] Reusing existing tab to reduce focus switching: https://www.xiaohongshu.com/explore/6a1156dc000000003601d3ed?xsec_token=ABX_Pr7aa2-DNHpQT5zE9pe8Lspn04AUzSS58IqYY8hfo=&xsec_source=pc_feed
[cdp]   [cdp_publish] Connecting to ws://127.0.0.1:9222/devtools/page/91A6DE1619B3FE38ED013E0FCF7FD86A
[cdp]   [cdp_publish] Connected to Chrome tab.
[cdp]   [cdp_publish] Using cached login status (home, age=24m, ttl=12h).
[cdp]   [cdp_publish] Home login confirmed (cached).
[cdp]   [cdp_publish] Navigating to https://www.xiaohongshu.com/explore/6a1156dc000000003601d3ed?xsec_token=ABX_Pr7aa2-DNHpQT5zE9pe8Lspn04AUzSS58IqYY8hfo=&xsec_source=pc_feed
[cdp]   [cdp_publish] Clicking comment input box at (903, 1223)...
[cdp]   [cdp_publish] Clicking comment submit button at (1135, 1223)...
[cdp]   [cdp_publish] Comment posted. feed_id=6a1156dc000000003601d3ed, length=39
[cdp]   [cdp_publish] Clicking note like in interact bar at (1021, 1223) hint=interact-container .like-wrapper target=SPAN bar=interactions engage-bar top=1211.3333740234375 left=1001.1104736328125 viewport={'w': 1517, 'h': 1291}
[cdp]   [cdp_publish] JS click on like-wrapper, class_after=like-wrapper like-active at=(1039.5323486328125, 1223.3333740234375)
[cdp]   [cdp_publish] Warning: note like click did not activate. state_before=False state_after=False likeRoot.class=like-wrapper like-active visual_before={'className': 'like-wrapper like-active', 'ariaPressed': '', 'color': 'rgb(51, 51, 51)', 'svgColor': 'rgb(51, 51, 51)', 'svgHtml': '<span data-v-9403e00c="" class="like-lottie" style="width: 24px; height: 24px;"></span>'} visual_after={'className': 'like-wrapper like-active', 'ariaPressed': '', 'color': 'rgb(51, 51, 51)', 'svgColor': 'rgb(51, 51, 51)', 'svgHtml': '<span data-v-9403e00c="" class="like-lottie" style="width: 24px; height: 24px;"></span>'}
[cdp]   [cdp_publish] Warning: upvote on same page failed. payload={'success': False, 'changed': False, 'state_before': False, 'state_after': False}
[cdp]   POST_COMMENT_RESULT:
[ok] post done (9/83)
[wait] 28s (~0.5min, random 20-30s)
[search-next] keyword=微信小游戏 sort=最新 task=12/42 empty_streak=0 seen_feeds=128
[search-wait] 14s before keyword=微信小游戏 sort=最新
[cdp] spawn timeout=180s cmd=--reuse-existing-tab search-feeds --keyword 微信小游戏 --sort-by 最新 --publish-time 半年内
[cdp] done exit=0 elapsed=23.5s stdout=136406 stderr=0
[cdp] spawn timeout=90s cmd=--reuse-existing-tab get-feed-detail --feed-id 6a5dfa26000000001d00c5b0 --xsec-token(46chars)
[cdp] done exit=0 elapsed=5.5s stdout=13980 stderr=0
[search-scroll-stop] keyword=微信小游戏 sort=最新 usable=1 after scrolls=0 (max=8, skip further scrolls)
[search-filter] keyword=微信小游戏 sort=最新 scrolls=0 {'bad_publish_date': 3, 'dup_or_empty_id': 1, 'bad_title': 1}
[search-hit] keyword=微信小游戏 sort=最新 raw=38 skipped=5 feedId=6a5dfa26000000001d00c5b0 score=6 title=活动案例分享—2026微信小游戏开发者大会 → post now
[plan] #10 keyword=微信小游戏 title=活动案例分享—2026微信小游戏开发者大会 comments=0 age=1d score=6 msg=14/微信小游戏 match=4
[post] attempt feedId=6a5dfa26000000001d00c5b0 contentLen=43 also_upvote=1
[cdp] spawn timeout=120s cmd=--reuse-existing-tab post-comment-to-feed --feed-id 6a5dfa26000000001d00c5b0 --xsec-token(46chars) --content(43chars) --also-upvote
[cdp] done exit=0 elapsed=11.9s stdout=2338 stderr=0
[upvote-warn] feedId=6a5dfa26000000001d00c5b0 comment ok but like not confirmed upvote={'success': False, 'changed': False, 'state_before': False, 'state_after': False}
[post] success feedId=6a5dfa26000000001d00c5b0
[cdp] phase=post-ok exit=0 feedId=6a5dfa26000000001d00c5b0
[cdp] cmd=--reuse-existing-tab post-comment-to-feed --feed-id 6a5dfa26000000001d00c5b0 --xsec-token(46chars) --content(43chars) --also-upvote
[cdp]   [cdp_publish] Login cache: enabled (ttl=12h).
[cdp]   [cdp_publish] Tab selection mode: prefer reusing existing tab.
[cdp]   [cdp_publish] Reusing existing tab to reduce focus switching: https://www.xiaohongshu.com/explore/6a5dfa26000000001d00c5b0?xsec_token=ABgO_RO9hCJQb3LOMcuXbRt1iZtmJFfENFTrdmuW1JxyY=&xsec_source=pc_feed
[cdp]   [cdp_publish] Connecting to ws://127.0.0.1:9222/devtools/page/91A6DE1619B3FE38ED013E0FCF7FD86A
[cdp]   [cdp_publish] Connected to Chrome tab.
[cdp]   [cdp_publish] Using cached login status (home, age=26m, ttl=12h).
[cdp]   [cdp_publish] Home login confirmed (cached).
[cdp]   [cdp_publish] Navigating to https://www.xiaohongshu.com/explore/6a5dfa26000000001d00c5b0?xsec_token=ABgO_RO9hCJQb3LOMcuXbRt1iZtmJFfENFTrdmuW1JxyY=&xsec_source=pc_feed
[cdp]   [cdp_publish] Clicking comment input box at (1061, 1223)...
[cdp]   [cdp_publish] Clicking comment submit button at (1293, 1223)...
[cdp]   [cdp_publish] Comment posted. feed_id=6a5dfa26000000001d00c5b0, length=43
[cdp]   [cdp_publish] Clicking note like in interact bar at (1201, 1223) hint=interact-container .like-wrapper target=SPAN bar=interactions engage-bar top=1211.3333740234375 left=1180.8958740234375 viewport={'w': 1517, 'h': 1291}
[cdp]   [cdp_publish] JS click on like-wrapper, class_after=like-wrapper like-active at=(1207.0052490234375, 1223.3333740234375)
[cdp]   [cdp_publish] Warning: note like click did not activate. state_before=False state_after=False likeRoot.class=like-wrapper like-active visual_before={'className': 'like-wrapper like-active', 'ariaPressed': '', 'color': 'rgb(51, 51, 51)', 'svgColor': 'rgb(51, 51, 51)', 'svgHtml': '<span data-v-9403e00c="" class="like-lottie" style="width: 24px; height: 24px;"></span>'} visual_after={'className': 'like-wrapper like-active', 'ariaPressed': '', 'color': 'rgb(51, 51, 51)', 'svgColor': 'rgb(51, 51, 51)', 'svgHtml': '<span data-v-9403e00c="" class="like-lottie" style="width: 24px; height: 24px;"></span>'}
[cdp]   [cdp_publish] Warning: upvote on same page failed. payload={'success': False, 'changed': False, 'state_before': False, 'state_after': False}
[cdp]   POST_COMMENT_RESULT:
[ok] post done (10/83)
[wait] 26s (~0.4min, random 20-30s)
[search-next] keyword=迷宫游戏 sort=综合 task=13/42 empty_streak=0 seen_feeds=133
[search-wait] 11s before keyword=迷宫游戏 sort=综合
[cdp] spawn timeout=180s cmd=--reuse-existing-tab search-feeds --keyword 迷宫游戏 --sort-by 综合 --publish-time 半年内
[cdp] done exit=0 elapsed=7.4s stdout=131116 stderr=0
[cdp] spawn timeout=90s cmd=--reuse-existing-tab get-feed-detail --feed-id 6a4a657300000000110186cf --xsec-token(46chars)
[cdp] done exit=0 elapsed=6.3s stdout=15040 stderr=0
[relevance-skip] feedId=6a4a657300000000110186cf title=可恶！竟敢伪装成休闲轻松小游戏骗我！ bodyLen=422 score=-4 min=2
[detail-wait] 2.7s before feedId=69c93c0c0000000021007045
[cdp] spawn timeout=90s cmd=--reuse-existing-tab get-feed-detail --feed-id 69c93c0c0000000021007045 --xsec-token(46chars)
[cdp] done exit=0 elapsed=5.4s stdout=24438 stderr=0
[relevance-skip] feedId=69c93c0c0000000021007045 title=又找到打发时间新游戏了 bodyLen=42 score=-14 min=2
[detail-wait] 2.5s before feedId=6a27c234000000001603d7f4
[cdp] spawn timeout=90s cmd=--reuse-existing-tab get-feed-detail --feed-id 6a27c234000000001603d7f4 --xsec-token(46chars)
[cdp] done exit=0 elapsed=5.3s stdout=11409 stderr=0
[relevance-skip] feedId=6a27c234000000001603d7f4 title=有蛇追我🆘 bodyLen=127 score=0 min=2
[detail-wait] 2.5s before feedId=6a48c74d000000001702f43d
[cdp] spawn timeout=90s cmd=--reuse-existing-tab get-feed-detail --feed-id 6a48c74d000000001702f43d --xsec-token(46chars)
[cdp] done exit=0 elapsed=5.2s stdout=20417 stderr=0
[search-scroll-stop] keyword=迷宫游戏 sort=综合 usable=1 after scrolls=0 (max=8, skip further scrolls)
[search-filter] keyword=迷宫游戏 sort=综合 scrolls=0 {'dup_or_empty_id': 12, 'too_old': 2, 'low_relevance': 3, 'already_commented': 4, 'not_note': 1, 'bad_title': 2}
[search-hit] keyword=迷宫游戏 sort=综合 raw=42 skipped=24 feedId=6a48c74d000000001702f43d score=6 title=求网页解谜游戏推荐 → post now
[plan] #11 keyword=迷宫游戏 title=求网页解谜游戏推荐 comments=17 age=17d score=6 msg=3/求推荐 match=6
[post] attempt feedId=6a48c74d000000001702f43d contentLen=55 also_upvote=1
[cdp] spawn timeout=120s cmd=--reuse-existing-tab post-comment-to-feed --feed-id 6a48c74d000000001702f43d --xsec-token(46chars) --content(55chars) --also-upvote
[cdp] done exit=0 elapsed=11.0s stdout=2336 stderr=0
[upvote-warn] feedId=6a48c74d000000001702f43d comment ok but like not confirmed upvote={'success': False, 'changed': False, 'state_before': False, 'state_after': False}
[post] success feedId=6a48c74d000000001702f43d
[cdp] phase=post-ok exit=0 feedId=6a48c74d000000001702f43d
[cdp] cmd=--reuse-existing-tab post-comment-to-feed --feed-id 6a48c74d000000001702f43d --xsec-token(46chars) --content(55chars) --also-upvote
[cdp]   [cdp_publish] Login cache: enabled (ttl=12h).
[cdp]   [cdp_publish] Tab selection mode: prefer reusing existing tab.
[cdp]   [cdp_publish] Reusing existing tab to reduce focus switching: https://www.xiaohongshu.com/explore/6a48c74d000000001702f43d?xsec_token=ABMKscPzNdE-9DMnF6w1uKz4JANEXWo3FxY4wtGrpp0zE=&xsec_source=pc_feed
[cdp]   [cdp_publish] Connecting to ws://127.0.0.1:9222/devtools/page/91A6DE1619B3FE38ED013E0FCF7FD86A
[cdp]   [cdp_publish] Connected to Chrome tab.
[cdp]   [cdp_publish] Using cached login status (home, age=27m, ttl=12h).
[cdp]   [cdp_publish] Home login confirmed (cached).
[cdp]   [cdp_publish] Navigating to https://www.xiaohongshu.com/explore/6a48c74d000000001702f43d?xsec_token=ABMKscPzNdE-9DMnF6w1uKz4JANEXWo3FxY4wtGrpp0zE=&xsec_source=pc_feed
[cdp]   [cdp_publish] Clicking comment input box at (1061, 1223)...
[cdp]   [cdp_publish] Clicking comment submit button at (1293, 1223)...
[cdp]   [cdp_publish] Comment posted. feed_id=6a48c74d000000001702f43d, length=55
[cdp]   [cdp_publish] Clicking note like in interact bar at (1196, 1223) hint=interact-container .like-wrapper target=SPAN bar=interactions engage-bar top=1211.3333740234375 left=1176.0521240234375 viewport={'w': 1517, 'h': 1291}
[cdp]   [cdp_publish] JS click on like-wrapper, class_after=like-wrapper like-active at=(1206.26566696167, 1223.3333740234375)
[cdp]   [cdp_publish] Warning: note like click did not activate. state_before=False state_after=False likeRoot.class=like-wrapper like-active visual_before={'className': 'like-wrapper like-active', 'ariaPressed': '', 'color': 'rgb(51, 51, 51)', 'svgColor': 'rgb(51, 51, 51)', 'svgHtml': '<span data-v-9403e00c="" class="like-lottie" style="width: 24px; height: 24px;"></span>'} visual_after={'className': 'like-wrapper like-active', 'ariaPressed': '', 'color': 'rgb(51, 51, 51)', 'svgColor': 'rgb(51, 51, 51)', 'svgHtml': '<span data-v-9403e00c="" class="like-lottie" style="width: 24px; height: 24px;"></span>'}
[cdp]   [cdp_publish] Warning: upvote on same page failed. payload={'success': False, 'changed': False, 'state_before': False, 'state_after': False}
[cdp]   POST_COMMENT_RESULT:
[ok] post done (11/83)
[wait] 21s (~0.3min, random 20-30s)
[search-next] keyword=迷宫游戏 sort=最新 task=14/42 empty_streak=0 seen_feeds=145
[search-wait] 6s before keyword=迷宫游戏 sort=最新
[cdp] spawn timeout=180s cmd=--reuse-existing-tab search-feeds --keyword 迷宫游戏 --sort-by 最新 --publish-time 半年内
[cdp] done exit=0 elapsed=8.2s stdout=188122 stderr=0
[cdp] spawn timeout=90s cmd=--reuse-existing-tab get-feed-detail --feed-id 6a5dfbf0000000000f016137 --xsec-token(46chars)
[cdp] done exit=0 elapsed=5.7s stdout=23719 stderr=0
[search-scroll-stop] keyword=迷宫游戏 sort=最新 usable=1 after scrolls=0 (max=8, skip further scrolls)
[search-filter] keyword=迷宫游戏 sort=最新 scrolls=0 {'already_commented': 1}
[search-hit] keyword=迷宫游戏 sort=最新 raw=42 skipped=1 feedId=6a5dfbf0000000000f016137 score=8 title=陪娃走迷宫，亲子小游戏！ → post now
[plan] #12 keyword=迷宫游戏 title=陪娃走迷宫，亲子小游戏！ comments=1 age=1d score=8 msg=13/微信小游戏 match=5
[post] attempt feedId=6a5dfbf0000000000f016137 contentLen=35 also_upvote=1
[cdp] spawn timeout=120s cmd=--reuse-existing-tab post-comment-to-feed --feed-id 6a5dfbf0000000000f016137 --xsec-token(46chars) --content(35chars) --also-upvote
[cdp] done exit=0 elapsed=11.0s stdout=2337 stderr=0
[upvote-warn] feedId=6a5dfbf0000000000f016137 comment ok but like not confirmed upvote={'success': False, 'changed': False, 'state_before': False, 'state_after': False}
[post] success feedId=6a5dfbf0000000000f016137
[cdp] phase=post-ok exit=0 feedId=6a5dfbf0000000000f016137
[cdp] cmd=--reuse-existing-tab post-comment-to-feed --feed-id 6a5dfbf0000000000f016137 --xsec-token(46chars) --content(35chars) --also-upvote
[cdp]   [cdp_publish] Login cache: enabled (ttl=12h).
[cdp]   [cdp_publish] Tab selection mode: prefer reusing existing tab.
[cdp]   [cdp_publish] Reusing existing tab to reduce focus switching: https://www.xiaohongshu.com/explore/6a5dfbf0000000000f016137?xsec_token=ABgO_RO9hCJQb3LOMcuXbRt7uMfYQamTGZoTKmjn7NqCI=&xsec_source=pc_feed
[cdp]   [cdp_publish] Connecting to ws://127.0.0.1:9222/devtools/page/91A6DE1619B3FE38ED013E0FCF7FD86A
[cdp]   [cdp_publish] Connected to Chrome tab.
[cdp]   [cdp_publish] Using cached login status (home, age=28m, ttl=12h).
[cdp]   [cdp_publish] Home login confirmed (cached).
[cdp]   [cdp_publish] Navigating to https://www.xiaohongshu.com/explore/6a5dfbf0000000000f016137?xsec_token=ABgO_RO9hCJQb3LOMcuXbRt7uMfYQamTGZoTKmjn7NqCI=&xsec_source=pc_feed
[cdp]   [cdp_publish] Clicking comment input box at (1061, 1223)...
[cdp]   [cdp_publish] Clicking comment submit button at (1293, 1223)...
[cdp]   [cdp_publish] Comment posted. feed_id=6a5dfbf0000000000f016137, length=35
[cdp]   [cdp_publish] Clicking note like in interact bar at (1204, 1223) hint=interact-container .like-wrapper target=SPAN bar=interactions engage-bar top=1211.3333740234375 left=1184.260498046875 viewport={'w': 1517, 'h': 1291}
[cdp]   [cdp_publish] JS click on like-wrapper, class_after=like-wrapper like-active at=(1214.4740409851074, 1223.3333740234375)
[cdp]   [cdp_publish] Warning: note like click did not activate. state_before=False state_after=False likeRoot.class=like-wrapper like-active visual_before={'className': 'like-wrapper like-active', 'ariaPressed': '', 'color': 'rgb(51, 51, 51)', 'svgColor': 'rgb(51, 51, 51)', 'svgHtml': '<span data-v-9403e00c="" class="like-lottie" style="width: 24px; height: 24px;"></span>'} visual_after={'className': 'like-wrapper like-active', 'ariaPressed': '', 'color': 'rgb(51, 51, 51)', 'svgColor': 'rgb(51, 51, 51)', 'svgHtml': '<span data-v-9403e00c="" class="like-lottie" style="width: 24px; height: 24px;"></span>'}
[cdp]   [cdp_publish] Warning: upvote on same page failed. payload={'success': False, 'changed': False, 'state_before': False, 'state_after': False}
[cdp]   POST_COMMENT_RESULT:
[ok] post done (12/83)
[wait] 28s (~0.5min, random 20-30s)
[search-next] keyword=逻辑游戏 sort=综合 task=15/42 empty_streak=0 seen_feeds=147
[search-wait] 7s before keyword=逻辑游戏 sort=综合
[cdp] spawn timeout=180s cmd=--reuse-existing-tab search-feeds --keyword 逻辑游戏 --sort-by 综合 --publish-time 半年内
[cdp] done exit=0 elapsed=7.4s stdout=146788 stderr=0
[cdp] spawn timeout=90s cmd=--reuse-existing-tab get-feed-detail --feed-id 6a43c1d00000000007024d47 --xsec-token(46chars)
[cdp] done exit=0 elapsed=5.7s stdout=13128 stderr=0
[search-scroll-stop] keyword=逻辑游戏 sort=综合 usable=1 after scrolls=0 (max=8, skip further scrolls)
[search-filter] keyword=逻辑游戏 sort=综合 scrolls=0 {'dup_or_empty_id': 17, 'not_note': 1, 'bad_title': 1, 'too_old': 2, 'already_commented': 1}
[search-hit] keyword=逻辑游戏 sort=综合 raw=42 skipped=22 feedId=6a43c1d00000000007024d47 score=6 title=着迷地玩了俩小时数独推理！！ → post now
[plan] #13 keyword=逻辑游戏 title=着迷地玩了俩小时数独推理！！ comments=4 age=21d score=6 msg=5/求推荐 match=2
[post] attempt feedId=6a43c1d00000000007024d47 contentLen=37 also_upvote=1
[cdp] spawn timeout=120s cmd=--reuse-existing-tab post-comment-to-feed --feed-id 6a43c1d00000000007024d47 --xsec-token(46chars) --content(37chars) --also-upvote
[cdp] done exit=0 elapsed=10.9s stdout=2335 stderr=0
[upvote-warn] feedId=6a43c1d00000000007024d47 comment ok but like not confirmed upvote={'success': False, 'changed': False, 'state_before': False, 'state_after': False}
[post] success feedId=6a43c1d00000000007024d47
[cdp] phase=post-ok exit=0 feedId=6a43c1d00000000007024d47
[cdp] cmd=--reuse-existing-tab post-comment-to-feed --feed-id 6a43c1d00000000007024d47 --xsec-token(46chars) --content(37chars) --also-upvote
[cdp]   [cdp_publish] Login cache: enabled (ttl=12h).
[cdp]   [cdp_publish] Tab selection mode: prefer reusing existing tab.
[cdp]   [cdp_publish] Reusing existing tab to reduce focus switching: https://www.xiaohongshu.com/explore/6a43c1d00000000007024d47?xsec_token=ABmXQhkRpqfz4RGdWIR6yLgl_UhtcrBn6cOFPOoV09BpY=&xsec_source=pc_feed
[cdp]   [cdp_publish] Connecting to ws://127.0.0.1:9222/devtools/page/91A6DE1619B3FE38ED013E0FCF7FD86A
[cdp]   [cdp_publish] Connected to Chrome tab.
[cdp]   [cdp_publish] Using cached login status (home, age=29m, ttl=12h).
[cdp]   [cdp_publish] Home login confirmed (cached).
[cdp]   [cdp_publish] Navigating to https://www.xiaohongshu.com/explore/6a43c1d00000000007024d47?xsec_token=ABmXQhkRpqfz4RGdWIR6yLgl_UhtcrBn6cOFPOoV09BpY=&xsec_source=pc_feed
[cdp]   [cdp_publish] Clicking comment input box at (966, 1223)...
[cdp]   [cdp_publish] Clicking comment submit button at (1198, 1223)...
[cdp]   [cdp_publish] Comment posted. feed_id=6a43c1d00000000007024d47, length=37
[cdp]   [cdp_publish] Clicking note like in interact bar at (1109, 1223) hint=interact-container .like-wrapper target=SPAN bar=interactions engage-bar top=1211.3333740234375 left=1089.10693359375 viewport={'w': 1517, 'h': 1291}
[cdp]   [cdp_publish] JS click on like-wrapper, class_after=like-wrapper like-active at=(1119.3204765319824, 1223.3333740234375)
[cdp]   [cdp_publish] Warning: note like click did not activate. state_before=False state_after=False likeRoot.class=like-wrapper like-active visual_before={'className': 'like-wrapper like-active', 'ariaPressed': '', 'color': 'rgb(51, 51, 51)', 'svgColor': 'rgb(51, 51, 51)', 'svgHtml': '<span data-v-9403e00c="" class="like-lottie" style="width: 24px; height: 24px;"></span>'} visual_after={'className': 'like-wrapper like-active', 'ariaPressed': '', 'color': 'rgb(51, 51, 51)', 'svgColor': 'rgb(51, 51, 51)', 'svgHtml': '<span data-v-9403e00c="" class="like-lottie" style="width: 24px; height: 24px;"></span>'}
[cdp]   [cdp_publish] Warning: upvote on same page failed. payload={'success': False, 'changed': False, 'state_before': False, 'state_after': False}
[cdp]   POST_COMMENT_RESULT:
[ok] post done (13/83)
[wait] 29s (~0.5min, random 20-30s)
[search-next] keyword=逻辑游戏 sort=最新 task=16/42 empty_streak=0 seen_feeds=152
[search-wait] 8s before keyword=逻辑游戏 sort=最新
[cdp] spawn timeout=180s cmd=--reuse-existing-tab search-feeds --keyword 逻辑游戏 --sort-by 最新 --publish-time 半年内
[cdp] done exit=0 elapsed=7.3s stdout=144727 stderr=0
[cdp] spawn timeout=90s cmd=--reuse-existing-tab get-feed-detail --feed-id 6a5dafc7000000000f032ebe --xsec-token(46chars)
[cdp] done exit=0 elapsed=4.9s stdout=12059 stderr=0
[search-scroll-stop] keyword=逻辑游戏 sort=最新 usable=1 after scrolls=0 (max=8, skip further scrolls)
[search-filter] keyword=逻辑游戏 sort=最新 scrolls=0 {'bad_publish_date': 3, 'already_commented': 1}
[search-hit] keyword=逻辑游戏 sort=最新 raw=42 skipped=4 feedId=6a5dafc7000000000f032ebe score=4 title=普通娃在练算式，学霸娃在练“记忆刷新” → post now
[plan] #14 keyword=逻辑游戏 title=普通娃在练算式，学霸娃在练“记忆刷新” comments=1 age=1d score=4 msg=16/烧脑卡关 match=6
[post] attempt feedId=6a5dafc7000000000f032ebe contentLen=41 also_upvote=1
[cdp] spawn timeout=120s cmd=--reuse-existing-tab post-comment-to-feed --feed-id 6a5dafc7000000000f032ebe --xsec-token(46chars) --content(41chars) --also-upvote
[cdp] done exit=0 elapsed=9.7s stdout=2337 stderr=0
[upvote-warn] feedId=6a5dafc7000000000f032ebe comment ok but like not confirmed upvote={'success': False, 'changed': False, 'state_before': False, 'state_after': False}
[post] success feedId=6a5dafc7000000000f032ebe
[cdp] phase=post-ok exit=0 feedId=6a5dafc7000000000f032ebe
[cdp] cmd=--reuse-existing-tab post-comment-to-feed --feed-id 6a5dafc7000000000f032ebe --xsec-token(46chars) --content(41chars) --also-upvote
[cdp]   [cdp_publish] Login cache: enabled (ttl=12h).
[cdp]   [cdp_publish] Tab selection mode: prefer reusing existing tab.
[cdp]   [cdp_publish] Reusing existing tab to reduce focus switching: https://www.xiaohongshu.com/explore/6a5dafc7000000000f032ebe?xsec_token=ABgO_RO9hCJQb3LOMcuXbRtxGOMYsmNCd9z8D2QLTuTEY=&xsec_source=pc_feed
[cdp]   [cdp_publish] Connecting to ws://127.0.0.1:9222/devtools/page/91A6DE1619B3FE38ED013E0FCF7FD86A
[cdp]   [cdp_publish] Connected to Chrome tab.
[cdp]   [cdp_publish] Using cached login status (home, age=30m, ttl=12h).
[cdp]   [cdp_publish] Home login confirmed (cached).
[cdp]   [cdp_publish] Navigating to https://www.xiaohongshu.com/explore/6a5dafc7000000000f032ebe?xsec_token=ABgO_RO9hCJQb3LOMcuXbRtxGOMYsmNCd9z8D2QLTuTEY=&xsec_source=pc_feed
[cdp]   [cdp_publish] Clicking comment input box at (1060, 1223)...
[cdp]   [cdp_publish] Clicking comment submit button at (1293, 1223)...
[cdp]   [cdp_publish] Comment posted. feed_id=6a5dafc7000000000f032ebe, length=41
[cdp]   [cdp_publish] Clicking note like in interact bar at (1203, 1223) hint=interact-container .like-wrapper target=SPAN bar=interactions engage-bar top=1211.3333740234375 left=1183.488525390625 viewport={'w': 1517, 'h': 1291}
[cdp]   [cdp_publish] JS click on like-wrapper, class_after=like-wrapper like-active at=(1213.7020683288574, 1223.3333740234375)
[cdp]   [cdp_publish] Warning: note like click did not activate. state_before=False state_after=False likeRoot.class=like-wrapper like-active visual_before={'className': 'like-wrapper like-active', 'ariaPressed': '', 'color': 'rgb(51, 51, 51)', 'svgColor': 'rgb(51, 51, 51)', 'svgHtml': '<span data-v-9403e00c="" class="like-lottie" style="width: 24px; height: 24px;"></span>'} visual_after={'className': 'like-wrapper like-active', 'ariaPressed': '', 'color': 'rgb(51, 51, 51)', 'svgColor': 'rgb(51, 51, 51)', 'svgHtml': '<span data-v-9403e00c="" class="like-lottie" style="width: 24px; height: 24px;"></span>'}
[cdp]   [cdp_publish] Warning: upvote on same page failed. payload={'success': False, 'changed': False, 'state_before': False, 'state_after': False}
[cdp]   POST_COMMENT_RESULT:
[ok] post done (14/83)
[wait] 27s (~0.5min, random 20-30s)
[search-next] keyword=休闲小游戏 sort=综合 task=17/42 empty_streak=0 seen_feeds=157
[search-wait] 12s before keyword=休闲小游戏 sort=综合
[cdp] spawn timeout=180s cmd=--reuse-existing-tab search-feeds --keyword 休闲小游戏 --sort-by 综合 --publish-time 半年内
[cdp] done exit=0 elapsed=7.3s stdout=126465 stderr=0
[cdp] spawn timeout=90s cmd=--reuse-existing-tab get-feed-detail --feed-id 6a29156e0000000008002c86 --xsec-token(46chars)
[cdp] done exit=0 elapsed=5.2s stdout=28863 stderr=0
[relevance-skip] feedId=6a29156e0000000008002c86 title=赌石刮刮乐平替！终于能用手机玩了 bodyLen=321 score=0 min=2
[detail-wait] 3.8s before feedId=6a3e69870000000011013928
[cdp] spawn timeout=90s cmd=--reuse-existing-tab get-feed-detail --feed-id 6a3e69870000000011013928 --xsec-token(46chars)
[cdp] done exit=0 elapsed=5.8s stdout=26976 stderr=0
[search-scroll-stop] keyword=休闲小游戏 sort=综合 usable=1 after scrolls=0 (max=8, skip further scrolls)
[search-filter] keyword=休闲小游戏 sort=综合 scrolls=0 {'dup_or_empty_id': 22, 'not_note': 6, 'already_commented': 2, 'low_relevance': 1, 'too_old': 2, 'bad_publish_date': 1}
[search-hit] keyword=休闲小游戏 sort=综合 raw=46 skipped=34 feedId=6a3e69870000000011013928 score=6 title=全世界都给我去玩特调局！ → post now
[plan] #15 keyword=休闲小游戏 title=全世界都给我去玩特调局！ comments=16 age=25d score=6 msg=12/微信小游戏 match=2
[post] attempt feedId=6a3e69870000000011013928 contentLen=53 also_upvote=1
[cdp] spawn timeout=120s cmd=--reuse-existing-tab post-comment-to-feed --feed-id 6a3e69870000000011013928 --xsec-token(46chars) --content(53chars) --also-upvote
[cdp] done exit=0 elapsed=10.7s stdout=2337 stderr=0
[upvote-warn] feedId=6a3e69870000000011013928 comment ok but like not confirmed upvote={'success': False, 'changed': False, 'state_before': False, 'state_after': False}
[post] success feedId=6a3e69870000000011013928
[cdp] phase=post-ok exit=0 feedId=6a3e69870000000011013928
[cdp] cmd=--reuse-existing-tab post-comment-to-feed --feed-id 6a3e69870000000011013928 --xsec-token(46chars) --content(53chars) --also-upvote
[cdp]   [cdp_publish] Login cache: enabled (ttl=12h).
[cdp]   [cdp_publish] Tab selection mode: prefer reusing existing tab.
[cdp]   [cdp_publish] Reusing existing tab to reduce focus switching: https://www.xiaohongshu.com/explore/6a3e69870000000011013928?xsec_token=ABlfGSyDs2YDhcyBvk8rQUAzVKPdlLzt78v6Y5xxhqMxQ=&xsec_source=pc_feed
[cdp]   [cdp_publish] Connecting to ws://127.0.0.1:9222/devtools/page/91A6DE1619B3FE38ED013E0FCF7FD86A
[cdp]   [cdp_publish] Connected to Chrome tab.
[cdp]   [cdp_publish] Using cached login status (home, age=31m, ttl=12h).
[cdp]   [cdp_publish] Home login confirmed (cached).
[cdp]   [cdp_publish] Navigating to https://www.xiaohongshu.com/explore/6a3e69870000000011013928?xsec_token=ABlfGSyDs2YDhcyBvk8rQUAzVKPdlLzt78v6Y5xxhqMxQ=&xsec_source=pc_feed
[cdp]   [cdp_publish] Clicking comment input box at (1061, 1223)...
[cdp]   [cdp_publish] Clicking comment submit button at (1293, 1223)...
[cdp]   [cdp_publish] Comment posted. feed_id=6a3e69870000000011013928, length=53
[cdp]   [cdp_publish] Clicking note like in interact bar at (1180, 1223) hint=interact-container .like-wrapper target=SPAN bar=interactions engage-bar top=1211.3333740234375 left=1159.635498046875 viewport={'w': 1517, 'h': 1291}
[cdp]   [cdp_publish] JS click on like-wrapper, class_after=like-wrapper like-active at=(1193.9532089233398, 1223.3333740234375)
[cdp]   [cdp_publish] Warning: note like click did not activate. state_before=False state_after=False likeRoot.class=like-wrapper like-active visual_before={'className': 'like-wrapper like-active', 'ariaPressed': '', 'color': 'rgb(51, 51, 51)', 'svgColor': 'rgb(51, 51, 51)', 'svgHtml': '<span data-v-9403e00c="" class="like-lottie" style="width: 24px; height: 24px;"></span>'} visual_after={'className': 'like-wrapper like-active', 'ariaPressed': '', 'color': 'rgb(51, 51, 51)', 'svgColor': 'rgb(51, 51, 51)', 'svgHtml': '<span data-v-9403e00c="" class="like-lottie" style="width: 24px; height: 24px;"></span>'}
[cdp]   [cdp_publish] Warning: upvote on same page failed. payload={'success': False, 'changed': False, 'state_before': False, 'state_after': False}
[cdp]   POST_COMMENT_RESULT:
[ok] post done (15/83)
[wait] 27s (~0.5min, random 20-30s)
[search-next] keyword=休闲小游戏 sort=最新 task=18/42 empty_streak=0 seen_feeds=164
[search-wait] 11s before keyword=休闲小游戏 sort=最新
[cdp] spawn timeout=180s cmd=--reuse-existing-tab search-feeds --keyword 休闲小游戏 --sort-by 最新 --publish-time 半年内
[cdp] done exit=0 elapsed=7.8s stdout=136364 stderr=0
[cdp] spawn timeout=90s cmd=--reuse-existing-tab get-feed-detail --feed-id 699f1185000000002801c200 --xsec-token(46chars)
[cdp] done exit=0 elapsed=4.9s stdout=11182 stderr=0
[search-scroll-stop] keyword=休闲小游戏 sort=最新 usable=1 after scrolls=0 (max=8, skip further scrolls)
[search-filter] keyword=休闲小游戏 sort=最新 scrolls=0 {'bad_publish_date': 5, 'bad_title': 4, 'not_note': 4, 'dup_or_empty_id': 2}
[search-hit] keyword=休闲小游戏 sort=最新 raw=45 skipped=15 feedId=699f1185000000002801c200 score=4 title=休学在家很无聊可以干什么？（手机篇） → post now
[plan] #16 keyword=休闲小游戏 title=休学在家很无聊可以干什么？（手机篇） comments=4 age=1d score=4 msg=9/推箱子 match=0
[post] attempt feedId=699f1185000000002801c200 contentLen=29 also_upvote=1
[cdp] spawn timeout=120s cmd=--reuse-existing-tab post-comment-to-feed --feed-id 699f1185000000002801c200 --xsec-token(46chars) --content(29chars) --also-upvote
[cdp] done exit=0 elapsed=11.3s stdout=2318 stderr=0
[upvote-warn] feedId=699f1185000000002801c200 comment ok but like not confirmed upvote={'success': False, 'changed': False, 'state_before': False, 'state_after': False}
[post] success feedId=699f1185000000002801c200
[cdp] phase=post-ok exit=0 feedId=699f1185000000002801c200
[cdp] cmd=--reuse-existing-tab post-comment-to-feed --feed-id 699f1185000000002801c200 --xsec-token(46chars) --content(29chars) --also-upvote
[cdp]   [cdp_publish] Login cache: enabled (ttl=12h).
[cdp]   [cdp_publish] Tab selection mode: prefer reusing existing tab.
[cdp]   [cdp_publish] Reusing existing tab to reduce focus switching: https://www.xiaohongshu.com/explore/699f1185000000002801c200?xsec_token=ABmv2_jvA3RsKJ7C_cbKLoa4FGT9YwWKP7aSskOJJ8e-w=&xsec_source=pc_feed
[cdp]   [cdp_publish] Connecting to ws://127.0.0.1:9222/devtools/page/91A6DE1619B3FE38ED013E0FCF7FD86A
[cdp]   [cdp_publish] Connected to Chrome tab.
[cdp]   [cdp_publish] Using cached login status (home, age=32m, ttl=12h).
[cdp]   [cdp_publish] Home login confirmed (cached).
[cdp]   [cdp_publish] Navigating to https://www.xiaohongshu.com/explore/699f1185000000002801c200?xsec_token=ABmv2_jvA3RsKJ7C_cbKLoa4FGT9YwWKP7aSskOJJ8e-w=&xsec_source=pc_feed
[cdp]   [cdp_publish] Clicking comment input box at (1061, 1223)...
[cdp]   [cdp_publish] Clicking comment submit button at (1293, 1223)...
[cdp]   [cdp_publish] Comment posted. feed_id=699f1185000000002801c200, length=29
[cdp]   [cdp_publish] Clicking note like in interact bar at (1308, 1164) hint=interact-container .like-wrapper target=SPAN bar=interactions engage-bar top=1152.3333740234375 left=1287.9896240234375 viewport={'w': 1517, 'h': 1291}
[cdp]   [cdp_publish] JS click on like-wrapper, class_after=like-wrapper like-active at=(1322.3073348999023, 1164.3333740234375)
[cdp]   [cdp_publish] Warning: note like click did not activate. state_before=False state_after=False likeRoot.class=None visual_before={'className': 'like-wrapper like-active', 'ariaPressed': '', 'color': 'rgb(51, 51, 51)', 'svgColor': 'rgb(51, 51, 51)', 'svgHtml': '<span data-v-9403e00c="" class="like-lottie" style="width: 24px; height: 24px;"></span>'} visual_after={'className': 'like-wrapper like-active', 'ariaPressed': '', 'color': 'rgb(51, 51, 51)', 'svgColor': 'rgb(51, 51, 51)', 'svgHtml': '<span data-v-9403e00c="" class="like-lottie" style="width: 24px; height: 24px;"></span>'}
[cdp]   [cdp_publish] Warning: upvote on same page failed. payload={'success': False, 'changed': False, 'state_before': False, 'state_after': False}
[cdp]   POST_COMMENT_RESULT:
[ok] post done (16/83)
[wait] 25s (~0.4min, random 20-30s)
[search-next] keyword=单机小游戏 sort=综合 task=19/42 empty_streak=0 seen_feeds=174
[search-wait] 7s before keyword=单机小游戏 sort=综合
[cdp] spawn timeout=180s cmd=--reuse-existing-tab search-feeds --keyword 单机小游戏 --sort-by 综合 --publish-time 半年内
[cdp] done exit=0 elapsed=8.0s stdout=130883 stderr=0
[cdp] spawn timeout=90s cmd=--reuse-existing-tab get-feed-detail --feed-id 6a4516000000000008003f31 --xsec-token(46chars)
[cdp] done exit=0 elapsed=5.3s stdout=12797 stderr=0
[search-scroll-stop] keyword=单机小游戏 sort=综合 usable=1 after scrolls=0 (max=8, skip further scrolls)
[search-filter] keyword=单机小游戏 sort=综合 scrolls=0 {'dup_or_empty_id': 17, 'already_commented': 6, 'too_old': 5, 'not_note': 2, 'bad_publish_date': 1, 'bad_title': 1}
[search-hit] keyword=单机小游戏 sort=综合 raw=42 skipped=32 feedId=6a4516000000000008003f31 score=4 title=单机游戏的神！ → post now
[plan] #17 keyword=单机小游戏 title=单机游戏的神！ comments=5 age=20d score=4 msg=6/推箱子 match=0
[post] attempt feedId=6a4516000000000008003f31 contentLen=50 also_upvote=1
[cdp] spawn timeout=120s cmd=--reuse-existing-tab post-comment-to-feed --feed-id 6a4516000000000008003f31 --xsec-token(46chars) --content(50chars) --also-upvote
[cdp] done exit=0 elapsed=11.8s stdout=2338 stderr=0
[upvote-warn] feedId=6a4516000000000008003f31 comment ok but like not confirmed upvote={'success': False, 'changed': False, 'state_before': False, 'state_after': False}
[post] success feedId=6a4516000000000008003f31
[cdp] phase=post-ok exit=0 feedId=6a4516000000000008003f31
[cdp] cmd=--reuse-existing-tab post-comment-to-feed --feed-id 6a4516000000000008003f31 --xsec-token(46chars) --content(50chars) --also-upvote
[cdp]   [cdp_publish] Login cache: enabled (ttl=12h).
[cdp]   [cdp_publish] Tab selection mode: prefer reusing existing tab.
[cdp]   [cdp_publish] Reusing existing tab to reduce focus switching: https://www.xiaohongshu.com/explore/6a4516000000000008003f31?xsec_token=ABfMMOdunE4kQQfJ-KTdqQp7mnc5VPQqwkcsmqAdDhGDo=&xsec_source=pc_feed
[cdp]   [cdp_publish] Connecting to ws://127.0.0.1:9222/devtools/page/91A6DE1619B3FE38ED013E0FCF7FD86A
[cdp]   [cdp_publish] Connected to Chrome tab.
[cdp]   [cdp_publish] Using cached login status (home, age=33m, ttl=12h).
[cdp]   [cdp_publish] Home login confirmed (cached).
[cdp]   [cdp_publish] Navigating to https://www.xiaohongshu.com/explore/6a4516000000000008003f31?xsec_token=ABfMMOdunE4kQQfJ-KTdqQp7mnc5VPQqwkcsmqAdDhGDo=&xsec_source=pc_feed
[cdp]   [cdp_publish] Clicking comment input box at (1061, 1223)...
[cdp]   [cdp_publish] Clicking comment submit button at (1293, 1223)...
[cdp]   [cdp_publish] Comment posted. feed_id=6a4516000000000008003f31, length=50
[cdp]   [cdp_publish] Clicking note like in interact bar at (1201, 1223) hint=interact-container .like-wrapper target=SPAN bar=interactions engage-bar top=1211.3333740234375 left=1180.8958740234375 viewport={'w': 1517, 'h': 1291}
[cdp]   [cdp_publish] JS click on like-wrapper, class_after=like-wrapper like-active at=(1207.0052490234375, 1223.3333740234375)
[cdp]   [cdp_publish] Warning: note like click did not activate. state_before=False state_after=False likeRoot.class=like-wrapper like-active visual_before={'className': 'like-wrapper like-active', 'ariaPressed': '', 'color': 'rgb(51, 51, 51)', 'svgColor': 'rgb(51, 51, 51)', 'svgHtml': '<span data-v-9403e00c="" class="like-lottie" style="width: 24px; height: 24px;"></span>'} visual_after={'className': 'like-wrapper like-active', 'ariaPressed': '', 'color': 'rgb(51, 51, 51)', 'svgColor': 'rgb(51, 51, 51)', 'svgHtml': '<span data-v-9403e00c="" class="like-lottie" style="width: 24px; height: 24px;"></span>'}
[cdp]   [cdp_publish] Warning: upvote on same page failed. payload={'success': False, 'changed': False, 'state_before': False, 'state_after': False}
[cdp]   POST_COMMENT_RESULT:
[ok] post done (17/83)
[wait] 22s (~0.4min, random 20-30s)
[search-next] keyword=单机小游戏 sort=最新 task=20/42 empty_streak=0 seen_feeds=188
[search-wait] 8s before keyword=单机小游戏 sort=最新
[cdp] spawn timeout=180s cmd=--reuse-existing-tab search-feeds --keyword 单机小游戏 --sort-by 最新 --publish-time 半年内
[cdp] done exit=0 elapsed=7.2s stdout=131339 stderr=0
[cdp] spawn timeout=90s cmd=--reuse-existing-tab get-feed-detail --feed-id 6a5c7f7e00000000140044dc --xsec-token(46chars)
[cdp] done exit=0 elapsed=5.9s stdout=12209 stderr=0
[search-scroll-stop] keyword=单机小游戏 sort=最新 usable=1 after scrolls=0 (max=8, skip further scrolls)
[search-filter] keyword=单机小游戏 sort=最新 scrolls=0 {'dup_or_empty_id': 2, 'already_commented': 1}
[search-hit] keyword=单机小游戏 sort=最新 raw=42 skipped=3 feedId=6a5c7f7e00000000140044dc score=4 title=🎁【免费分享】几十款开罗游戏 → post now
[plan] #18 keyword=单机小游戏 title=🎁【免费分享】几十款开罗游戏 comments=3 age=1d score=4 msg=10/推箱子 match=0
[post] attempt feedId=6a5c7f7e00000000140044dc contentLen=37 also_upvote=1
[cdp] spawn timeout=120s cmd=--reuse-existing-tab post-comment-to-feed --feed-id 6a5c7f7e00000000140044dc --xsec-token(46chars) --content(37chars) --also-upvote
[cdp] done exit=0 elapsed=9.9s stdout=2330 stderr=0
[upvote-warn] feedId=6a5c7f7e00000000140044dc comment ok but like not confirmed upvote={'success': False, 'changed': False, 'state_before': False, 'state_after': False}
[post] success feedId=6a5c7f7e00000000140044dc
[cdp] phase=post-ok exit=0 feedId=6a5c7f7e00000000140044dc
[cdp] cmd=--reuse-existing-tab post-comment-to-feed --feed-id 6a5c7f7e00000000140044dc --xsec-token(46chars) --content(37chars) --also-upvote
[cdp]   [cdp_publish] Login cache: enabled (ttl=12h).
[cdp]   [cdp_publish] Tab selection mode: prefer reusing existing tab.
[cdp]   [cdp_publish] Reusing existing tab to reduce focus switching: https://www.xiaohongshu.com/explore/6a5c7f7e00000000140044dc?xsec_token=AB9y01YmFAJVI_BJZFyn1HeTJ1mSMwiqqpb8CPwu3RRpA=&xsec_source=pc_feed
[cdp]   [cdp_publish] Connecting to ws://127.0.0.1:9222/devtools/page/91A6DE1619B3FE38ED013E0FCF7FD86A
[cdp]   [cdp_publish] Connected to Chrome tab.
[cdp]   [cdp_publish] Using cached login status (home, age=34m, ttl=12h).
[cdp]   [cdp_publish] Home login confirmed (cached).
[cdp]   [cdp_publish] Navigating to https://www.xiaohongshu.com/explore/6a5c7f7e00000000140044dc?xsec_token=AB9y01YmFAJVI_BJZFyn1HeTJ1mSMwiqqpb8CPwu3RRpA=&xsec_source=pc_feed
[cdp]   [cdp_publish] Clicking comment input box at (1061, 1223)...
[cdp]   [cdp_publish] Clicking comment submit button at (1293, 1223)...
[cdp]   [cdp_publish] Comment posted. feed_id=6a5c7f7e00000000140044dc, length=37
[cdp]   [cdp_publish] Clicking note like in interact bar at (1212, 1223) hint=interact-container .like-wrapper target=SPAN bar=interactions engage-bar top=1211.3333740234375 left=1192.46875 viewport={'w': 1517, 'h': 1291}
[cdp]   [cdp_publish] JS click on like-wrapper, class_after=like-wrapper like-active at=(1222.6822929382324, 1223.3333740234375)
[cdp]   [cdp_publish] Warning: note like click did not activate. state_before=False state_after=False likeRoot.class=like-wrapper like-active visual_before={'className': 'like-wrapper like-active', 'ariaPressed': '', 'color': 'rgb(51, 51, 51)', 'svgColor': 'rgb(51, 51, 51)', 'svgHtml': '<span data-v-9403e00c="" class="like-lottie" style="width: 24px; height: 24px;"></span>'} visual_after={'className': 'like-wrapper like-active', 'ariaPressed': '', 'color': 'rgb(51, 51, 51)', 'svgColor': 'rgb(51, 51, 51)', 'svgHtml': '<span data-v-9403e00c="" class="like-lottie" style="width: 24px; height: 24px;"></span>'}
[cdp]   [cdp_publish] Warning: upvote on same page failed. payload={'success': False, 'changed': False, 'state_before': False, 'state_after': False}
[cdp]   POST_COMMENT_RESULT:
[ok] post done (18/83)
[wait] 28s (~0.5min, random 20-30s)
[search-next] keyword=解谜小游戏 sort=综合 task=21/42 empty_streak=0 seen_feeds=190
[search-wait] 10s before keyword=解谜小游戏 sort=综合
[cdp] spawn timeout=180s cmd=--reuse-existing-tab search-feeds --keyword 解谜小游戏 --sort-by 综合 --publish-time 半年内
[cdp] done exit=0 elapsed=9.3s stdout=132543 stderr=0
[cdp] spawn timeout=90s cmd=--reuse-existing-tab get-feed-detail --feed-id 6a1f6585000000003700eb84 --xsec-token(46chars)
[cdp] done exit=0 elapsed=6.2s stdout=11939 stderr=0
[search-scroll-stop] keyword=解谜小游戏 sort=综合 usable=1 after scrolls=0 (max=8, skip further scrolls)
[search-filter] keyword=解谜小游戏 sort=综合 scrolls=0 {'dup_or_empty_id': 20, 'not_note': 1, 'already_commented': 1}
[search-hit] keyword=解谜小游戏 sort=综合 raw=42 skipped=22 feedId=6a1f6585000000003700eb84 score=10 title=游戏安利 ｜策略解谜神作《魔塔50层》 → post now
[plan] #19 keyword=解谜小游戏 title=游戏安利 ｜策略解谜神作《魔塔50层》 comments=2 age=48d score=10 msg=1/求推荐 match=12
[post] attempt feedId=6a1f6585000000003700eb84 contentLen=55 also_upvote=1
[cdp] spawn timeout=120s cmd=--reuse-existing-tab post-comment-to-feed --feed-id 6a1f6585000000003700eb84 --xsec-token(46chars) --content(55chars) --also-upvote
[cdp] done exit=0 elapsed=11.6s stdout=2337 stderr=0
[upvote-warn] feedId=6a1f6585000000003700eb84 comment ok but like not confirmed upvote={'success': False, 'changed': False, 'state_before': False, 'state_after': False}
[post] success feedId=6a1f6585000000003700eb84
[cdp] phase=post-ok exit=0 feedId=6a1f6585000000003700eb84
[cdp] cmd=--reuse-existing-tab post-comment-to-feed --feed-id 6a1f6585000000003700eb84 --xsec-token(46chars) --content(55chars) --also-upvote
[cdp]   [cdp_publish] Login cache: enabled (ttl=12h).
[cdp]   [cdp_publish] Tab selection mode: prefer reusing existing tab.
[cdp]   [cdp_publish] Reusing existing tab to reduce focus switching: https://www.xiaohongshu.com/explore/6a1f6585000000003700eb84?xsec_token=ABAeLKJTQxoszXJjmozWG7PrkQF_nwS_0TpY9UKPxGrys=&xsec_source=pc_feed
[cdp]   [cdp_publish] Connecting to ws://127.0.0.1:9222/devtools/page/91A6DE1619B3FE38ED013E0FCF7FD86A
[cdp]   [cdp_publish] Connected to Chrome tab.
[cdp]   [cdp_publish] Using cached login status (home, age=35m, ttl=12h).
[cdp]   [cdp_publish] Home login confirmed (cached).
[cdp]   [cdp_publish] Navigating to https://www.xiaohongshu.com/explore/6a1f6585000000003700eb84?xsec_token=ABAeLKJTQxoszXJjmozWG7PrkQF_nwS_0TpY9UKPxGrys=&xsec_source=pc_feed
[cdp]   [cdp_publish] Clicking comment input box at (1035, 1223)...
[cdp]   [cdp_publish] Clicking comment submit button at (1268, 1223)...
[cdp]   [cdp_publish] Comment posted. feed_id=6a1f6585000000003700eb84, length=55
[cdp]   [cdp_publish] Clicking note like in interact bar at (1187, 1223) hint=interact-container .like-wrapper target=SPAN bar=interactions engage-bar top=1211.3333740234375 left=1166.9097900390625 viewport={'w': 1517, 'h': 1291}
[cdp]   [cdp_publish] JS click on like-wrapper, class_after=like-wrapper like-active at=(1197.123332977295, 1223.3333740234375)
[cdp]   [cdp_publish] Warning: note like click did not activate. state_before=False state_after=False likeRoot.class=like-wrapper like-active visual_before={'className': 'like-wrapper like-active', 'ariaPressed': '', 'color': 'rgb(51, 51, 51)', 'svgColor': 'rgb(51, 51, 51)', 'svgHtml': '<span data-v-9403e00c="" class="like-lottie" style="width: 24px; height: 24px;"></span>'} visual_after={'className': 'like-wrapper like-active', 'ariaPressed': '', 'color': 'rgb(51, 51, 51)', 'svgColor': 'rgb(51, 51, 51)', 'svgHtml': '<span data-v-9403e00c="" class="like-lottie" style="width: 24px; height: 24px;"></span>'}
[cdp]   [cdp_publish] Warning: upvote on same page failed. payload={'success': False, 'changed': False, 'state_before': False, 'state_after': False}
[cdp]   POST_COMMENT_RESULT:
[ok] post done (19/83)
[wait] 21s (~0.3min, random 20-30s)
[search-next] keyword=解谜小游戏 sort=最新 task=22/42 empty_streak=0 seen_feeds=192
[search-wait] 7s before keyword=解谜小游戏 sort=最新
[cdp] spawn timeout=180s cmd=--reuse-existing-tab search-feeds --keyword 解谜小游戏 --sort-by 最新 --publish-time 半年内
[cdp] done exit=0 elapsed=7.2s stdout=166675 stderr=0
[cdp] spawn timeout=90s cmd=--reuse-existing-tab get-feed-detail --feed-id 6a5da744000000000401c911 --xsec-token(46chars)
[cdp] done exit=0 elapsed=6.0s stdout=8335 stderr=0
[search-scroll-stop] keyword=解谜小游戏 sort=最新 usable=1 after scrolls=0 (max=8, skip further scrolls)
[search-filter] keyword=解谜小游戏 sort=最新 scrolls=0 {'bad_publish_date': 1, 'dup_or_empty_id': 3, 'already_commented': 1}
[search-hit] keyword=解谜小游戏 sort=最新 raw=42 skipped=5 feedId=6a5da744000000000401c911 score=4 title=网页解谜游戏《ROOM酒店连环谋杀案》 → post now
[plan] #20 keyword=解谜小游戏 title=网页解谜游戏《ROOM酒店连环谋杀案》 comments=3 age=1d score=4 msg=18/烧脑卡关 match=5
[post] attempt feedId=6a5da744000000000401c911 contentLen=35 also_upvote=1
[cdp] spawn timeout=120s cmd=--reuse-existing-tab post-comment-to-feed --feed-id 6a5da744000000000401c911 --xsec-token(46chars) --content(35chars) --also-upvote
[cdp] done exit=0 elapsed=11.7s stdout=2335 stderr=0
[upvote-warn] feedId=6a5da744000000000401c911 comment ok but like not confirmed upvote={'success': False, 'changed': False, 'state_before': False, 'state_after': False}
[post] success feedId=6a5da744000000000401c911
[cdp] phase=post-ok exit=0 feedId=6a5da744000000000401c911
[cdp] cmd=--reuse-existing-tab post-comment-to-feed --feed-id 6a5da744000000000401c911 --xsec-token(46chars) --content(35chars) --also-upvote
[cdp]   [cdp_publish] Login cache: enabled (ttl=12h).
[cdp]   [cdp_publish] Tab selection mode: prefer reusing existing tab.
[cdp]   [cdp_publish] Reusing existing tab to reduce focus switching: https://www.xiaohongshu.com/explore/6a5da744000000000401c911?xsec_token=ABgO_RO9hCJQb3LOMcuXbRt2jIiEwCxgrShuccylATRUw=&xsec_source=pc_feed
[cdp]   [cdp_publish] Connecting to ws://127.0.0.1:9222/devtools/page/91A6DE1619B3FE38ED013E0FCF7FD86A
[cdp]   [cdp_publish] Connected to Chrome tab.
[cdp]   [cdp_publish] Using cached login status (home, age=36m, ttl=12h).
[cdp]   [cdp_publish] Home login confirmed (cached).
[cdp]   [cdp_publish] Navigating to https://www.xiaohongshu.com/explore/6a5da744000000000401c911?xsec_token=ABgO_RO9hCJQb3LOMcuXbRt2jIiEwCxgrShuccylATRUw=&xsec_source=pc_feed
[cdp]   [cdp_publish] Clicking comment input box at (972, 1223)...
[cdp]   [cdp_publish] Clicking comment submit button at (1204, 1223)...
[cdp]   [cdp_publish] Comment posted. feed_id=6a5da744000000000401c911, length=35
[cdp]   [cdp_publish] Clicking note like in interact bar at (1123, 1223) hint=interact-container .like-wrapper target=SPAN bar=interactions engage-bar top=1211.3333740234375 left=1102.93896484375 viewport={'w': 1517, 'h': 1291}
[cdp]   [cdp_publish] JS click on like-wrapper, class_after=like-wrapper like-active at=(1133.1525077819824, 1223.3333740234375)
[cdp]   [cdp_publish] Warning: note like click did not activate. state_before=False state_after=False likeRoot.class=like-wrapper like-active visual_before={'className': 'like-wrapper like-active', 'ariaPressed': '', 'color': 'rgb(51, 51, 51)', 'svgColor': 'rgb(51, 51, 51)', 'svgHtml': '<span data-v-9403e00c="" class="like-lottie" style="width: 24px; height: 24px;"></span>'} visual_after={'className': 'like-wrapper like-active', 'ariaPressed': '', 'color': 'rgb(51, 51, 51)', 'svgColor': 'rgb(51, 51, 51)', 'svgHtml': '<span data-v-9403e00c="" class="like-lottie" style="width: 24px; height: 24px;"></span>'}
[cdp]   [cdp_publish] Warning: upvote on same page failed. payload={'success': False, 'changed': False, 'state_before': False, 'state_after': False}
[cdp]   POST_COMMENT_RESULT:
[ok] post done (20/83)
[wait] 28s (~0.5min, random 20-30s)
[search-next] keyword=益智游戏推荐 sort=综合 task=23/42 empty_streak=0 seen_feeds=195
[search-wait] 9s before keyword=益智游戏推荐 sort=综合
[cdp] spawn timeout=180s cmd=--reuse-existing-tab search-feeds --keyword 益智游戏推荐 --sort-by 综合 --publish-time 半年内
[cdp] done exit=0 elapsed=7.3s stdout=134450 stderr=0
[search-scroll-next] keyword=益智游戏推荐 sort=综合 raw=42 usable=0 scroll once (1/8)
[cdp] spawn timeout=180s cmd=--reuse-existing-tab search-feeds-scroll
[cdp] done exit=0 elapsed=1.3s stdout=202183 stderr=0
[cdp] spawn timeout=90s cmd=--reuse-existing-tab get-feed-detail --feed-id 6a38eba0000000001101c316 --xsec-token(46chars)
[cdp] done exit=0 elapsed=5.6s stdout=21227 stderr=0
[relevance-skip] feedId=6a38eba0000000001101c316 title=格里米斯工匠一定要玩啊 bodyLen=113 score=-8 min=2
[search-scroll-next] keyword=益智游戏推荐 sort=综合 raw=66 usable=0 scroll once (2/8)
[cdp] spawn timeout=180s cmd=--reuse-existing-tab search-feeds-scroll
[cdp] done exit=1 elapsed=0.2s stdout=595 stderr=617
[warn] search scroll failed keyword=益智游戏推荐 scrolls=2
[cdp] phase=search-scroll exit=1 keyword=益智游戏推荐 scrolls=2
[cdp] cmd=--reuse-existing-tab search-feeds-scroll
[cdp]   [cdp_publish] Timing jitter ratio: 0.25
[cdp]   [cdp_publish] Login cache: enabled (ttl=12h).
[cdp]   [cdp_publish] Tab selection mode: prefer reusing existing tab.
[cdp]   [cdp_publish] Reusing existing tab to reduce focus switching: https://www.xiaohongshu.com/explore/6a38eba0000000001101c316?xsec_token=ABF_rbs6GD5r_EuBFwgFCeRgt98PTLrjmboGZsG_z4-to=&xsec_source=pc_feed
[cdp]   [cdp_publish] Connecting to ws://127.0.0.1:9222/devtools/page/91A6DE1619B3FE38ED013E0FCF7FD86A
[cdp]   [cdp_publish] Connected to Chrome tab.
[cdp]   [cdp_publish] Using cached login status (home, age=37m, ttl=12h).
[cdp]   [cdp_publish] Home login confirmed (cached).
[cdp]   Traceback (most recent call last):
[cdp]   raise CDPError(
[cdp]   __main__.CDPError: Current tab is not a search results page: https://www.xiaohongshu.com/explore/6a38eba0000000001101c316?xsec_token=ABF_rbs6GD5r_EuBFwgFCeRgt98PTLrjmboGZsG_z4-to=&x
[search-filter] keyword=益智游戏推荐 sort=综合 scrolls=1(exhausted max=8) {'dup_or_empty_id': 93, 'not_note': 8, 'already_commented': 3, 'bad_title': 1, 'too_old': 2, 'low_relevance': 1}
[search] keyword=益智游戏推荐 sort=综合 raw=66 skipped=108 hit=0 rate_limited=False
[search-next] keyword=益智游戏推荐 sort=最新 task=24/42 empty_streak=1 seen_feeds=202
[search-wait] 11s before keyword=益智游戏推荐 sort=最新
[cdp] spawn timeout=180s cmd=--reuse-existing-tab search-feeds --keyword 益智游戏推荐 --sort-by 最新 --publish-time 半年内
[cdp] done exit=0 elapsed=7.7s stdout=118146 stderr=0
[cdp] spawn timeout=90s cmd=--reuse-existing-tab get-feed-detail --feed-id 6a2957630000000021020015 --xsec-token(46chars)
[cdp] done exit=0 elapsed=5.0s stdout=29462 stderr=0
[relevance-skip] feedId=6a2957630000000021020015 title=莓辣全家桶来袭！pick最适合你的一款吧～ bodyLen=423 score=-8 min=2
[detail-wait] 2.1s before feedId=6a5ce027000000000f0147de
[cdp] spawn timeout=90s cmd=--reuse-existing-tab get-feed-detail --feed-id 6a5ce027000000000f0147de --xsec-token(46chars)
[cdp] done exit=0 elapsed=5.2s stdout=15556 stderr=0
[search-scroll-stop] keyword=益智游戏推荐 sort=最新 usable=1 after scrolls=0 (max=8, skip further scrolls)
[search-filter] keyword=益智游戏推荐 sort=最新 scrolls=0 {'bad_publish_date': 3, 'dup_or_empty_id': 2, 'low_relevance': 1, 'not_note': 1}
[search-hit] keyword=益智游戏推荐 sort=最新 raw=42 skipped=7 feedId=6a5ce027000000000f0147de score=6 title=让孩子少玩手机，真的要有好玩的替代！ → post now
[plan] #21 keyword=益智游戏推荐 title=让孩子少玩手机，真的要有好玩的替代！ comments=0 age=1d score=6 msg=1/求推荐 match=10
[post] attempt feedId=6a5ce027000000000f0147de contentLen=55 also_upvote=1
[cdp] spawn timeout=120s cmd=--reuse-existing-tab post-comment-to-feed --feed-id 6a5ce027000000000f0147de --xsec-token(46chars) --content(55chars) --also-upvote
[cdp] done exit=0 elapsed=10.2s stdout=2338 stderr=0
[upvote-warn] feedId=6a5ce027000000000f0147de comment ok but like not confirmed upvote={'success': False, 'changed': False, 'state_before': False, 'state_after': False}
[post] success feedId=6a5ce027000000000f0147de
[cdp] phase=post-ok exit=0 feedId=6a5ce027000000000f0147de
[cdp] cmd=--reuse-existing-tab post-comment-to-feed --feed-id 6a5ce027000000000f0147de --xsec-token(46chars) --content(55chars) --also-upvote
[cdp]   [cdp_publish] Login cache: enabled (ttl=12h).
[cdp]   [cdp_publish] Tab selection mode: prefer reusing existing tab.
[cdp]   [cdp_publish] Reusing existing tab to reduce focus switching: https://www.xiaohongshu.com/explore/6a5ce027000000000f0147de?xsec_token=AB9y01YmFAJVI_BJZFyn1Hecs8i1xSCGWtsKOQMKhFPvE=&xsec_source=pc_feed
[cdp]   [cdp_publish] Connecting to ws://127.0.0.1:9222/devtools/page/91A6DE1619B3FE38ED013E0FCF7FD86A
[cdp]   [cdp_publish] Connected to Chrome tab.
[cdp]   [cdp_publish] Using cached login status (home, age=37m, ttl=12h).
[cdp]   [cdp_publish] Home login confirmed (cached).
[cdp]   [cdp_publish] Navigating to https://www.xiaohongshu.com/explore/6a5ce027000000000f0147de?xsec_token=AB9y01YmFAJVI_BJZFyn1Hecs8i1xSCGWtsKOQMKhFPvE=&xsec_source=pc_feed
[cdp]   [cdp_publish] Clicking comment input box at (1061, 1223)...
[cdp]   [cdp_publish] Clicking comment submit button at (1293, 1223)...
[cdp]   [cdp_publish] Comment posted. feed_id=6a5ce027000000000f0147de, length=55
[cdp]   [cdp_publish] Clicking note like in interact bar at (1181, 1223) hint=interact-container .like-wrapper target=SPAN bar=interactions engage-bar top=1211.3333740234375 left=1161.1146240234375 viewport={'w': 1517, 'h': 1291}
[cdp]   [cdp_publish] JS click on like-wrapper, class_after=like-wrapper like-active at=(1187.2239990234375, 1223.3333740234375)
[cdp]   [cdp_publish] Warning: note like click did not activate. state_before=False state_after=False likeRoot.class=like-wrapper like-active visual_before={'className': 'like-wrapper like-active', 'ariaPressed': '', 'color': 'rgb(51, 51, 51)', 'svgColor': 'rgb(51, 51, 51)', 'svgHtml': '<span data-v-9403e00c="" class="like-lottie" style="width: 24px; height: 24px;"></span>'} visual_after={'className': 'like-wrapper like-active', 'ariaPressed': '', 'color': 'rgb(51, 51, 51)', 'svgColor': 'rgb(51, 51, 51)', 'svgHtml': '<span data-v-9403e00c="" class="like-lottie" style="width: 24px; height: 24px;"></span>'}
[cdp]   [cdp_publish] Warning: upvote on same page failed. payload={'success': False, 'changed': False, 'state_before': False, 'state_after': False}
[cdp]   POST_COMMENT_RESULT:
[ok] post done (21/83)
[wait] 28s (~0.5min, random 20-30s)
[search-next] keyword=烧脑游戏推荐 sort=综合 task=25/42 empty_streak=0 seen_feeds=207
[search-wait] 9s before keyword=烧脑游戏推荐 sort=综合
[cdp] spawn timeout=180s cmd=--reuse-existing-tab search-feeds --keyword 烧脑游戏推荐 --sort-by 综合 --publish-time 半年内
[cdp] done exit=0 elapsed=7.2s stdout=124735 stderr=0
[cdp] spawn timeout=90s cmd=--reuse-existing-tab get-feed-detail --feed-id 6a5ddea1000000001c00d0c0 --xsec-token(46chars)
[cdp] done exit=0 elapsed=5.7s stdout=38391 stderr=0
[search-scroll-stop] keyword=烧脑游戏推荐 sort=综合 usable=1 after scrolls=0 (max=8, skip further scrolls)
[search-filter] keyword=烧脑游戏推荐 sort=综合 scrolls=0 {'dup_or_empty_id': 9, 'not_note': 1}
[search-hit] keyword=烧脑游戏推荐 sort=综合 raw=42 skipped=10 feedId=6a5ddea1000000001c00d0c0 score=6 title=这是我玩过最烧脑的空间系解谜游戏，眩晕了 → post now
[plan] #22 keyword=烧脑游戏推荐 title=这是我玩过最烧脑的空间系解谜游戏，眩晕了 comments=344 age=1d score=6 msg=17/烧脑卡关 match=7
[post] attempt feedId=6a5ddea1000000001c00d0c0 contentLen=40 also_upvote=1
[cdp] spawn timeout=120s cmd=--reuse-existing-tab post-comment-to-feed --feed-id 6a5ddea1000000001c00d0c0 --xsec-token(46chars) --content(40chars) --also-upvote
[cdp] done exit=0 elapsed=11.0s stdout=2329 stderr=0
[upvote-warn] feedId=6a5ddea1000000001c00d0c0 comment ok but like not confirmed upvote={'success': False, 'changed': False, 'state_before': False, 'state_after': False}
[post] success feedId=6a5ddea1000000001c00d0c0
[cdp] phase=post-ok exit=0 feedId=6a5ddea1000000001c00d0c0
[cdp] cmd=--reuse-existing-tab post-comment-to-feed --feed-id 6a5ddea1000000001c00d0c0 --xsec-token(46chars) --content(40chars) --also-upvote
[cdp]   [cdp_publish] Login cache: enabled (ttl=12h).
[cdp]   [cdp_publish] Tab selection mode: prefer reusing existing tab.
[cdp]   [cdp_publish] Reusing existing tab to reduce focus switching: https://www.xiaohongshu.com/explore/6a5ddea1000000001c00d0c0?xsec_token=ABgO_RO9hCJQb3LOMcuXbRt3fAaDbdSEDhMuyZE6Mpmbg=&xsec_source=pc_feed
[cdp]   [cdp_publish] Connecting to ws://127.0.0.1:9222/devtools/page/91A6DE1619B3FE38ED013E0FCF7FD86A
[cdp]   [cdp_publish] Connected to Chrome tab.
[cdp]   [cdp_publish] Using cached login status (home, age=38m, ttl=12h).
[cdp]   [cdp_publish] Home login confirmed (cached).
[cdp]   [cdp_publish] Navigating to https://www.xiaohongshu.com/explore/6a5ddea1000000001c00d0c0?xsec_token=ABgO_RO9hCJQb3LOMcuXbRt3fAaDbdSEDhMuyZE6Mpmbg=&xsec_source=pc_feed
[cdp]   [cdp_publish] Clicking comment input box at (1061, 1223)...
[cdp]   [cdp_publish] Clicking comment submit button at (1293, 1223)...
[cdp]   [cdp_publish] Comment posted. feed_id=6a5ddea1000000001c00d0c0, length=40
[cdp]   [cdp_publish] Clicking note like in interact bar at (1154, 1223) hint=interact-container .like-wrapper target=SPAN bar=interactions engage-bar top=1211.3333740234375 left=1134.0625 viewport={'w': 1517, 'h': 1291}
[cdp]   [cdp_publish] JS click on like-wrapper, class_after=like-wrapper like-active at=(1172.9583358764648, 1223.3333740234375)
[cdp]   [cdp_publish] Warning: note like click did not activate. state_before=False state_after=False likeRoot.class=like-wrapper like-active visual_before={'className': 'like-wrapper like-active', 'ariaPressed': '', 'color': 'rgb(51, 51, 51)', 'svgColor': 'rgb(51, 51, 51)', 'svgHtml': '<span data-v-9403e00c="" class="like-lottie" style="width: 24px; height: 24px;"></span>'} visual_after={'className': 'like-wrapper like-active', 'ariaPressed': '', 'color': 'rgb(51, 51, 51)', 'svgColor': 'rgb(51, 51, 51)', 'svgHtml': '<span data-v-9403e00c="" class="like-lottie" style="width: 24px; height: 24px;"></span>'}
[cdp]   [cdp_publish] Warning: upvote on same page failed. payload={'success': False, 'changed': False, 'state_before': False, 'state_after': False}
[cdp]   POST_COMMENT_RESULT:
[ok] post done (22/83)
[wait] 29s (~0.5min, random 20-30s)
[search-next] keyword=烧脑游戏推荐 sort=最新 task=26/42 empty_streak=0 seen_feeds=208
[search-wait] 8s before keyword=烧脑游戏推荐 sort=最新
[cdp] spawn timeout=180s cmd=--reuse-existing-tab search-feeds --keyword 烧脑游戏推荐 --sort-by 最新 --publish-time 半年内
[cdp] done exit=0 elapsed=9.1s stdout=140289 stderr=0
[cdp] spawn timeout=90s cmd=--reuse-existing-tab get-feed-detail --feed-id 6a5d8b58000000001002a43c --xsec-token(46chars)
[cdp] done exit=0 elapsed=4.7s stdout=11085 stderr=0
[search-scroll-stop] keyword=烧脑游戏推荐 sort=最新 usable=1 after scrolls=0 (max=8, skip further scrolls)
[search-filter] keyword=烧脑游戏推荐 sort=最新 scrolls=0 {'dup_or_empty_id': 6, 'bad_publish_date': 1, 'bad_title': 1, 'not_note': 1}
[search-hit] keyword=烧脑游戏推荐 sort=最新 raw=40 skipped=9 feedId=6a5d8b58000000001002a43c score=10 title=暗黑解谜天花板《锈湖》全系列合集✨ → post now
[plan] #23 keyword=烧脑游戏推荐 title=暗黑解谜天花板《锈湖》全系列合集✨ comments=0 age=1d score=10 msg=1/求推荐 match=7
[post] attempt feedId=6a5d8b58000000001002a43c contentLen=55 also_upvote=1
[cdp] spawn timeout=120s cmd=--reuse-existing-tab post-comment-to-feed --feed-id 6a5d8b58000000001002a43c --xsec-token(46chars) --content(55chars) --also-upvote
[cdp] done exit=0 elapsed=11.1s stdout=2338 stderr=0
[upvote-warn] feedId=6a5d8b58000000001002a43c comment ok but like not confirmed upvote={'success': False, 'changed': False, 'state_before': False, 'state_after': False}
[post] success feedId=6a5d8b58000000001002a43c
[cdp] phase=post-ok exit=0 feedId=6a5d8b58000000001002a43c
[cdp] cmd=--reuse-existing-tab post-comment-to-feed --feed-id 6a5d8b58000000001002a43c --xsec-token(46chars) --content(55chars) --also-upvote
[cdp]   [cdp_publish] Login cache: enabled (ttl=12h).
[cdp]   [cdp_publish] Tab selection mode: prefer reusing existing tab.
[cdp]   [cdp_publish] Reusing existing tab to reduce focus switching: https://www.xiaohongshu.com/explore/6a5d8b58000000001002a43c?xsec_token=ABgO_RO9hCJQb3LOMcuXbRt12tJTARPlT2jAqQ9NCjYgA=&xsec_source=pc_feed
[cdp]   [cdp_publish] Connecting to ws://127.0.0.1:9222/devtools/page/91A6DE1619B3FE38ED013E0FCF7FD86A
[cdp]   [cdp_publish] Connected to Chrome tab.
[cdp]   [cdp_publish] Using cached login status (home, age=39m, ttl=12h).
[cdp]   [cdp_publish] Home login confirmed (cached).
[cdp]   [cdp_publish] Navigating to https://www.xiaohongshu.com/explore/6a5d8b58000000001002a43c?xsec_token=ABgO_RO9hCJQb3LOMcuXbRt12tJTARPlT2jAqQ9NCjYgA=&xsec_source=pc_feed
[cdp]   [cdp_publish] Clicking comment input box at (1061, 1223)...
[cdp]   [cdp_publish] Clicking comment submit button at (1293, 1223)...
[cdp]   [cdp_publish] Comment posted. feed_id=6a5d8b58000000001002a43c, length=55
[cdp]   [cdp_publish] Clicking note like in interact bar at (1189, 1223) hint=interact-container .like-wrapper target=SPAN bar=interactions engage-bar top=1211.3333740234375 left=1169.3333740234375 viewport={'w': 1517, 'h': 1291}
[cdp]   [cdp_publish] JS click on like-wrapper, class_after=like-wrapper like-active at=(1191.3333740234375, 1223.3333740234375)
[cdp]   [cdp_publish] Warning: note like click did not activate. state_before=False state_after=False likeRoot.class=like-wrapper like-active visual_before={'className': 'like-wrapper like-active', 'ariaPressed': '', 'color': 'rgb(51, 51, 51)', 'svgColor': 'rgb(51, 51, 51)', 'svgHtml': '<span data-v-9403e00c="" class="like-lottie" style="width: 24px; height: 24px;"></span>'} visual_after={'className': 'like-wrapper like-active', 'ariaPressed': '', 'color': 'rgb(51, 51, 51)', 'svgColor': 'rgb(51, 51, 51)', 'svgHtml': '<span data-v-9403e00c="" class="like-lottie" style="width: 24px; height: 24px;"></span>'}
[cdp]   [cdp_publish] Warning: upvote on same page failed. payload={'success': False, 'changed': False, 'state_before': False, 'state_after': False}
[cdp]   POST_COMMENT_RESULT:
[ok] post done (23/83)
[wait] 23s (~0.4min, random 20-30s)
[search-next] keyword=打发时间小游戏 sort=综合 task=27/42 empty_streak=0 seen_feeds=211
[search-wait] 11s before keyword=打发时间小游戏 sort=综合
[cdp] spawn timeout=180s cmd=--reuse-existing-tab search-feeds --keyword 打发时间小游戏 --sort-by 综合 --publish-time 半年内
[cdp] done exit=0 elapsed=7.6s stdout=112408 stderr=0
[cdp] spawn timeout=90s cmd=--reuse-existing-tab get-feed-detail --feed-id 6a0dc3b600000000060213ea --xsec-token(46chars)
[cdp] done exit=0 elapsed=6.2s stdout=29372 stderr=0
[search-scroll-stop] keyword=打发时间小游戏 sort=综合 usable=1 after scrolls=0 (max=8, skip further scrolls)
[search-filter] keyword=打发时间小游戏 sort=综合 scrolls=0 {'dup_or_empty_id': 2}
[search-hit] keyword=打发时间小游戏 sort=综合 raw=42 skipped=2 feedId=6a0dc3b600000000060213ea score=6 title=四小时高铁 靠窗 满电 满尿 我只干一件事 → post now
[plan] #24 keyword=打发时间小游戏 title=四小时高铁 靠窗 满电 满尿 我只干一件事 comments=85 age=36d score=6 msg=1/求推荐 match=12
[post] attempt feedId=6a0dc3b600000000060213ea contentLen=55 also_upvote=1
[cdp] spawn timeout=120s cmd=--reuse-existing-tab post-comment-to-feed --feed-id 6a0dc3b600000000060213ea --xsec-token(46chars) --content(55chars) --also-upvote
[cdp] done exit=0 elapsed=11.7s stdout=2338 stderr=0
[upvote-warn] feedId=6a0dc3b600000000060213ea comment ok but like not confirmed upvote={'success': False, 'changed': False, 'state_before': False, 'state_after': False}
[post] success feedId=6a0dc3b600000000060213ea
[cdp] phase=post-ok exit=0 feedId=6a0dc3b600000000060213ea
[cdp] cmd=--reuse-existing-tab post-comment-to-feed --feed-id 6a0dc3b600000000060213ea --xsec-token(46chars) --content(55chars) --also-upvote
[cdp]   [cdp_publish] Login cache: enabled (ttl=12h).
[cdp]   [cdp_publish] Tab selection mode: prefer reusing existing tab.
[cdp]   [cdp_publish] Reusing existing tab to reduce focus switching: https://www.xiaohongshu.com/explore/6a0dc3b600000000060213ea?xsec_token=ABTyT0VA6rIbRvzhFqKgU74PJwUwtgfrMekYrifKj43eQ=&xsec_source=pc_feed
[cdp]   [cdp_publish] Connecting to ws://127.0.0.1:9222/devtools/page/91A6DE1619B3FE38ED013E0FCF7FD86A
[cdp]   [cdp_publish] Connected to Chrome tab.
[cdp]   [cdp_publish] Using cached login status (home, age=40m, ttl=12h).
[cdp]   [cdp_publish] Home login confirmed (cached).
[cdp]   [cdp_publish] Navigating to https://www.xiaohongshu.com/explore/6a0dc3b600000000060213ea?xsec_token=ABTyT0VA6rIbRvzhFqKgU74PJwUwtgfrMekYrifKj43eQ=&xsec_source=pc_feed
[cdp]   [cdp_publish] Clicking comment input box at (1061, 1223)...
[cdp]   [cdp_publish] Clicking comment submit button at (1293, 1223)...
[cdp]   [cdp_publish] Comment posted. feed_id=6a0dc3b600000000060213ea, length=55
[cdp]   [cdp_publish] Clicking note like in interact bar at (1171, 1223) hint=interact-container .like-wrapper target=SPAN bar=interactions engage-bar top=1211.3333740234375 left=1151.4271240234375 viewport={'w': 1517, 'h': 1291}
[cdp]   [cdp_publish] JS click on like-wrapper, class_after=like-wrapper like-active at=(1189.8489990234375, 1223.3333740234375)
[cdp]   [cdp_publish] Warning: note like click did not activate. state_before=False state_after=False likeRoot.class=like-wrapper like-active visual_before={'className': 'like-wrapper like-active', 'ariaPressed': '', 'color': 'rgb(51, 51, 51)', 'svgColor': 'rgb(51, 51, 51)', 'svgHtml': '<span data-v-9403e00c="" class="like-lottie" style="width: 24px; height: 24px;"></span>'} visual_after={'className': 'like-wrapper like-active', 'ariaPressed': '', 'color': 'rgb(51, 51, 51)', 'svgColor': 'rgb(51, 51, 51)', 'svgHtml': '<span data-v-9403e00c="" class="like-lottie" style="width: 24px; height: 24px;"></span>'}
[cdp]   [cdp_publish] Warning: upvote on same page failed. payload={'success': False, 'changed': False, 'state_before': False, 'state_after': False}
[cdp]   POST_COMMENT_RESULT:
[ok] post done (24/83)
[wait] 28s (~0.5min, random 20-30s)
[search-next] keyword=打发时间小游戏 sort=最新 task=28/42 empty_streak=0 seen_feeds=212
[search-wait] 7s before keyword=打发时间小游戏 sort=最新
[cdp] spawn timeout=180s cmd=--reuse-existing-tab search-feeds --keyword 打发时间小游戏 --sort-by 最新 --publish-time 半年内
[cdp] done exit=0 elapsed=8.0s stdout=147760 stderr=0
[cdp] spawn timeout=90s cmd=--reuse-existing-tab get-feed-detail --feed-id 6a538544000000001101d1a6 --xsec-token(46chars)
[cdp] done exit=0 elapsed=5.5s stdout=15287 stderr=0
[search-scroll-stop] keyword=打发时间小游戏 sort=最新 usable=1 after scrolls=0 (max=8, skip further scrolls)
[search-filter] keyword=打发时间小游戏 sort=最新 scrolls=0 {'dup_or_empty_id': 3, 'already_commented': 1, 'bad_title': 1}
[search-hit] keyword=打发时间小游戏 sort=最新 raw=42 skipped=5 feedId=6a538544000000001101d1a6 score=4 title=这还是咖啡店模拟器吗？！ → post now
[plan] #25 keyword=打发时间小游戏 title=这还是咖啡店模拟器吗？！ comments=1 age=2d score=4 msg=11/微信小游戏 match=5
[post] attempt feedId=6a538544000000001101d1a6 contentLen=42 also_upvote=1
[cdp] spawn timeout=120s cmd=--reuse-existing-tab post-comment-to-feed --feed-id 6a538544000000001101d1a6 --xsec-token(46chars) --content(42chars) --also-upvote
[cdp] done exit=0 elapsed=11.1s stdout=2335 stderr=0
[upvote-warn] feedId=6a538544000000001101d1a6 comment ok but like not confirmed upvote={'success': False, 'changed': False, 'state_before': False, 'state_after': False}
[post] success feedId=6a538544000000001101d1a6
[cdp] phase=post-ok exit=0 feedId=6a538544000000001101d1a6
[cdp] cmd=--reuse-existing-tab post-comment-to-feed --feed-id 6a538544000000001101d1a6 --xsec-token(46chars) --content(42chars) --also-upvote
[cdp]   [cdp_publish] Login cache: enabled (ttl=12h).
[cdp]   [cdp_publish] Tab selection mode: prefer reusing existing tab.
[cdp]   [cdp_publish] Reusing existing tab to reduce focus switching: https://www.xiaohongshu.com/explore/6a538544000000001101d1a6?xsec_token=ABJ3plvRwROb9sEFa05V5BKMDjs6fkYRP5zBgERJ9QD7g=&xsec_source=pc_feed
[cdp]   [cdp_publish] Connecting to ws://127.0.0.1:9222/devtools/page/91A6DE1619B3FE38ED013E0FCF7FD86A
[cdp]   [cdp_publish] Connected to Chrome tab.
[cdp]   [cdp_publish] Using cached login status (home, age=41m, ttl=12h).
[cdp]   [cdp_publish] Home login confirmed (cached).
[cdp]   [cdp_publish] Navigating to https://www.xiaohongshu.com/explore/6a538544000000001101d1a6?xsec_token=ABJ3plvRwROb9sEFa05V5BKMDjs6fkYRP5zBgERJ9QD7g=&xsec_source=pc_feed
[cdp]   [cdp_publish] Clicking comment input box at (972, 1223)...
[cdp]   [cdp_publish] Clicking comment submit button at (1204, 1223)...
[cdp]   [cdp_publish] Comment posted. feed_id=6a538544000000001101d1a6, length=42
[cdp]   [cdp_publish] Clicking note like in interact bar at (1123, 1223) hint=interact-container .like-wrapper target=SPAN bar=interactions engage-bar top=1211.3333740234375 left=1102.9896240234375 viewport={'w': 1517, 'h': 1291}
[cdp]   [cdp_publish] JS click on like-wrapper, class_after=like-wrapper like-active at=(1133.20316696167, 1223.3333740234375)
[cdp]   [cdp_publish] Warning: note like click did not activate. state_before=False state_after=False likeRoot.class=like-wrapper like-active visual_before={'className': 'like-wrapper like-active', 'ariaPressed': '', 'color': 'rgb(51, 51, 51)', 'svgColor': 'rgb(51, 51, 51)', 'svgHtml': '<span data-v-9403e00c="" class="like-lottie" style="width: 24px; height: 24px;"></span>'} visual_after={'className': 'like-wrapper like-active', 'ariaPressed': '', 'color': 'rgb(51, 51, 51)', 'svgColor': 'rgb(51, 51, 51)', 'svgHtml': '<span data-v-9403e00c="" class="like-lottie" style="width: 24px; height: 24px;"></span>'}
[cdp]   [cdp_publish] Warning: upvote on same page failed. payload={'success': False, 'changed': False, 'state_before': False, 'state_after': False}
[cdp]   POST_COMMENT_RESULT:
[ok] post done (25/83)
[wait] 20s (~0.3min, random 20-30s)
[search-next] keyword=闯关游戏 sort=综合 task=29/42 empty_streak=0 seen_feeds=215
[search-wait] 7s before keyword=闯关游戏 sort=综合
[cdp] spawn timeout=180s cmd=--reuse-existing-tab search-feeds --keyword 闯关游戏 --sort-by 综合 --publish-time 半年内
[cdp] done exit=0 elapsed=8.2s stdout=136843 stderr=0
[search-scroll-next] keyword=闯关游戏 sort=综合 raw=42 usable=0 scroll once (1/8)
[cdp] spawn timeout=180s cmd=--reuse-existing-tab search-feeds-scroll
[cdp] done exit=0 elapsed=1.6s stdout=229560 stderr=0
[cdp] spawn timeout=90s cmd=--reuse-existing-tab get-feed-detail --feed-id 6a1f119e0000000007020e2c --xsec-token(46chars)
[cdp] done exit=0 elapsed=4.5s stdout=34017 stderr=0
[search-scroll-stop] keyword=闯关游戏 sort=综合 usable=1 after scrolls=1 (max=8, skip further scrolls)
[search-filter] keyword=闯关游戏 sort=综合 scrolls=1 {'already_commented': 2, 'dup_or_empty_id': 76, 'not_note': 6, 'too_old': 2}
[search-hit] keyword=闯关游戏 sort=综合 raw=66 skipped=86 feedId=6a1f119e0000000007020e2c score=4 title=如图，求帮助 → post now
[plan] #26 keyword=闯关游戏 title=如图，求帮助 comments=45 age=48d score=4 msg=1/求推荐 match=7
[post] attempt feedId=6a1f119e0000000007020e2c contentLen=55 also_upvote=1
[cdp] spawn timeout=120s cmd=--reuse-existing-tab post-comment-to-feed --feed-id 6a1f119e0000000007020e2c --xsec-token(46chars) --content(55chars) --also-upvote
[cdp] done exit=0 elapsed=11.7s stdout=2336 stderr=0
[upvote-warn] feedId=6a1f119e0000000007020e2c comment ok but like not confirmed upvote={'success': False, 'changed': False, 'state_before': False, 'state_after': False}
[post] success feedId=6a1f119e0000000007020e2c
[cdp] phase=post-ok exit=0 feedId=6a1f119e0000000007020e2c
[cdp] cmd=--reuse-existing-tab post-comment-to-feed --feed-id 6a1f119e0000000007020e2c --xsec-token(46chars) --content(55chars) --also-upvote
[cdp]   [cdp_publish] Login cache: enabled (ttl=12h).
[cdp]   [cdp_publish] Tab selection mode: prefer reusing existing tab.
[cdp]   [cdp_publish] Reusing existing tab to reduce focus switching: https://www.xiaohongshu.com/explore/6a1f119e0000000007020e2c?xsec_token=ABAeLKJTQxoszXJjmozWG7Ps9zIEnAEJws2DNkVbYgI6g=&xsec_source=pc_feed
[cdp]   [cdp_publish] Connecting to ws://127.0.0.1:9222/devtools/page/91A6DE1619B3FE38ED013E0FCF7FD86A
[cdp]   [cdp_publish] Connected to Chrome tab.
[cdp]   [cdp_publish] Using cached login status (home, age=42m, ttl=12h).
[cdp]   [cdp_publish] Home login confirmed (cached).
[cdp]   [cdp_publish] Navigating to https://www.xiaohongshu.com/explore/6a1f119e0000000007020e2c?xsec_token=ABAeLKJTQxoszXJjmozWG7Ps9zIEnAEJws2DNkVbYgI6g=&xsec_source=pc_feed
[cdp]   [cdp_publish] Clicking comment input box at (1061, 1223)...
[cdp]   [cdp_publish] Clicking comment submit button at (1293, 1223)...
[cdp]   [cdp_publish] Comment posted. feed_id=6a1f119e0000000007020e2c, length=55
[cdp]   [cdp_publish] Clicking note like in interact bar at (1196, 1223) hint=interact-container .like-wrapper target=SPAN bar=interactions engage-bar top=1211.3333740234375 left=1176.0521240234375 viewport={'w': 1517, 'h': 1291}
[cdp]   [cdp_publish] JS click on like-wrapper, class_after=like-wrapper like-active at=(1206.26566696167, 1223.3333740234375)
[cdp]   [cdp_publish] Warning: note like click did not activate. state_before=False state_after=False likeRoot.class=like-wrapper like-active visual_before={'className': 'like-wrapper like-active', 'ariaPressed': '', 'color': 'rgb(51, 51, 51)', 'svgColor': 'rgb(51, 51, 51)', 'svgHtml': '<span data-v-9403e00c="" class="like-lottie" style="width: 24px; height: 24px;"></span>'} visual_after={'className': 'like-wrapper like-active', 'ariaPressed': '', 'color': 'rgb(51, 51, 51)', 'svgColor': 'rgb(51, 51, 51)', 'svgHtml': '<span data-v-9403e00c="" class="like-lottie" style="width: 24px; height: 24px;"></span>'}
[cdp]   [cdp_publish] Warning: upvote on same page failed. payload={'success': False, 'changed': False, 'state_before': False, 'state_after': False}
[cdp]   POST_COMMENT_RESULT:
[ok] post done (26/83)
[wait] 29s (~0.5min, random 20-30s)
[search-next] keyword=闯关游戏 sort=最新 task=30/42 empty_streak=0 seen_feeds=220
[search-wait] 14s before keyword=闯关游戏 sort=最新
[cdp] spawn timeout=180s cmd=--reuse-existing-tab search-feeds --keyword 闯关游戏 --sort-by 最新 --publish-time 半年内
[cdp] done exit=0 elapsed=7.6s stdout=131040 stderr=0
[cdp] spawn timeout=90s cmd=--reuse-existing-tab get-feed-detail --feed-id 6a5d8333000000000100f538 --xsec-token(46chars)
[cdp] done exit=0 elapsed=6.4s stdout=14284 stderr=0
[search-scroll-stop] keyword=闯关游戏 sort=最新 usable=1 after scrolls=0 (max=8, skip further scrolls)
[search-filter] keyword=闯关游戏 sort=最新 scrolls=0 {'already_commented': 1, 'bad_publish_date': 1, 'bad_title': 1, 'dup_or_empty_id': 1}
[search-hit] keyword=闯关游戏 sort=最新 raw=42 skipped=4 feedId=6a5d8333000000000100f538 score=6 title=小学生觉得幼稚大学生玩到怀疑人生 → post now
[plan] #27 keyword=闯关游戏 title=小学生觉得幼稚大学生玩到怀疑人生 comments=0 age=1d score=6 msg=17/烧脑卡关 match=10
[post] attempt feedId=6a5d8333000000000100f538 contentLen=40 also_upvote=1
[cdp] spawn timeout=120s cmd=--reuse-existing-tab post-comment-to-feed --feed-id 6a5d8333000000000100f538 --xsec-token(46chars) --content(40chars) --also-upvote
[cdp] done exit=0 elapsed=11.2s stdout=2323 stderr=0
[upvote-warn] feedId=6a5d8333000000000100f538 comment ok but like not confirmed upvote={'success': False, 'changed': False, 'state_before': False, 'state_after': False}
[post] success feedId=6a5d8333000000000100f538
[cdp] phase=post-ok exit=0 feedId=6a5d8333000000000100f538
[cdp] cmd=--reuse-existing-tab post-comment-to-feed --feed-id 6a5d8333000000000100f538 --xsec-token(46chars) --content(40chars) --also-upvote
[cdp]   [cdp_publish] Login cache: enabled (ttl=12h).
[cdp]   [cdp_publish] Tab selection mode: prefer reusing existing tab.
[cdp]   [cdp_publish] Reusing existing tab to reduce focus switching: https://www.xiaohongshu.com/explore/6a5d8333000000000100f538?xsec_token=ABgO_RO9hCJQb3LOMcuXbRt7E31k3j8qpAtrgVPoyYwdk=&xsec_source=pc_feed
[cdp]   [cdp_publish] Connecting to ws://127.0.0.1:9222/devtools/page/91A6DE1619B3FE38ED013E0FCF7FD86A
[cdp]   [cdp_publish] Connected to Chrome tab.
[cdp]   [cdp_publish] Using cached login status (home, age=43m, ttl=12h).
[cdp]   [cdp_publish] Home login confirmed (cached).
[cdp]   [cdp_publish] Navigating to https://www.xiaohongshu.com/explore/6a5d8333000000000100f538?xsec_token=ABgO_RO9hCJQb3LOMcuXbRt7E31k3j8qpAtrgVPoyYwdk=&xsec_source=pc_feed
[cdp]   [cdp_publish] Clicking comment input box at (972, 1223)...
[cdp]   [cdp_publish] Clicking comment submit button at (1204, 1223)...
[cdp]   [cdp_publish] Comment posted. feed_id=6a5d8333000000000100f538, length=40
[cdp]   [cdp_publish] Clicking note like in interact bar at (1095, 1223) hint=interact-container .like-wrapper target=SPAN bar=interactions engage-bar top=1211.3333740234375 left=1075 viewport={'w': 1517, 'h': 1291}
[cdp]   [cdp_publish] JS click on like-wrapper, class_after=like-wrapper like-active at=(1105.2135429382324, 1223.3333740234375)
[cdp]   [cdp_publish] Warning: note like click did not activate. state_before=False state_after=False likeRoot.class=like-wrapper like-active visual_before={'className': 'like-wrapper like-active', 'ariaPressed': '', 'color': 'rgb(51, 51, 51)', 'svgColor': 'rgb(51, 51, 51)', 'svgHtml': '<span data-v-9403e00c="" class="like-lottie" style="width: 24px; height: 24px;"></span>'} visual_after={'className': 'like-wrapper like-active', 'ariaPressed': '', 'color': 'rgb(51, 51, 51)', 'svgColor': 'rgb(51, 51, 51)', 'svgHtml': '<span data-v-9403e00c="" class="like-lottie" style="width: 24px; height: 24px;"></span>'}
[cdp]   [cdp_publish] Warning: upvote on same page failed. payload={'success': False, 'changed': False, 'state_before': False, 'state_after': False}
[cdp]   POST_COMMENT_RESULT:
[ok] post done (27/83)
[wait] 20s (~0.3min, random 20-30s)
[search-next] keyword=推理游戏 sort=综合 task=31/42 empty_streak=0 seen_feeds=224
[search-wait] 8s before keyword=推理游戏 sort=综合
[cdp] spawn timeout=180s cmd=--reuse-existing-tab search-feeds --keyword 推理游戏 --sort-by 综合 --publish-time 半年内
[cdp] done exit=0 elapsed=8.0s stdout=144216 stderr=0
[cdp] spawn timeout=90s cmd=--reuse-existing-tab get-feed-detail --feed-id 6a5531c800000000110186f1 --xsec-token(46chars)
[cdp] done exit=0 elapsed=5.7s stdout=7278 stderr=0
[search-scroll-stop] keyword=推理游戏 sort=综合 usable=1 after scrolls=0 (max=8, skip further scrolls)
[search-filter] keyword=推理游戏 sort=综合 scrolls=0 {'dup_or_empty_id': 26, 'not_note': 2, 'bad_publish_date': 1, 'too_old': 2, 'already_commented': 4}
[search-hit] keyword=推理游戏 sort=综合 raw=42 skipped=35 feedId=6a5531c800000000110186f1 score=6 title=推荐给每一个网络不佳的通勤人 → post now
[plan] #28 keyword=推理游戏 title=推荐给每一个网络不佳的通勤人 comments=2 age=7d score=6 msg=1/求推荐 match=10
[post] attempt feedId=6a5531c800000000110186f1 contentLen=55 also_upvote=1
[cdp] spawn timeout=120s cmd=--reuse-existing-tab post-comment-to-feed --feed-id 6a5531c800000000110186f1 --xsec-token(46chars) --content(55chars) --also-upvote
[cdp] done exit=0 elapsed=11.4s stdout=2336 stderr=0
[upvote-warn] feedId=6a5531c800000000110186f1 comment ok but like not confirmed upvote={'success': False, 'changed': False, 'state_before': False, 'state_after': False}
[post] success feedId=6a5531c800000000110186f1
[cdp] phase=post-ok exit=0 feedId=6a5531c800000000110186f1
[cdp] cmd=--reuse-existing-tab post-comment-to-feed --feed-id 6a5531c800000000110186f1 --xsec-token(46chars) --content(55chars) --also-upvote
[cdp]   [cdp_publish] Login cache: enabled (ttl=12h).
[cdp]   [cdp_publish] Tab selection mode: prefer reusing existing tab.
[cdp]   [cdp_publish] Reusing existing tab to reduce focus switching: https://www.xiaohongshu.com/explore/6a5531c800000000110186f1?xsec_token=ABbzMaJJUEmGCF_scf3BL95xixYyN-33nj_mFP_Gjvtic=&xsec_source=pc_feed
[cdp]   [cdp_publish] Connecting to ws://127.0.0.1:9222/devtools/page/91A6DE1619B3FE38ED013E0FCF7FD86A
[cdp]   [cdp_publish] Connected to Chrome tab.
[cdp]   [cdp_publish] Using cached login status (home, age=44m, ttl=12h).
[cdp]   [cdp_publish] Home login confirmed (cached).
[cdp]   [cdp_publish] Navigating to https://www.xiaohongshu.com/explore/6a5531c800000000110186f1?xsec_token=ABbzMaJJUEmGCF_scf3BL95xixYyN-33nj_mFP_Gjvtic=&xsec_source=pc_feed
[cdp]   [cdp_publish] Clicking comment input box at (909, 1223)...
[cdp]   [cdp_publish] Clicking comment submit button at (1142, 1223)...
[cdp]   [cdp_publish] Comment posted. feed_id=6a5531c800000000110186f1, length=55
[cdp]   [cdp_publish] Clicking note like in interact bar at (1061, 1223) hint=interact-container .like-wrapper target=SPAN bar=interactions engage-bar top=1211.3333740234375 left=1040.862548828125 viewport={'w': 1517, 'h': 1291}
[cdp]   [cdp_publish] JS click on like-wrapper, class_after=like-wrapper like-active at=(1071.0760917663574, 1223.3333740234375)
[cdp]   [cdp_publish] Warning: note like click did not activate. state_before=False state_after=False likeRoot.class=like-wrapper like-active visual_before={'className': 'like-wrapper like-active', 'ariaPressed': '', 'color': 'rgb(51, 51, 51)', 'svgColor': 'rgb(51, 51, 51)', 'svgHtml': '<span data-v-9403e00c="" class="like-lottie" style="width: 24px; height: 24px;"></span>'} visual_after={'className': 'like-wrapper like-active', 'ariaPressed': '', 'color': 'rgb(51, 51, 51)', 'svgColor': 'rgb(51, 51, 51)', 'svgHtml': '<span data-v-9403e00c="" class="like-lottie" style="width: 24px; height: 24px;"></span>'}
[cdp]   [cdp_publish] Warning: upvote on same page failed. payload={'success': False, 'changed': False, 'state_before': False, 'state_after': False}
[cdp]   POST_COMMENT_RESULT:
[ok] post done (28/83)
[wait] 25s (~0.4min, random 20-30s)
[search-next] keyword=推理游戏 sort=最新 task=32/42 empty_streak=0 seen_feeds=232
[search-wait] 6s before keyword=推理游戏 sort=最新
[cdp] spawn timeout=180s cmd=--reuse-existing-tab search-feeds --keyword 推理游戏 --sort-by 最新 --publish-time 半年内
[cdp] done exit=0 elapsed=7.1s stdout=152268 stderr=0
[cdp] spawn timeout=90s cmd=--reuse-existing-tab get-feed-detail --feed-id 6a5cf28e000000001c01304a --xsec-token(46chars)
[cdp] done exit=0 elapsed=6.0s stdout=11333 stderr=0
[relevance-skip] feedId=6a5cf28e000000001c01304a title=超级侦探🕵🏻️‍♀️游戏推荐🤓 bodyLen=1060 score=-8 min=2
[detail-wait] 3.9s before feedId=6a5d32e4000000001c013698
[cdp] spawn timeout=90s cmd=--reuse-existing-tab get-feed-detail --feed-id 6a5d32e4000000001c013698 --xsec-token(46chars)
[cdp] done exit=0 elapsed=4.3s stdout=18641 stderr=0
[relevance-skip] feedId=6a5d32e4000000001c013698 title=加利宅邸悬案 好玩推荐！ bodyLen=768 score=-2 min=2
[detail-wait] 2.8s before feedId=6a5cbe70000000000601160c
[cdp] spawn timeout=90s cmd=--reuse-existing-tab get-feed-detail --feed-id 6a5cbe70000000000601160c --xsec-token(46chars)
[cdp] done exit=0 elapsed=5.6s stdout=13415 stderr=0
[search-scroll-stop] keyword=推理游戏 sort=最新 usable=1 after scrolls=0 (max=8, skip further scrolls)
[search-filter] keyword=推理游戏 sort=最新 scrolls=0 {'already_commented': 1, 'bad_publish_date': 2, 'dup_or_empty_id': 5, 'not_note': 1, 'low_relevance': 2, 'bad_title': 1}
[search-hit] keyword=推理游戏 sort=最新 raw=42 skipped=12 feedId=6a5cbe70000000000601160c score=6 title=逻辑推理70 ★★ 哪村的？ → post now
[plan] #29 keyword=推理游戏 title=逻辑推理70 ★★ 哪村的？ comments=4 age=2d score=6 msg=8/推箱子 match=3
[post] attempt feedId=6a5cbe70000000000601160c contentLen=49 also_upvote=1
[cdp] spawn timeout=120s cmd=--reuse-existing-tab post-comment-to-feed --feed-id 6a5cbe70000000000601160c --xsec-token(46chars) --content(49chars) --also-upvote
[cdp] done exit=0 elapsed=10.8s stdout=2332 stderr=0
[upvote-warn] feedId=6a5cbe70000000000601160c comment ok but like not confirmed upvote={'success': False, 'changed': False, 'state_before': False, 'state_after': False}
[post] success feedId=6a5cbe70000000000601160c
[cdp] phase=post-ok exit=0 feedId=6a5cbe70000000000601160c
[cdp] cmd=--reuse-existing-tab post-comment-to-feed --feed-id 6a5cbe70000000000601160c --xsec-token(46chars) --content(49chars) --also-upvote
[cdp]   [cdp_publish] Login cache: enabled (ttl=12h).
[cdp]   [cdp_publish] Tab selection mode: prefer reusing existing tab.
[cdp]   [cdp_publish] Reusing existing tab to reduce focus switching: https://www.xiaohongshu.com/explore/6a5cbe70000000000601160c?xsec_token=AB9y01YmFAJVI_BJZFyn1HeVDa28U8PdAWcY7eBbVg9oc=&xsec_source=pc_feed
[cdp]   [cdp_publish] Connecting to ws://127.0.0.1:9222/devtools/page/91A6DE1619B3FE38ED013E0FCF7FD86A
[cdp]   [cdp_publish] Connected to Chrome tab.
[cdp]   [cdp_publish] Using cached login status (home, age=46m, ttl=12h).
[cdp]   [cdp_publish] Home login confirmed (cached).
[cdp]   [cdp_publish] Navigating to https://www.xiaohongshu.com/explore/6a5cbe70000000000601160c?xsec_token=AB9y01YmFAJVI_BJZFyn1HeVDa28U8PdAWcY7eBbVg9oc=&xsec_source=pc_feed
[cdp]   [cdp_publish] Clicking comment input box at (1035, 1223)...
[cdp]   [cdp_publish] Clicking comment submit button at (1268, 1223)...
[cdp]   [cdp_publish] Comment posted. feed_id=6a5cbe70000000000601160c, length=49
[cdp]   [cdp_publish] Clicking note like in interact bar at (1203, 1223) hint=interact-container .like-wrapper target=SPAN bar=interactions engage-bar top=1211.3333740234375 left=1183.3369140625 viewport={'w': 1517, 'h': 1291}
[cdp]   [cdp_publish] JS click on like-wrapper, class_after=like-wrapper like-active at=(1205.3369140625, 1223.3333740234375)
[cdp]   [cdp_publish] Warning: note like click did not activate. state_before=False state_after=False likeRoot.class=like-wrapper like-active visual_before={'className': 'like-wrapper like-active', 'ariaPressed': '', 'color': 'rgb(51, 51, 51)', 'svgColor': 'rgb(51, 51, 51)', 'svgHtml': '<span data-v-9403e00c="" class="like-lottie" style="width: 24px; height: 24px;"></span>'} visual_after={'className': 'like-wrapper like-active', 'ariaPressed': '', 'color': 'rgb(51, 51, 51)', 'svgColor': 'rgb(51, 51, 51)', 'svgHtml': '<span data-v-9403e00c="" class="like-lottie" style="width: 24px; height: 24px;"></span>'}
[cdp]   [cdp_publish] Warning: upvote on same page failed. payload={'success': False, 'changed': False, 'state_before': False, 'state_after': False}
[cdp]   POST_COMMENT_RESULT:
[ok] post done (29/83)
[wait] 24s (~0.4min, random 20-30s)
[search-next] keyword=脑力游戏 sort=综合 task=33/42 empty_streak=0 seen_feeds=239
[search-wait] 10s before keyword=脑力游戏 sort=综合
[cdp] spawn timeout=180s cmd=--reuse-existing-tab search-feeds --keyword 脑力游戏 --sort-by 综合 --publish-time 半年内
[cdp] done exit=0 elapsed=7.6s stdout=133300 stderr=0
[cdp] spawn timeout=90s cmd=--reuse-existing-tab get-feed-detail --feed-id 6a470d6d0000000008032f37 --xsec-token(46chars)
[cdp] done exit=0 elapsed=4.8s stdout=23476 stderr=0
[relevance-skip] feedId=6a470d6d0000000008032f37 title=目前玩下来最没有头绪的一关 bodyLen=41 score=-4 min=2
[search-scroll-next] keyword=脑力游戏 sort=综合 raw=42 usable=0 scroll once (1/8)
[cdp] spawn timeout=180s cmd=--reuse-existing-tab search-feeds-scroll
[cdp] done exit=1 elapsed=0.2s stdout=595 stderr=617
[warn] search scroll failed keyword=脑力游戏 scrolls=1
[cdp] phase=search-scroll exit=1 keyword=脑力游戏 scrolls=1
[cdp] cmd=--reuse-existing-tab search-feeds-scroll
[cdp]   [cdp_publish] Timing jitter ratio: 0.25
[cdp]   [cdp_publish] Login cache: enabled (ttl=12h).
[cdp]   [cdp_publish] Tab selection mode: prefer reusing existing tab.
[cdp]   [cdp_publish] Reusing existing tab to reduce focus switching: https://www.xiaohongshu.com/explore/6a470d6d0000000008032f37?xsec_token=ABY4SCXHEDgwxqzotoO_15FrhVDV2weroIm7AHRdZcwT8=&xsec_source=pc_feed
[cdp]   [cdp_publish] Connecting to ws://127.0.0.1:9222/devtools/page/91A6DE1619B3FE38ED013E0FCF7FD86A
[cdp]   [cdp_publish] Connected to Chrome tab.
[cdp]   [cdp_publish] Using cached login status (home, age=46m, ttl=12h).
[cdp]   [cdp_publish] Home login confirmed (cached).
[cdp]   Traceback (most recent call last):
[cdp]   raise CDPError(
[cdp]   __main__.CDPError: Current tab is not a search results page: https://www.xiaohongshu.com/explore/6a470d6d0000000008032f37?xsec_token=ABY4SCXHEDgwxqzotoO_15FrhVDV2weroIm7AHRdZcwT8=&x
[search-filter] keyword=脑力游戏 sort=综合 scrolls=0(exhausted max=8) {'dup_or_empty_id': 37, 'not_note': 2, 'too_old': 2, 'low_relevance': 1}
[search] keyword=脑力游戏 sort=综合 raw=42 skipped=42 hit=0 rate_limited=False
[search-next] keyword=脑力游戏 sort=最新 task=34/42 empty_streak=1 seen_feeds=242
[search-wait] 9s before keyword=脑力游戏 sort=最新
[cdp] spawn timeout=180s cmd=--reuse-existing-tab search-feeds --keyword 脑力游戏 --sort-by 最新 --publish-time 半年内
[cdp] done exit=0 elapsed=7.5s stdout=136894 stderr=0
[cdp] spawn timeout=90s cmd=--reuse-existing-tab get-feed-detail --feed-id 6a5d99f10000000001030a26 --xsec-token(46chars)
[cdp] done exit=0 elapsed=5.2s stdout=14787 stderr=0
[search-scroll-stop] keyword=脑力游戏 sort=最新 usable=1 after scrolls=0 (max=8, skip further scrolls)
[search-filter] keyword=脑力游戏 sort=最新 scrolls=0 {'bad_publish_date': 3, 'bad_title': 2, 'dup_or_empty_id': 2, 'not_note': 1}
[search-hit] keyword=脑力游戏 sort=最新 raw=42 skipped=8 feedId=6a5d99f10000000001030a26 score=8 title=逻辑思维训练小游戏（语迟/自闭症家庭刚需 → post now
[plan] #30 keyword=脑力游戏 title=逻辑思维训练小游戏（语迟/自闭症家庭刚需 comments=0 age=1d score=8 msg=13/微信小游戏 match=5
[post] attempt feedId=6a5d99f10000000001030a26 contentLen=35 also_upvote=1
[cdp] spawn timeout=120s cmd=--reuse-existing-tab post-comment-to-feed --feed-id 6a5d99f10000000001030a26 --xsec-token(46chars) --content(35chars) --also-upvote
[cdp] done exit=0 elapsed=10.4s stdout=2323 stderr=0
[upvote-warn] feedId=6a5d99f10000000001030a26 comment ok but like not confirmed upvote={'success': False, 'changed': False, 'state_before': False, 'state_after': False}
[post] success feedId=6a5d99f10000000001030a26
[cdp] phase=post-ok exit=0 feedId=6a5d99f10000000001030a26
[cdp] cmd=--reuse-existing-tab post-comment-to-feed --feed-id 6a5d99f10000000001030a26 --xsec-token(46chars) --content(35chars) --also-upvote
[cdp]   [cdp_publish] Login cache: enabled (ttl=12h).
[cdp]   [cdp_publish] Tab selection mode: prefer reusing existing tab.
[cdp]   [cdp_publish] Reusing existing tab to reduce focus switching: https://www.xiaohongshu.com/explore/6a5d99f10000000001030a26?xsec_token=ABgO_RO9hCJQb3LOMcuXbRtyb9EFb7gPjNKX8yw4nKyeQ=&xsec_source=pc_feed
[cdp]   [cdp_publish] Connecting to ws://127.0.0.1:9222/devtools/page/91A6DE1619B3FE38ED013E0FCF7FD86A
[cdp]   [cdp_publish] Connected to Chrome tab.
[cdp]   [cdp_publish] Using cached login status (home, age=47m, ttl=12h).
[cdp]   [cdp_publish] Home login confirmed (cached).
[cdp]   [cdp_publish] Navigating to https://www.xiaohongshu.com/explore/6a5d99f10000000001030a26?xsec_token=ABgO_RO9hCJQb3LOMcuXbRtyb9EFb7gPjNKX8yw4nKyeQ=&xsec_source=pc_feed
[cdp]   [cdp_publish] Clicking comment input box at (972, 1223)...
[cdp]   [cdp_publish] Clicking comment submit button at (1204, 1223)...
[cdp]   [cdp_publish] Comment posted. feed_id=6a5d99f10000000001030a26, length=35
[cdp]   [cdp_publish] Clicking note like in interact bar at (1095, 1223) hint=interact-container .like-wrapper target=SPAN bar=interactions engage-bar top=1211.3333740234375 left=1075 viewport={'w': 1517, 'h': 1291}
[cdp]   [cdp_publish] JS click on like-wrapper, class_after=like-wrapper like-active at=(1105.2135429382324, 1223.3333740234375)
[cdp]   [cdp_publish] Warning: note like click did not activate. state_before=False state_after=False likeRoot.class=like-wrapper like-active visual_before={'className': 'like-wrapper like-active', 'ariaPressed': '', 'color': 'rgb(51, 51, 51)', 'svgColor': 'rgb(51, 51, 51)', 'svgHtml': '<span data-v-9403e00c="" class="like-lottie" style="width: 24px; height: 24px;"></span>'} visual_after={'className': 'like-wrapper like-active', 'ariaPressed': '', 'color': 'rgb(51, 51, 51)', 'svgColor': 'rgb(51, 51, 51)', 'svgHtml': '<span data-v-9403e00c="" class="like-lottie" style="width: 24px; height: 24px;"></span>'}
[cdp]   [cdp_publish] Warning: upvote on same page failed. payload={'success': False, 'changed': False, 'state_before': False, 'state_after': False}
[cdp]   POST_COMMENT_RESULT:
[ok] post done (30/83)
[wait] 23s (~0.4min, random 20-30s)
[search-next] keyword=光学解谜 sort=综合 task=35/42 empty_streak=0 seen_feeds=248
[search-wait] 6s before keyword=光学解谜 sort=综合
[cdp] spawn timeout=180s cmd=--reuse-existing-tab search-feeds --keyword 光学解谜 --sort-by 综合 --publish-time 半年内
[cdp] done exit=0 elapsed=8.2s stdout=139628 stderr=0
[cdp] spawn timeout=90s cmd=--reuse-existing-tab get-feed-detail --feed-id 6a5511ff00000000060207ae --xsec-token(46chars)
[cdp] done exit=0 elapsed=5.3s stdout=16035 stderr=0
[search-scroll-stop] keyword=光学解谜 sort=综合 usable=1 after scrolls=0 (max=8, skip further scrolls)
[search-filter] keyword=光学解谜 sort=综合 scrolls=0 {'dup_or_empty_id': 9, 'not_note': 1, 'too_old': 1, 'bad_title': 1}
[search-hit] keyword=光学解谜 sort=综合 raw=42 skipped=12 feedId=6a5511ff00000000060207ae score=4 title=自存🔗 → post now
[plan] #31 keyword=光学解谜 title=自存🔗 comments=20 age=3d score=4 msg=18/烧脑卡关 match=5
[post] attempt feedId=6a5511ff00000000060207ae contentLen=35 also_upvote=1
[cdp] spawn timeout=120s cmd=--reuse-existing-tab post-comment-to-feed --feed-id 6a5511ff00000000060207ae --xsec-token(46chars) --content(35chars) --also-upvote
[cdp] done exit=0 elapsed=10.8s stdout=2337 stderr=0
[upvote-warn] feedId=6a5511ff00000000060207ae comment ok but like not confirmed upvote={'success': False, 'changed': False, 'state_before': False, 'state_after': False}
[post] success feedId=6a5511ff00000000060207ae
[cdp] phase=post-ok exit=0 feedId=6a5511ff00000000060207ae
[cdp] cmd=--reuse-existing-tab post-comment-to-feed --feed-id 6a5511ff00000000060207ae --xsec-token(46chars) --content(35chars) --also-upvote
[cdp]   [cdp_publish] Login cache: enabled (ttl=12h).
[cdp]   [cdp_publish] Tab selection mode: prefer reusing existing tab.
[cdp]   [cdp_publish] Reusing existing tab to reduce focus switching: https://www.xiaohongshu.com/explore/6a5511ff00000000060207ae?xsec_token=ABbzMaJJUEmGCF_scf3BL952g0MHsryivFr770rKAP-Ig=&xsec_source=pc_feed
[cdp]   [cdp_publish] Connecting to ws://127.0.0.1:9222/devtools/page/91A6DE1619B3FE38ED013E0FCF7FD86A
[cdp]   [cdp_publish] Connected to Chrome tab.
[cdp]   [cdp_publish] Using cached login status (home, age=48m, ttl=12h).
[cdp]   [cdp_publish] Home login confirmed (cached).
[cdp]   [cdp_publish] Navigating to https://www.xiaohongshu.com/explore/6a5511ff00000000060207ae?xsec_token=ABbzMaJJUEmGCF_scf3BL952g0MHsryivFr770rKAP-Ig=&xsec_source=pc_feed
[cdp]   [cdp_publish] Clicking comment input box at (1061, 1223)...
[cdp]   [cdp_publish] Clicking comment submit button at (1293, 1223)...
[cdp]   [cdp_publish] Comment posted. feed_id=6a5511ff00000000060207ae, length=35
[cdp]   [cdp_publish] Clicking note like in interact bar at (1180, 1223) hint=interact-container .like-wrapper target=SPAN bar=interactions engage-bar top=1211.3333740234375 left=1159.635498046875 viewport={'w': 1517, 'h': 1291}
[cdp]   [cdp_publish] JS click on like-wrapper, class_after=like-wrapper like-active at=(1193.9532089233398, 1223.3333740234375)
[cdp]   [cdp_publish] Warning: note like click did not activate. state_before=False state_after=False likeRoot.class=like-wrapper like-active visual_before={'className': 'like-wrapper like-active', 'ariaPressed': '', 'color': 'rgb(51, 51, 51)', 'svgColor': 'rgb(51, 51, 51)', 'svgHtml': '<span data-v-9403e00c="" class="like-lottie" style="width: 24px; height: 24px;"></span>'} visual_after={'className': 'like-wrapper like-active', 'ariaPressed': '', 'color': 'rgb(51, 51, 51)', 'svgColor': 'rgb(51, 51, 51)', 'svgHtml': '<span data-v-9403e00c="" class="like-lottie" style="width: 24px; height: 24px;"></span>'}
[cdp]   [cdp_publish] Warning: upvote on same page failed. payload={'success': False, 'changed': False, 'state_before': False, 'state_after': False}
[cdp]   POST_COMMENT_RESULT:
[ok] post done (31/83)
[wait] 21s (~0.3min, random 20-30s)
[search-next] keyword=光学解谜 sort=最新 task=36/42 empty_streak=0 seen_feeds=251
[search-wait] 15s before keyword=光学解谜 sort=最新
[cdp] spawn timeout=180s cmd=--reuse-existing-tab search-feeds --keyword 光学解谜 --sort-by 最新 --publish-time 半年内
[cdp] done exit=0 elapsed=7.8s stdout=186492 stderr=0
[cdp] spawn timeout=90s cmd=--reuse-existing-tab get-feed-detail --feed-id 6a54c80b000000000f0300d7 --xsec-token(46chars)
[cdp] done exit=0 elapsed=5.3s stdout=13343 stderr=0
[search-scroll-stop] keyword=光学解谜 sort=最新 usable=1 after scrolls=0 (max=8, skip further scrolls)
[search-filter] keyword=光学解谜 sort=最新 scrolls=0 {'dup_or_empty_id': 1}
[search-hit] keyword=光学解谜 sort=最新 raw=42 skipped=1 feedId=6a54c80b000000000f0300d7 score=12 title=《大侦探福尔摩吃》趣味侦探漫画 → post now
[plan] #32 keyword=光学解谜 title=《大侦探福尔摩吃》趣味侦探漫画 comments=4 age=8d score=12 msg=18/烧脑卡关 match=11
[post] attempt feedId=6a54c80b000000000f0300d7 contentLen=35 also_upvote=1
[cdp] spawn timeout=120s cmd=--reuse-existing-tab post-comment-to-feed --feed-id 6a54c80b000000000f0300d7 --xsec-token(46chars) --content(35chars) --also-upvote
[cdp] done exit=0 elapsed=10.8s stdout=2338 stderr=0
[upvote-warn] feedId=6a54c80b000000000f0300d7 comment ok but like not confirmed upvote={'success': False, 'changed': False, 'state_before': False, 'state_after': False}
[post] success feedId=6a54c80b000000000f0300d7
[cdp] phase=post-ok exit=0 feedId=6a54c80b000000000f0300d7
[cdp] cmd=--reuse-existing-tab post-comment-to-feed --feed-id 6a54c80b000000000f0300d7 --xsec-token(46chars) --content(35chars) --also-upvote
[cdp]   [cdp_publish] Login cache: enabled (ttl=12h).
[cdp]   [cdp_publish] Tab selection mode: prefer reusing existing tab.
[cdp]   [cdp_publish] Reusing existing tab to reduce focus switching: https://www.xiaohongshu.com/explore/6a54c80b000000000f0300d7?xsec_token=ABdaTAdFTlq1Ntqy8uPL7hJTPgCZgxH0hAxgFhvTYVJLY=&xsec_source=pc_feed
[cdp]   [cdp_publish] Connecting to ws://127.0.0.1:9222/devtools/page/91A6DE1619B3FE38ED013E0FCF7FD86A
[cdp]   [cdp_publish] Connected to Chrome tab.
[cdp]   [cdp_publish] Using cached login status (home, age=49m, ttl=12h).
[cdp]   [cdp_publish] Home login confirmed (cached).
[cdp]   [cdp_publish] Navigating to https://www.xiaohongshu.com/explore/6a54c80b000000000f0300d7?xsec_token=ABdaTAdFTlq1Ntqy8uPL7hJTPgCZgxH0hAxgFhvTYVJLY=&xsec_source=pc_feed
[cdp]   [cdp_publish] Clicking comment input box at (1061, 1223)...
[cdp]   [cdp_publish] Clicking comment submit button at (1293, 1223)...
[cdp]   [cdp_publish] Comment posted. feed_id=6a54c80b000000000f0300d7, length=35
[cdp]   [cdp_publish] Clicking note like in interact bar at (1196, 1223) hint=interact-container .like-wrapper target=SPAN bar=interactions engage-bar top=1211.3333740234375 left=1176.0521240234375 viewport={'w': 1517, 'h': 1291}
[cdp]   [cdp_publish] JS click on like-wrapper, class_after=like-wrapper like-active at=(1210.3698348999023, 1223.3333740234375)
[cdp]   [cdp_publish] Warning: note like click did not activate. state_before=False state_after=False likeRoot.class=like-wrapper like-active visual_before={'className': 'like-wrapper like-active', 'ariaPressed': '', 'color': 'rgb(51, 51, 51)', 'svgColor': 'rgb(51, 51, 51)', 'svgHtml': '<span data-v-9403e00c="" class="like-lottie" style="width: 24px; height: 24px;"></span>'} visual_after={'className': 'like-wrapper like-active', 'ariaPressed': '', 'color': 'rgb(51, 51, 51)', 'svgColor': 'rgb(51, 51, 51)', 'svgHtml': '<span data-v-9403e00c="" class="like-lottie" style="width: 24px; height: 24px;"></span>'}
[cdp]   [cdp_publish] Warning: upvote on same page failed. payload={'success': False, 'changed': False, 'state_before': False, 'state_after': False}
[cdp]   POST_COMMENT_RESULT:
[ok] post done (32/83)
[wait] 25s (~0.4min, random 20-30s)
[search-next] keyword=光线迷宫 sort=综合 task=37/42 empty_streak=0 seen_feeds=252
[search-wait] 12s before keyword=光线迷宫 sort=综合
[cdp] spawn timeout=180s cmd=--reuse-existing-tab search-feeds --keyword 光线迷宫 --sort-by 综合 --publish-time 半年内
[cdp] done exit=0 elapsed=7.5s stdout=134225 stderr=0
[cdp] spawn timeout=90s cmd=--reuse-existing-tab get-feed-detail --feed-id 6a13b3fc000000003601fb77 --xsec-token(46chars)
[cdp] done exit=0 elapsed=5.1s stdout=15930 stderr=0
[search-scroll-stop] keyword=光线迷宫 sort=综合 usable=1 after scrolls=0 (max=8, skip further scrolls)
[search-hit] keyword=光线迷宫 sort=综合 raw=42 skipped=0 feedId=6a13b3fc000000003601fb77 score=6 title=理科生的浪漫：用物理反射定律打造弹珠迷宫 → post now
[plan] #33 keyword=光线迷宫 title=理科生的浪漫：用物理反射定律打造弹珠迷宫 comments=2 age=57d score=6 msg=6/推箱子 match=6
[post] attempt feedId=6a13b3fc000000003601fb77 contentLen=50 also_upvote=1
[cdp] spawn timeout=120s cmd=--reuse-existing-tab post-comment-to-feed --feed-id 6a13b3fc000000003601fb77 --xsec-token(46chars) --content(50chars) --also-upvote
[cdp] done exit=0 elapsed=11.3s stdout=2337 stderr=0
[upvote-warn] feedId=6a13b3fc000000003601fb77 comment ok but like not confirmed upvote={'success': False, 'changed': False, 'state_before': False, 'state_after': False}
[post] success feedId=6a13b3fc000000003601fb77
[cdp] phase=post-ok exit=0 feedId=6a13b3fc000000003601fb77
[cdp] cmd=--reuse-existing-tab post-comment-to-feed --feed-id 6a13b3fc000000003601fb77 --xsec-token(46chars) --content(50chars) --also-upvote
[cdp]   [cdp_publish] Login cache: enabled (ttl=12h).
[cdp]   [cdp_publish] Tab selection mode: prefer reusing existing tab.
[cdp]   [cdp_publish] Reusing existing tab to reduce focus switching: https://www.xiaohongshu.com/explore/6a13b3fc000000003601fb77?xsec_token=AB4d_SbURTKzR3O0Txf1A73TAwbJzdaJAwQgo1-2Up1oY=&xsec_source=pc_feed
[cdp]   [cdp_publish] Connecting to ws://127.0.0.1:9222/devtools/page/91A6DE1619B3FE38ED013E0FCF7FD86A
[cdp]   [cdp_publish] Connected to Chrome tab.
[cdp]   [cdp_publish] Using cached login status (home, age=50m, ttl=12h).
[cdp]   [cdp_publish] Home login confirmed (cached).
[cdp]   [cdp_publish] Navigating to https://www.xiaohongshu.com/explore/6a13b3fc000000003601fb77?xsec_token=AB4d_SbURTKzR3O0Txf1A73TAwbJzdaJAwQgo1-2Up1oY=&xsec_source=pc_feed
[cdp]   [cdp_publish] Clicking comment input box at (1061, 1223)...
[cdp]   [cdp_publish] Clicking comment submit button at (1293, 1223)...
[cdp]   [cdp_publish] Comment posted. feed_id=6a13b3fc000000003601fb77, length=50
[cdp]   [cdp_publish] Clicking note like in interact bar at (1204, 1223) hint=interact-container .like-wrapper target=SPAN bar=interactions engage-bar top=1211.3333740234375 left=1184.260498046875 viewport={'w': 1517, 'h': 1291}
[cdp]   [cdp_publish] JS click on like-wrapper, class_after=like-wrapper like-active at=(1214.4740409851074, 1223.3333740234375)
[cdp]   [cdp_publish] Warning: note like click did not activate. state_before=False state_after=False likeRoot.class=like-wrapper like-active visual_before={'className': 'like-wrapper like-active', 'ariaPressed': '', 'color': 'rgb(51, 51, 51)', 'svgColor': 'rgb(51, 51, 51)', 'svgHtml': '<span data-v-9403e00c="" class="like-lottie" style="width: 24px; height: 24px;"></span>'} visual_after={'className': 'like-wrapper like-active', 'ariaPressed': '', 'color': 'rgb(51, 51, 51)', 'svgColor': 'rgb(51, 51, 51)', 'svgHtml': '<span data-v-9403e00c="" class="like-lottie" style="width: 24px; height: 24px;"></span>'}
[cdp]   [cdp_publish] Warning: upvote on same page failed. payload={'success': False, 'changed': False, 'state_before': False, 'state_after': False}
[cdp]   POST_COMMENT_RESULT:
[ok] post done (33/83)
[wait] 24s (~0.4min, random 20-30s)
[search-next] keyword=光线迷宫 sort=最新 task=38/42 empty_streak=0 seen_feeds=253
[search-wait] 12s before keyword=光线迷宫 sort=最新
[cdp] spawn timeout=180s cmd=--reuse-existing-tab search-feeds --keyword 光线迷宫 --sort-by 最新 --publish-time 半年内
[cdp] done exit=0 elapsed=7.4s stdout=141772 stderr=0
[cdp] spawn timeout=90s cmd=--reuse-existing-tab get-feed-detail --feed-id 6a5b19510000000011017c0c --xsec-token(46chars)
[cdp] done exit=0 elapsed=5.8s stdout=15015 stderr=0
[search-scroll-stop] keyword=光线迷宫 sort=最新 usable=1 after scrolls=0 (max=8, skip further scrolls)
[search-hit] keyword=光线迷宫 sort=最新 raw=42 skipped=0 feedId=6a5b19510000000011017c0c score=2 title=必打卡！超好玩的光影镜子迷宫 → post now
[plan] #34 keyword=光线迷宫 title=必打卡！超好玩的光影镜子迷宫 comments=1 age=1d score=2 msg=18/烧脑卡关 match=5
[post] attempt feedId=6a5b19510000000011017c0c contentLen=35 also_upvote=1
[cdp] spawn timeout=120s cmd=--reuse-existing-tab post-comment-to-feed --feed-id 6a5b19510000000011017c0c --xsec-token(46chars) --content(35chars) --also-upvote
[cdp] done exit=0 elapsed=11.0s stdout=2337 stderr=0
[upvote-warn] feedId=6a5b19510000000011017c0c comment ok but like not confirmed upvote={'success': False, 'changed': False, 'state_before': False, 'state_after': False}
[post] success feedId=6a5b19510000000011017c0c
[cdp] phase=post-ok exit=0 feedId=6a5b19510000000011017c0c
[cdp] cmd=--reuse-existing-tab post-comment-to-feed --feed-id 6a5b19510000000011017c0c --xsec-token(46chars) --content(35chars) --also-upvote
[cdp]   [cdp_publish] Login cache: enabled (ttl=12h).
[cdp]   [cdp_publish] Tab selection mode: prefer reusing existing tab.
[cdp]   [cdp_publish] Reusing existing tab to reduce focus switching: https://www.xiaohongshu.com/explore/6a5b19510000000011017c0c?xsec_token=ABup-K8v_w6m7Tz0ubbcMPw27VITiBNC55K1wwxwNl-PQ=&xsec_source=pc_feed
[cdp]   [cdp_publish] Connecting to ws://127.0.0.1:9222/devtools/page/91A6DE1619B3FE38ED013E0FCF7FD86A
[cdp]   [cdp_publish] Connected to Chrome tab.
[cdp]   [cdp_publish] Using cached login status (home, age=51m, ttl=12h).
[cdp]   [cdp_publish] Home login confirmed (cached).
[cdp]   [cdp_publish] Navigating to https://www.xiaohongshu.com/explore/6a5b19510000000011017c0c?xsec_token=ABup-K8v_w6m7Tz0ubbcMPw27VITiBNC55K1wwxwNl-PQ=&xsec_source=pc_feed
[cdp]   [cdp_publish] Clicking comment input box at (1061, 1223)...
[cdp]   [cdp_publish] Clicking comment submit button at (1293, 1223)...
[cdp]   [cdp_publish] Comment posted. feed_id=6a5b19510000000011017c0c, length=35
[cdp]   [cdp_publish] Clicking note like in interact bar at (1204, 1223) hint=interact-container .like-wrapper target=SPAN bar=interactions engage-bar top=1211.3333740234375 left=1184.260498046875 viewport={'w': 1517, 'h': 1291}
[cdp]   [cdp_publish] JS click on like-wrapper, class_after=like-wrapper like-active at=(1214.4740409851074, 1223.3333740234375)
[cdp]   [cdp_publish] Warning: note like click did not activate. state_before=False state_after=False likeRoot.class=like-wrapper like-active visual_before={'className': 'like-wrapper like-active', 'ariaPressed': '', 'color': 'rgb(51, 51, 51)', 'svgColor': 'rgb(51, 51, 51)', 'svgHtml': '<span data-v-9403e00c="" class="like-lottie" style="width: 24px; height: 24px;"></span>'} visual_after={'className': 'like-wrapper like-active', 'ariaPressed': '', 'color': 'rgb(51, 51, 51)', 'svgColor': 'rgb(51, 51, 51)', 'svgHtml': '<span data-v-9403e00c="" class="like-lottie" style="width: 24px; height: 24px;"></span>'}
[cdp]   [cdp_publish] Warning: upvote on same page failed. payload={'success': False, 'changed': False, 'state_before': False, 'state_after': False}
[cdp]   POST_COMMENT_RESULT:
[ok] post done (34/83)
[wait] 24s (~0.4min, random 20-30s)
[search-next] keyword=微信游戏推荐 sort=综合 task=39/42 empty_streak=0 seen_feeds=254
[search-wait] 15s before keyword=微信游戏推荐 sort=综合
[cdp] spawn timeout=180s cmd=--reuse-existing-tab search-feeds --keyword 微信游戏推荐 --sort-by 综合 --publish-time 半年内
[cdp] done exit=0 elapsed=8.6s stdout=126698 stderr=0
[cdp] spawn timeout=90s cmd=--reuse-existing-tab get-feed-detail --feed-id 6a216d4d00000000070296bb --xsec-token(46chars)
[cdp] done exit=0 elapsed=4.9s stdout=39941 stderr=0
[search-scroll-stop] keyword=微信游戏推荐 sort=综合 usable=1 after scrolls=0 (max=8, skip further scrolls)
[search-filter] keyword=微信游戏推荐 sort=综合 scrolls=0 {'dup_or_empty_id': 6, 'already_commented': 1, 'not_note': 1}
[search-hit] keyword=微信游戏推荐 sort=综合 raw=42 skipped=8 feedId=6a216d4d00000000070296bb score=6 title=摸鱼必玩🐟但这次我真把防沉迷打开了🥹 → post now
[plan] #35 keyword=微信游戏推荐 title=摸鱼必玩🐟但这次我真把防沉迷打开了🥹 comments=71 age=41d score=6 msg=11/微信小游戏 match=15
[post] attempt feedId=6a216d4d00000000070296bb contentLen=42 also_upvote=1
[cdp] spawn timeout=120s cmd=--reuse-existing-tab post-comment-to-feed --feed-id 6a216d4d00000000070296bb --xsec-token(46chars) --content(42chars) --also-upvote
[cdp] done exit=0 elapsed=11.7s stdout=2323 stderr=0
[upvote-warn] feedId=6a216d4d00000000070296bb comment ok but like not confirmed upvote={'success': False, 'changed': False, 'state_before': False, 'state_after': False}
[post] success feedId=6a216d4d00000000070296bb
[cdp] phase=post-ok exit=0 feedId=6a216d4d00000000070296bb
[cdp] cmd=--reuse-existing-tab post-comment-to-feed --feed-id 6a216d4d00000000070296bb --xsec-token(46chars) --content(42chars) --also-upvote
[cdp]   [cdp_publish] Login cache: enabled (ttl=12h).
[cdp]   [cdp_publish] Tab selection mode: prefer reusing existing tab.
[cdp]   [cdp_publish] Reusing existing tab to reduce focus switching: https://www.xiaohongshu.com/explore/6a216d4d00000000070296bb?xsec_token=ABsJ3QlRdRBDthmeWmIUMqna-8QyRdiwnb7KZiTBI5Ytg=&xsec_source=pc_feed
[cdp]   [cdp_publish] Connecting to ws://127.0.0.1:9222/devtools/page/91A6DE1619B3FE38ED013E0FCF7FD86A
[cdp]   [cdp_publish] Connected to Chrome tab.
[cdp]   [cdp_publish] Using cached login status (home, age=52m, ttl=12h).
[cdp]   [cdp_publish] Home login confirmed (cached).
[cdp]   [cdp_publish] Navigating to https://www.xiaohongshu.com/explore/6a216d4d00000000070296bb?xsec_token=ABsJ3QlRdRBDthmeWmIUMqna-8QyRdiwnb7KZiTBI5Ytg=&xsec_source=pc_feed
[cdp]   [cdp_publish] Clicking comment input box at (1061, 1223)...
[cdp]   [cdp_publish] Clicking comment submit button at (1293, 1223)...
[cdp]   [cdp_publish] Comment posted. feed_id=6a216d4d00000000070296bb, length=42
[cdp]   [cdp_publish] Clicking note like in interact bar at (1163, 1223) hint=interact-container .like-wrapper target=SPAN bar=interactions engage-bar top=1211.3333740234375 left=1143.21875 viewport={'w': 1517, 'h': 1291}
[cdp]   [cdp_publish] JS click on like-wrapper, class_after=like-wrapper like-active at=(1181.640625, 1223.3333740234375)
[cdp]   [cdp_publish] Warning: note like click did not activate. state_before=False state_after=False likeRoot.class=like-wrapper like-active visual_before={'className': 'like-wrapper like-active', 'ariaPressed': '', 'color': 'rgb(51, 51, 51)', 'svgColor': 'rgb(51, 51, 51)', 'svgHtml': '<span data-v-9403e00c="" class="like-lottie" style="width: 24px; height: 24px;"></span>'} visual_after={'className': 'like-wrapper like-active', 'ariaPressed': '', 'color': 'rgb(51, 51, 51)', 'svgColor': 'rgb(51, 51, 51)', 'svgHtml': '<span data-v-9403e00c="" class="like-lottie" style="width: 24px; height: 24px;"></span>'}
[cdp]   [cdp_publish] Warning: upvote on same page failed. payload={'success': False, 'changed': False, 'state_before': False, 'state_after': False}
[cdp]   POST_COMMENT_RESULT:
[ok] post done (35/83)
[wait] 28s (~0.5min, random 20-30s)
[search-next] keyword=微信游戏推荐 sort=最新 task=40/42 empty_streak=0 seen_feeds=256
[search-wait] 12s before keyword=微信游戏推荐 sort=最新
[cdp] spawn timeout=180s cmd=--reuse-existing-tab search-feeds --keyword 微信游戏推荐 --sort-by 最新 --publish-time 半年内
[cdp] done exit=0 elapsed=7.5s stdout=135434 stderr=0
[cdp] spawn timeout=90s cmd=--reuse-existing-tab get-feed-detail --feed-id 6a5dc398000000000a039c2a --xsec-token(46chars)
[cdp] done exit=0 elapsed=4.9s stdout=14657 stderr=0
[search-scroll-stop] keyword=微信游戏推荐 sort=最新 usable=1 after scrolls=0 (max=8, skip further scrolls)
[search-filter] keyword=微信游戏推荐 sort=最新 scrolls=0 {'dup_or_empty_id': 3, 'bad_publish_date': 1, 'bad_title': 1, 'already_commented': 1, 'not_note': 1}
[search-hit] keyword=微信游戏推荐 sort=最新 raw=39 skipped=7 feedId=6a5dc398000000000a039c2a score=6 title=详解自己Vibe的第一个微信小游戏 → post now
[plan] #36 keyword=微信游戏推荐 title=详解自己Vibe的第一个微信小游戏 comments=2 age=1d score=6 msg=11/微信小游戏 match=15
[post] attempt feedId=6a5dc398000000000a039c2a contentLen=42 also_upvote=1
[cdp] spawn timeout=120s cmd=--reuse-existing-tab post-comment-to-feed --feed-id 6a5dc398000000000a039c2a --xsec-token(46chars) --content(42chars) --also-upvote
[cdp] done exit=0 elapsed=11.3s stdout=2333 stderr=0
[upvote-warn] feedId=6a5dc398000000000a039c2a comment ok but like not confirmed upvote={'success': False, 'changed': False, 'state_before': False, 'state_after': False}
[post] success feedId=6a5dc398000000000a039c2a
[cdp] phase=post-ok exit=0 feedId=6a5dc398000000000a039c2a
[cdp] cmd=--reuse-existing-tab post-comment-to-feed --feed-id 6a5dc398000000000a039c2a --xsec-token(46chars) --content(42chars) --also-upvote
[cdp]   [cdp_publish] Login cache: enabled (ttl=12h).
[cdp]   [cdp_publish] Tab selection mode: prefer reusing existing tab.
[cdp]   [cdp_publish] Reusing existing tab to reduce focus switching: https://www.xiaohongshu.com/explore/6a5dc398000000000a039c2a?xsec_token=ABgO_RO9hCJQb3LOMcuXbRt7qusztYqgJTQiyTwxFDolY=&xsec_source=pc_feed
[cdp]   [cdp_publish] Connecting to ws://127.0.0.1:9222/devtools/page/91A6DE1619B3FE38ED013E0FCF7FD86A
[cdp]   [cdp_publish] Connected to Chrome tab.
[cdp]   [cdp_publish] Using cached login status (home, age=53m, ttl=12h).
[cdp]   [cdp_publish] Home login confirmed (cached).
[cdp]   [cdp_publish] Navigating to https://www.xiaohongshu.com/explore/6a5dc398000000000a039c2a?xsec_token=ABgO_RO9hCJQb3LOMcuXbRt7qusztYqgJTQiyTwxFDolY=&xsec_source=pc_feed
[cdp]   [cdp_publish] Clicking comment input box at (909, 1223)...
[cdp]   [cdp_publish] Clicking comment submit button at (1142, 1223)...
[cdp]   [cdp_publish] Comment posted. feed_id=6a5dc398000000000a039c2a, length=42
[cdp]   [cdp_publish] Clicking note like in interact bar at (1049, 1223) hint=interact-container .like-wrapper target=SPAN bar=interactions engage-bar top=1211.3333740234375 left=1029.28173828125 viewport={'w': 1517, 'h': 1291}
[cdp]   [cdp_publish] JS click on like-wrapper, class_after=like-wrapper like-active at=(1055.39111328125, 1223.3333740234375)
[cdp]   [cdp_publish] Warning: note like click did not activate. state_before=False state_after=False likeRoot.class=like-wrapper like-active visual_before={'className': 'like-wrapper like-active', 'ariaPressed': '', 'color': 'rgb(51, 51, 51)', 'svgColor': 'rgb(51, 51, 51)', 'svgHtml': '<span data-v-9403e00c="" class="like-lottie" style="width: 24px; height: 24px;"></span>'} visual_after={'className': 'like-wrapper like-active', 'ariaPressed': '', 'color': 'rgb(51, 51, 51)', 'svgColor': 'rgb(51, 51, 51)', 'svgHtml': '<span data-v-9403e00c="" class="like-lottie" style="width: 24px; height: 24px;"></span>'}
[cdp]   [cdp_publish] Warning: upvote on same page failed. payload={'success': False, 'changed': False, 'state_before': False, 'state_after': False}
[cdp]   POST_COMMENT_RESULT:
[ok] post done (36/83)
[wait] 22s (~0.4min, random 20-30s)
[search-next] keyword=小游戏安利 sort=综合 task=41/42 empty_streak=0 seen_feeds=260
[search-wait] 12s before keyword=小游戏安利 sort=综合
[cdp] spawn timeout=180s cmd=--reuse-existing-tab search-feeds --keyword 小游戏安利 --sort-by 综合 --publish-time 半年内
[cdp] done exit=0 elapsed=7.3s stdout=129742 stderr=0
[cdp] spawn timeout=90s cmd=--reuse-existing-tab get-feed-detail --feed-id 6a110ba40000000008003f50 --xsec-token(46chars)
[cdp] done exit=0 elapsed=4.6s stdout=26206 stderr=0
[relevance-skip] feedId=6a110ba40000000008003f50 title=最近真的好沉迷这个游戏 bodyLen=37 score=-2 min=2
[detail-wait] 3.9s before feedId=6a3169050000000011016646
[cdp] spawn timeout=90s cmd=--reuse-existing-tab get-feed-detail --feed-id 6a3169050000000011016646 --xsec-token(46chars)
[cdp] done exit=0 elapsed=4.6s stdout=33297 stderr=0
[search-scroll-stop] keyword=小游戏安利 sort=综合 usable=1 after scrolls=0 (max=8, skip further scrolls)
[search-filter] keyword=小游戏安利 sort=综合 scrolls=0 {'dup_or_empty_id': 24, 'already_commented': 1, 'not_note': 2, 'bad_publish_date': 2, 'low_relevance': 1}
[search-hit] keyword=小游戏安利 sort=综合 raw=42 skipped=30 feedId=6a3169050000000011016646 score=4 title=有人懂这个游戏吗…… → post now
[plan] #37 keyword=小游戏安利 title=有人懂这个游戏吗…… comments=80 age=35d score=4 msg=14/微信小游戏 match=8
[post] attempt feedId=6a3169050000000011016646 contentLen=43 also_upvote=1
[cdp] spawn timeout=120s cmd=--reuse-existing-tab post-comment-to-feed --feed-id 6a3169050000000011016646 --xsec-token(46chars) --content(43chars) --also-upvote
[cdp] done exit=0 elapsed=11.7s stdout=2336 stderr=0
[upvote-warn] feedId=6a3169050000000011016646 comment ok but like not confirmed upvote={'success': False, 'changed': False, 'state_before': False, 'state_after': False}
[post] success feedId=6a3169050000000011016646
[cdp] phase=post-ok exit=0 feedId=6a3169050000000011016646
[cdp] cmd=--reuse-existing-tab post-comment-to-feed --feed-id 6a3169050000000011016646 --xsec-token(46chars) --content(43chars) --also-upvote
[cdp]   [cdp_publish] Login cache: enabled (ttl=12h).
[cdp]   [cdp_publish] Tab selection mode: prefer reusing existing tab.
[cdp]   [cdp_publish] Reusing existing tab to reduce focus switching: https://www.xiaohongshu.com/explore/6a3169050000000011016646?xsec_token=ABCaxU1sSnfP_J32dTQ_uaFr3bCeVPMwQSfGQwVvfJLwI=&xsec_source=pc_feed
[cdp]   [cdp_publish] Connecting to ws://127.0.0.1:9222/devtools/page/91A6DE1619B3FE38ED013E0FCF7FD86A
[cdp]   [cdp_publish] Connected to Chrome tab.
[cdp]   [cdp_publish] Using cached login status (home, age=54m, ttl=12h).
[cdp]   [cdp_publish] Home login confirmed (cached).
[cdp]   [cdp_publish] Navigating to https://www.xiaohongshu.com/explore/6a3169050000000011016646?xsec_token=ABCaxU1sSnfP_J32dTQ_uaFr3bCeVPMwQSfGQwVvfJLwI=&xsec_source=pc_feed
[cdp]   [cdp_publish] Clicking comment input box at (909, 1223)...
[cdp]   [cdp_publish] Clicking comment submit button at (1142, 1223)...
[cdp]   [cdp_publish] Comment posted. feed_id=6a3169050000000011016646, length=43
[cdp]   [cdp_publish] Clicking note like in interact bar at (1044, 1223) hint=interact-container .like-wrapper target=SPAN bar=interactions engage-bar top=1211.3333740234375 left=1024.4459228515625 viewport={'w': 1517, 'h': 1291}
[cdp]   [cdp_publish] JS click on like-wrapper, class_after=like-wrapper like-active at=(1054.659465789795, 1223.3333740234375)
[cdp]   [cdp_publish] Warning: note like click did not activate. state_before=False state_after=False likeRoot.class=like-wrapper like-active visual_before={'className': 'like-wrapper like-active', 'ariaPressed': '', 'color': 'rgb(51, 51, 51)', 'svgColor': 'rgb(51, 51, 51)', 'svgHtml': '<span data-v-9403e00c="" class="like-lottie" style="width: 24px; height: 24px;"></span>'} visual_after={'className': 'like-wrapper like-active', 'ariaPressed': '', 'color': 'rgb(51, 51, 51)', 'svgColor': 'rgb(51, 51, 51)', 'svgHtml': '<span data-v-9403e00c="" class="like-lottie" style="width: 24px; height: 24px;"></span>'}
[cdp]   [cdp_publish] Warning: upvote on same page failed. payload={'success': False, 'changed': False, 'state_before': False, 'state_after': False}
[cdp]   POST_COMMENT_RESULT:
[ok] post done (37/83)
[wait] 24s (~0.4min, random 20-30s)
[search-next] keyword=小游戏安利 sort=最新 task=42/42 empty_streak=0 seen_feeds=265
[search-wait] 14s before keyword=小游戏安利 sort=最新
[cdp] spawn timeout=180s cmd=--reuse-existing-tab search-feeds --keyword 小游戏安利 --sort-by 最新 --publish-time 半年内
[cdp] done exit=0 elapsed=9.0s stdout=122517 stderr=0
[cdp] spawn timeout=90s cmd=--reuse-existing-tab get-feed-detail --feed-id 6a5e09700000000006013bb7 --xsec-token(46chars)
[cdp] done exit=0 elapsed=5.6s stdout=9277 stderr=0
[search-scroll-stop] keyword=小游戏安利 sort=最新 usable=1 after scrolls=0 (max=8, skip further scrolls)
[search-filter] keyword=小游戏安利 sort=最新 scrolls=0 {'bad_publish_date': 3, 'bad_title': 2, 'dup_or_empty_id': 5, 'not_note': 1}
[search-hit] keyword=小游戏安利 sort=最新 raw=42 skipped=11 feedId=6a5e09700000000006013bb7 score=4 title=𝟑𝟔款🏪模拟经营类游戏 → post now
[plan] #38 keyword=小游戏安利 title=𝟑𝟔款🏪模拟经营类游戏 comments=0 age=1d score=4 msg=1/求推荐 match=8
[post] attempt feedId=6a5e09700000000006013bb7 contentLen=55 also_upvote=1
[cdp] spawn timeout=120s cmd=--reuse-existing-tab post-comment-to-feed --feed-id 6a5e09700000000006013bb7 --xsec-token(46chars) --content(55chars) --also-upvote
[cdp] done exit=0 elapsed=11.6s stdout=2338 stderr=0
[upvote-warn] feedId=6a5e09700000000006013bb7 comment ok but like not confirmed upvote={'success': False, 'changed': False, 'state_before': False, 'state_after': False}
[post] success feedId=6a5e09700000000006013bb7
[cdp] phase=post-ok exit=0 feedId=6a5e09700000000006013bb7
[cdp] cmd=--reuse-existing-tab post-comment-to-feed --feed-id 6a5e09700000000006013bb7 --xsec-token(46chars) --content(55chars) --also-upvote
[cdp]   [cdp_publish] Login cache: enabled (ttl=12h).
[cdp]   [cdp_publish] Tab selection mode: prefer reusing existing tab.
[cdp]   [cdp_publish] Reusing existing tab to reduce focus switching: https://www.xiaohongshu.com/explore/6a5e09700000000006013bb7?xsec_token=ABzSx9hXhrOzrb6AcgKGBZvRHBQaSXgNuqUX9qRudfC70=&xsec_source=pc_feed
[cdp]   [cdp_publish] Connecting to ws://127.0.0.1:9222/devtools/page/91A6DE1619B3FE38ED013E0FCF7FD86A
[cdp]   [cdp_publish] Connected to Chrome tab.
[cdp]   [cdp_publish] Using cached login status (home, age=55m, ttl=12h).
[cdp]   [cdp_publish] Home login confirmed (cached).
[cdp]   [cdp_publish] Navigating to https://www.xiaohongshu.com/explore/6a5e09700000000006013bb7?xsec_token=ABzSx9hXhrOzrb6AcgKGBZvRHBQaSXgNuqUX9qRudfC70=&xsec_source=pc_feed
[cdp]   [cdp_publish] Clicking comment input box at (1061, 1223)...
[cdp]   [cdp_publish] Clicking comment submit button at (1293, 1223)...
[cdp]   [cdp_publish] Comment posted. feed_id=6a5e09700000000006013bb7, length=55
[cdp]   [cdp_publish] Clicking note like in interact bar at (1201, 1223) hint=interact-container .like-wrapper target=SPAN bar=interactions engage-bar top=1211.3333740234375 left=1180.8958740234375 viewport={'w': 1517, 'h': 1291}
[cdp]   [cdp_publish] JS click on like-wrapper, class_after=like-wrapper like-active at=(1207.0052490234375, 1223.3333740234375)
[cdp]   [cdp_publish] Warning: note like click did not activate. state_before=False state_after=False likeRoot.class=like-wrapper like-active visual_before={'className': 'like-wrapper like-active', 'ariaPressed': '', 'color': 'rgb(51, 51, 51)', 'svgColor': 'rgb(51, 51, 51)', 'svgHtml': '<span data-v-9403e00c="" class="like-lottie" style="width: 24px; height: 24px;"></span>'} visual_after={'className': 'like-wrapper like-active', 'ariaPressed': '', 'color': 'rgb(51, 51, 51)', 'svgColor': 'rgb(51, 51, 51)', 'svgHtml': '<span data-v-9403e00c="" class="like-lottie" style="width: 24px; height: 24px;"></span>'}
[cdp]   [cdp_publish] Warning: upvote on same page failed. payload={'success': False, 'changed': False, 'state_before': False, 'state_after': False}
[cdp]   POST_COMMENT_RESULT:
[ok] post done (38/83)
[wait] 21s (~0.3min, random 20-30s)
[search-next] keyword=益智小游戏 sort=综合 task=43/42 empty_streak=0 seen_feeds=271
[search-wait] 8s before keyword=益智小游戏 sort=综合
[cdp] spawn timeout=180s cmd=--reuse-existing-tab search-feeds --keyword 益智小游戏 --sort-by 综合 --publish-time 半年内
[cdp] done exit=0 elapsed=8.1s stdout=138303 stderr=0
[search-scroll-next] keyword=益智小游戏 sort=综合 raw=42 usable=0 scroll once (1/8)
[cdp] spawn timeout=180s cmd=--reuse-existing-tab search-feeds-scroll
[cdp] done exit=0 elapsed=1.2s stdout=218346 stderr=0
[cdp] spawn timeout=90s cmd=--reuse-existing-tab get-feed-detail --feed-id 6a4774d900000000070252b4 --xsec-token(46chars)
[cdp] done exit=0 elapsed=5.4s stdout=17098 stderr=0
[relevance-skip] feedId=6a4774d900000000070252b4 title=记忆力大挑战来啦！ bodyLen=142 score=-2 min=2
[detail-wait] 2.9s before feedId=6a3cdc10000000001102fdb1
[cdp] spawn timeout=90s cmd=--reuse-existing-tab get-feed-detail --feed-id 6a3cdc10000000001102fdb1 --xsec-token(46chars)
[cdp] done exit=0 elapsed=5.8s stdout=23750 stderr=0
[search-scroll-stop] keyword=益智小游戏 sort=综合 usable=1 after scrolls=1 (max=8, skip further scrolls)
[search-filter] keyword=益智小游戏 sort=综合 scrolls=1 {'dup_or_empty_id': 94, 'not_note': 8, 'already_commented': 1, 'low_relevance': 1}
[search-hit] keyword=益智小游戏 sort=综合 raw=66 skipped=104 feedId=6a3cdc10000000001102fdb1 score=10 title=🎮｜爽玩！不用下载的5款治愈小游戏 → post now
[plan] #39 keyword=益智小游戏 title=🎮｜爽玩！不用下载的5款治愈小游戏 comments=2 age=26d score=10 msg=11/微信小游戏 match=15
[post] attempt feedId=6a3cdc10000000001102fdb1 contentLen=42 also_upvote=1
[cdp] spawn timeout=120s cmd=--reuse-existing-tab post-comment-to-feed --feed-id 6a3cdc10000000001102fdb1 --xsec-token(46chars) --content(42chars) --also-upvote
[cdp] done exit=0 elapsed=11.6s stdout=2336 stderr=0
[upvote-warn] feedId=6a3cdc10000000001102fdb1 comment ok but like not confirmed upvote={'success': False, 'changed': False, 'state_before': False, 'state_after': False}
[post] success feedId=6a3cdc10000000001102fdb1
[cdp] phase=post-ok exit=0 feedId=6a3cdc10000000001102fdb1
[cdp] cmd=--reuse-existing-tab post-comment-to-feed --feed-id 6a3cdc10000000001102fdb1 --xsec-token(46chars) --content(42chars) --also-upvote
[cdp]   [cdp_publish] Login cache: enabled (ttl=12h).
[cdp]   [cdp_publish] Tab selection mode: prefer reusing existing tab.
[cdp]   [cdp_publish] Reusing existing tab to reduce focus switching: https://www.xiaohongshu.com/explore/6a3cdc10000000001102fdb1?xsec_token=AB9LK_DrnQ6LpFqU2aksnGgyrkphl9iomtrDFJmC4hexE=&xsec_source=pc_feed
[cdp]   [cdp_publish] Connecting to ws://127.0.0.1:9222/devtools/page/91A6DE1619B3FE38ED013E0FCF7FD86A
[cdp]   [cdp_publish] Connected to Chrome tab.
[cdp]   [cdp_publish] Using cached login status (home, age=56m, ttl=12h).
[cdp]   [cdp_publish] Home login confirmed (cached).
[cdp]   [cdp_publish] Navigating to https://www.xiaohongshu.com/explore/6a3cdc10000000001102fdb1?xsec_token=AB9LK_DrnQ6LpFqU2aksnGgyrkphl9iomtrDFJmC4hexE=&xsec_source=pc_feed
[cdp]   [cdp_publish] Clicking comment input box at (971, 1223)...
[cdp]   [cdp_publish] Clicking comment submit button at (1203, 1223)...
[cdp]   [cdp_publish] Comment posted. feed_id=6a3cdc10000000001102fdb1, length=42
[cdp]   [cdp_publish] Clicking note like in interact bar at (1114, 1223) hint=interact-container .like-wrapper target=SPAN bar=interactions engage-bar top=1211.3333740234375 left=1094.159423828125 viewport={'w': 1517, 'h': 1291}
[cdp]   [cdp_publish] JS click on like-wrapper, class_after=like-wrapper like-active at=(1124.3729667663574, 1223.3333740234375)
[cdp]   [cdp_publish] Warning: note like click did not activate. state_before=False state_after=False likeRoot.class=like-wrapper like-active visual_before={'className': 'like-wrapper like-active', 'ariaPressed': '', 'color': 'rgb(51, 51, 51)', 'svgColor': 'rgb(51, 51, 51)', 'svgHtml': '<span data-v-9403e00c="" class="like-lottie" style="width: 24px; height: 24px;"></span>'} visual_after={'className': 'like-wrapper like-active', 'ariaPressed': '', 'color': 'rgb(51, 51, 51)', 'svgColor': 'rgb(51, 51, 51)', 'svgHtml': '<span data-v-9403e00c="" class="like-lottie" style="width: 24px; height: 24px;"></span>'}
[cdp]   [cdp_publish] Warning: upvote on same page failed. payload={'success': False, 'changed': False, 'state_before': False, 'state_after': False}
[cdp]   POST_COMMENT_RESULT:
[ok] post done (39/83)
[wait] 22s (~0.4min, random 20-30s)
[search-next] keyword=益智小游戏 sort=最新 task=44/42 empty_streak=0 seen_feeds=274
[search-wait] 5s before keyword=益智小游戏 sort=最新
[cdp] spawn timeout=180s cmd=--reuse-existing-tab search-feeds --keyword 益智小游戏 --sort-by 最新 --publish-time 半年内
[cdp] done exit=0 elapsed=8.3s stdout=139896 stderr=0
[cdp] spawn timeout=90s cmd=--reuse-existing-tab get-feed-detail --feed-id 6a5cc4bd000000000f008e32 --xsec-token(46chars)
[cdp] done exit=0 elapsed=5.8s stdout=11221 stderr=0
[search-scroll-stop] keyword=益智小游戏 sort=最新 usable=1 after scrolls=0 (max=8, skip further scrolls)
[search-filter] keyword=益智小游戏 sort=最新 scrolls=0 {'dup_or_empty_id': 2}
[search-hit] keyword=益智小游戏 sort=最新 raw=40 skipped=2 feedId=6a5cc4bd000000000f008e32 score=4 title=孩子坐不住？8 个小游戏提升专注力！ → post now
[plan] #40 keyword=益智小游戏 title=孩子坐不住？8 个小游戏提升专注力！ comments=0 age=2d score=4 msg=16/烧脑卡关 match=8
[post] attempt feedId=6a5cc4bd000000000f008e32 contentLen=41 also_upvote=1
[cdp] spawn timeout=120s cmd=--reuse-existing-tab post-comment-to-feed --feed-id 6a5cc4bd000000000f008e32 --xsec-token(46chars) --content(41chars) --also-upvote
[cdp] done exit=0 elapsed=10.5s stdout=2338 stderr=0
[upvote-warn] feedId=6a5cc4bd000000000f008e32 comment ok but like not confirmed upvote={'success': False, 'changed': False, 'state_before': False, 'state_after': False}
[post] success feedId=6a5cc4bd000000000f008e32
[cdp] phase=post-ok exit=0 feedId=6a5cc4bd000000000f008e32
[cdp] cmd=--reuse-existing-tab post-comment-to-feed --feed-id 6a5cc4bd000000000f008e32 --xsec-token(46chars) --content(41chars) --also-upvote
[cdp]   [cdp_publish] Login cache: enabled (ttl=12h).
[cdp]   [cdp_publish] Tab selection mode: prefer reusing existing tab.
[cdp]   [cdp_publish] Reusing existing tab to reduce focus switching: https://www.xiaohongshu.com/explore/6a5cc4bd000000000f008e32?xsec_token=AB9y01YmFAJVI_BJZFyn1HeQeLwhNNKiyGzkwUi7vikTY=&xsec_source=pc_feed
[cdp]   [cdp_publish] Connecting to ws://127.0.0.1:9222/devtools/page/91A6DE1619B3FE38ED013E0FCF7FD86A
[cdp]   [cdp_publish] Connected to Chrome tab.
[cdp]   [cdp_publish] Using cached login status (home, age=57m, ttl=12h).
[cdp]   [cdp_publish] Home login confirmed (cached).
[cdp]   [cdp_publish] Navigating to https://www.xiaohongshu.com/explore/6a5cc4bd000000000f008e32?xsec_token=AB9y01YmFAJVI_BJZFyn1HeQeLwhNNKiyGzkwUi7vikTY=&xsec_source=pc_feed
[cdp]   [cdp_publish] Clicking comment input box at (1061, 1223)...
[cdp]   [cdp_publish] Clicking comment submit button at (1293, 1223)...
[cdp]   [cdp_publish] Comment posted. feed_id=6a5cc4bd000000000f008e32, length=41
[cdp]   [cdp_publish] Clicking note like in interact bar at (1201, 1223) hint=interact-container .like-wrapper target=SPAN bar=interactions engage-bar top=1211.3333740234375 left=1180.8958740234375 viewport={'w': 1517, 'h': 1291}
[cdp]   [cdp_publish] JS click on like-wrapper, class_after=like-wrapper like-active at=(1207.0052490234375, 1223.3333740234375)
[cdp]   [cdp_publish] Warning: note like click did not activate. state_before=False state_after=False likeRoot.class=like-wrapper like-active visual_before={'className': 'like-wrapper like-active', 'ariaPressed': '', 'color': 'rgb(51, 51, 51)', 'svgColor': 'rgb(51, 51, 51)', 'svgHtml': '<span data-v-9403e00c="" class="like-lottie" style="width: 24px; height: 24px;"></span>'} visual_after={'className': 'like-wrapper like-active', 'ariaPressed': '', 'color': 'rgb(51, 51, 51)', 'svgColor': 'rgb(51, 51, 51)', 'svgHtml': '<span data-v-9403e00c="" class="like-lottie" style="width: 24px; height: 24px;"></span>'}
[cdp]   [cdp_publish] Warning: upvote on same page failed. payload={'success': False, 'changed': False, 'state_before': False, 'state_after': False}
[cdp]   POST_COMMENT_RESULT:
[ok] post done (40/83)
[wait] 29s (~0.5min, random 20-30s)
[search-next] keyword=烧脑小游戏 sort=综合 task=45/42 empty_streak=0 seen_feeds=275
[search-wait] 5s before keyword=烧脑小游戏 sort=综合
[cdp] spawn timeout=180s cmd=--reuse-existing-tab search-feeds --keyword 烧脑小游戏 --sort-by 综合 --publish-time 半年内
[cdp] done exit=0 elapsed=7.8s stdout=134120 stderr=0
[search-scroll-next] keyword=烧脑小游戏 sort=综合 raw=42 usable=0 scroll once (1/8)
[cdp] spawn timeout=180s cmd=--reuse-existing-tab search-feeds-scroll
[cdp] done exit=0 elapsed=1.6s stdout=211339 stderr=0
[cdp] spawn timeout=90s cmd=--reuse-existing-tab get-feed-detail --feed-id 6a19403b00000000080031de --xsec-token(46chars)
[cdp] done exit=0 elapsed=5.1s stdout=35964 stderr=0
[relevance-skip] feedId=6a19403b00000000080031de title=我复刻了《弥留之国的爱丽丝》的《天平》游戏！ bodyLen=910 score=-2 min=2
[search-scroll-next] keyword=烧脑小游戏 sort=综合 raw=66 usable=0 scroll once (2/8)
[cdp] spawn timeout=180s cmd=--reuse-existing-tab search-feeds-scroll
[cdp] done exit=1 elapsed=0.2s stdout=595 stderr=617
[warn] search scroll failed keyword=烧脑小游戏 scrolls=2
[cdp] phase=search-scroll exit=1 keyword=烧脑小游戏 scrolls=2
[cdp] cmd=--reuse-existing-tab search-feeds-scroll
[cdp]   [cdp_publish] Timing jitter ratio: 0.25
[cdp]   [cdp_publish] Login cache: enabled (ttl=12h).
[cdp]   [cdp_publish] Tab selection mode: prefer reusing existing tab.
[cdp]   [cdp_publish] Reusing existing tab to reduce focus switching: https://www.xiaohongshu.com/explore/6a19403b00000000080031de?xsec_token=ABkMw-oncjHcUm9EyAr7aNd-hS3vst94ZXpiWzODMdNlI=&xsec_source=pc_feed
[cdp]   [cdp_publish] Connecting to ws://127.0.0.1:9222/devtools/page/91A6DE1619B3FE38ED013E0FCF7FD86A
[cdp]   [cdp_publish] Connected to Chrome tab.
[cdp]   [cdp_publish] Using cached login status (home, age=58m, ttl=12h).
[cdp]   [cdp_publish] Home login confirmed (cached).
[cdp]   Traceback (most recent call last):
[cdp]   raise CDPError(
[cdp]   __main__.CDPError: Current tab is not a search results page: https://www.xiaohongshu.com/explore/6a19403b00000000080031de?xsec_token=ABkMw-oncjHcUm9EyAr7aNd-hS3vst94ZXpiWzODMdNlI=&x
[search-filter] keyword=烧脑小游戏 sort=综合 scrolls=1(exhausted max=8) {'dup_or_empty_id': 97, 'not_note': 8, 'too_old': 1, 'already_commented': 1, 'low_relevance': 1}
[search] keyword=烧脑小游戏 sort=综合 raw=66 skipped=108 hit=0 rate_limited=False
[search-next] keyword=烧脑小游戏 sort=最新 task=46/42 empty_streak=1 seen_feeds=278
[search-wait] 5s before keyword=烧脑小游戏 sort=最新
[cdp] spawn timeout=180s cmd=--reuse-existing-tab search-feeds --keyword 烧脑小游戏 --sort-by 最新 --publish-time 半年内
[cdp] done exit=0 elapsed=7.9s stdout=104339 stderr=0
[cdp] spawn timeout=90s cmd=--reuse-existing-tab get-feed-detail --feed-id 6a5d64820000000005039e5f --xsec-token(46chars)
[cdp] done exit=0 elapsed=6.1s stdout=14720 stderr=0
[search-scroll-stop] keyword=烧脑小游戏 sort=最新 usable=1 after scrolls=0 (max=8, skip further scrolls)
[search-filter] keyword=烧脑小游戏 sort=最新 scrolls=0 {'bad_publish_date': 2, 'dup_or_empty_id': 11, 'not_note': 1}
[search-hit] keyword=烧脑小游戏 sort=最新 raw=40 skipped=14 feedId=6a5d64820000000005039e5f score=14 title=游戏日记·草垛找找·第3关 → post now
[plan] #41 keyword=烧脑小游戏 title=游戏日记·草垛找找·第3关 comments=0 age=1d score=14 msg=1/求推荐 match=7
[post] attempt feedId=6a5d64820000000005039e5f contentLen=55 also_upvote=1
[cdp] spawn timeout=120s cmd=--reuse-existing-tab post-comment-to-feed --feed-id 6a5d64820000000005039e5f --xsec-token(46chars) --content(55chars) --also-upvote
[cdp] done exit=0 elapsed=11.2s stdout=2329 stderr=0
[upvote-warn] feedId=6a5d64820000000005039e5f comment ok but like not confirmed upvote={'success': False, 'changed': False, 'state_before': False, 'state_after': False}
[post] success feedId=6a5d64820000000005039e5f
[cdp] phase=post-ok exit=0 feedId=6a5d64820000000005039e5f
[cdp] cmd=--reuse-existing-tab post-comment-to-feed --feed-id 6a5d64820000000005039e5f --xsec-token(46chars) --content(55chars) --also-upvote
[cdp]   [cdp_publish] Login cache: enabled (ttl=12h).
[cdp]   [cdp_publish] Tab selection mode: prefer reusing existing tab.
[cdp]   [cdp_publish] Reusing existing tab to reduce focus switching: https://www.xiaohongshu.com/explore/6a5d64820000000005039e5f?xsec_token=ABgO_RO9hCJQb3LOMcuXbRtzK73PI4STNG0ui7htQExVA=&xsec_source=pc_feed
[cdp]   [cdp_publish] Connecting to ws://127.0.0.1:9222/devtools/page/91A6DE1619B3FE38ED013E0FCF7FD86A
[cdp]   [cdp_publish] Connected to Chrome tab.
[cdp]   [cdp_publish] Using cached login status (home, age=58m, ttl=12h).
[cdp]   [cdp_publish] Home login confirmed (cached).
[cdp]   [cdp_publish] Navigating to https://www.xiaohongshu.com/explore/6a5d64820000000005039e5f?xsec_token=ABgO_RO9hCJQb3LOMcuXbRtzK73PI4STNG0ui7htQExVA=&xsec_source=pc_feed
[cdp]   [cdp_publish] Clicking comment input box at (910, 1223)...
[cdp]   [cdp_publish] Clicking comment submit button at (1142, 1223)...
[cdp]   [cdp_publish] Comment posted. feed_id=6a5d64820000000005039e5f, length=55
[cdp]   [cdp_publish] Clicking note like in interact bar at (1049, 1223) hint=interact-container .like-wrapper target=SPAN bar=interactions engage-bar top=1211.3333740234375 left=1029.357421875 viewport={'w': 1517, 'h': 1291}
[cdp]   [cdp_publish] JS click on like-wrapper, class_after=like-wrapper like-active at=(1055.466796875, 1223.3333740234375)
[cdp]   [cdp_publish] Warning: note like click did not activate. state_before=False state_after=False likeRoot.class=like-wrapper like-active visual_before={'className': 'like-wrapper like-active', 'ariaPressed': '', 'color': 'rgb(51, 51, 51)', 'svgColor': 'rgb(51, 51, 51)', 'svgHtml': '<span data-v-9403e00c="" class="like-lottie" style="width: 24px; height: 24px;"></span>'} visual_after={'className': 'like-wrapper like-active', 'ariaPressed': '', 'color': 'rgb(51, 51, 51)', 'svgColor': 'rgb(51, 51, 51)', 'svgHtml': '<span data-v-9403e00c="" class="like-lottie" style="width: 24px; height: 24px;"></span>'}
[cdp]   [cdp_publish] Warning: upvote on same page failed. payload={'success': False, 'changed': False, 'state_before': False, 'state_after': False}
[cdp]   POST_COMMENT_RESULT:
[ok] post done (41/83)
[wait] 29s (~0.5min, random 20-30s)
[search-next] keyword=推箱子 sort=综合 task=47/42 empty_streak=0 seen_feeds=281
[search-wait] 11s before keyword=推箱子 sort=综合
[cdp] spawn timeout=180s cmd=--reuse-existing-tab search-feeds --keyword 推箱子 --sort-by 综合 --publish-time 半年内
[cdp] done exit=0 elapsed=8.2s stdout=129689 stderr=0
[cdp] spawn timeout=90s cmd=--reuse-existing-tab get-feed-detail --feed-id 6a50b208000000002100a852 --xsec-token(46chars)
[cdp] done exit=0 elapsed=8.2s stdout=8075 stderr=0
[search-scroll-stop] keyword=推箱子 sort=综合 usable=1 after scrolls=0 (max=8, skip further scrolls)
[search-filter] keyword=推箱子 sort=综合 scrolls=0 {'dup_or_empty_id': 16, 'not_note': 1}
[search-hit] keyword=推箱子 sort=综合 raw=42 skipped=17 feedId=6a50b208000000002100a852 score=2 title=智力考验——推箱子 → post now
[plan] #42 keyword=推箱子 title=智力考验——推箱子 comments=6 age=11d score=2 msg=7/推箱子 match=9
[post] attempt feedId=6a50b208000000002100a852 contentLen=44 also_upvote=1
[cdp] spawn timeout=120s cmd=--reuse-existing-tab post-comment-to-feed --feed-id 6a50b208000000002100a852 --xsec-token(46chars) --content(44chars) --also-upvote
[cdp] done exit=0 elapsed=13.4s stdout=2338 stderr=0
[upvote-warn] feedId=6a50b208000000002100a852 comment ok but like not confirmed upvote={'success': False, 'changed': False, 'state_before': False, 'state_after': False}
[post] success feedId=6a50b208000000002100a852
[cdp] phase=post-ok exit=0 feedId=6a50b208000000002100a852
[cdp] cmd=--reuse-existing-tab post-comment-to-feed --feed-id 6a50b208000000002100a852 --xsec-token(46chars) --content(44chars) --also-upvote
[cdp]   [cdp_publish] Login cache: enabled (ttl=12h).
[cdp]   [cdp_publish] Tab selection mode: prefer reusing existing tab.
[cdp]   [cdp_publish] Reusing existing tab to reduce focus switching: https://www.xiaohongshu.com/explore/6a50b208000000002100a852?xsec_token=ABpbY3fsS5cXlq1r-oxxIIS7UWXcZjOjBI8zn8DsjyZCI=&xsec_source=pc_feed
[cdp]   [cdp_publish] Connecting to ws://127.0.0.1:9222/devtools/page/91A6DE1619B3FE38ED013E0FCF7FD86A
[cdp]   [cdp_publish] Connected to Chrome tab.
[cdp]   [cdp_publish] Using cached login status (home, age=59m, ttl=12h).
[cdp]   [cdp_publish] Home login confirmed (cached).
[cdp]   [cdp_publish] Navigating to https://www.xiaohongshu.com/explore/6a50b208000000002100a852?xsec_token=ABpbY3fsS5cXlq1r-oxxIIS7UWXcZjOjBI8zn8DsjyZCI=&xsec_source=pc_feed
[cdp]   [cdp_publish] Clicking comment input box at (1061, 1223)...
[cdp]   [cdp_publish] Clicking comment submit button at (1293, 1223)...
[cdp]   [cdp_publish] Comment posted. feed_id=6a50b208000000002100a852, length=44
[cdp]   [cdp_publish] Clicking note like in interact bar at (1201, 1223) hint=interact-container .like-wrapper target=SPAN bar=interactions engage-bar top=1211.3333740234375 left=1180.8958740234375 viewport={'w': 1517, 'h': 1291}
[cdp]   [cdp_publish] JS click on like-wrapper, class_after=like-wrapper like-active at=(1207.0052490234375, 1223.3333740234375)
[cdp]   [cdp_publish] Warning: note like click did not activate. state_before=False state_after=False likeRoot.class=like-wrapper like-active visual_before={'className': 'like-wrapper like-active', 'ariaPressed': '', 'color': 'rgb(51, 51, 51)', 'svgColor': 'rgb(51, 51, 51)', 'svgHtml': '<span data-v-9403e00c="" class="like-lottie" style="width: 24px; height: 24px;"></span>'} visual_after={'className': 'like-wrapper like-active', 'ariaPressed': '', 'color': 'rgb(51, 51, 51)', 'svgColor': 'rgb(51, 51, 51)', 'svgHtml': '<span data-v-9403e00c="" class="like-lottie" style="width: 24px; height: 24px;"></span>'}
[cdp]   [cdp_publish] Warning: upvote on same page failed. payload={'success': False, 'changed': False, 'state_before': False, 'state_after': False}
[cdp]   POST_COMMENT_RESULT:
[ok] post done (42/83)
[wait] 28s (~0.5min, random 20-30s)
[search-next] keyword=推箱子 sort=最新 task=48/42 empty_streak=0 seen_feeds=282
[search-wait] 12s before keyword=推箱子 sort=最新
[cdp] spawn timeout=180s cmd=--reuse-existing-tab search-feeds --keyword 推箱子 --sort-by 最新 --publish-time 半年内
[cdp] done exit=0 elapsed=13.3s stdout=113937 stderr=0
[cdp] spawn timeout=90s cmd=--reuse-existing-tab get-feed-detail --feed-id 6a427f190000000016024ba7 --xsec-token(46chars)
[cdp] done exit=0 elapsed=8.6s stdout=12849 stderr=0
[search-scroll-stop] keyword=推箱子 sort=最新 usable=1 after scrolls=0 (max=8, skip further scrolls)
[search-filter] keyword=推箱子 sort=最新 scrolls=0 {'already_commented': 7, 'dup_or_empty_id': 4, 'bad_title': 2, 'not_note': 1}
[search-hit] keyword=推箱子 sort=最新 raw=42 skipped=14 feedId=6a427f190000000016024ba7 score=2 title=【怪兽远征】推个箱子也能有这么大的地图？ → post now
[plan] #43 keyword=推箱子 title=【怪兽远征】推个箱子也能有这么大的地图？ comments=0 age=22d score=2 msg=8/推箱子 match=9
[post] attempt feedId=6a427f190000000016024ba7 contentLen=49 also_upvote=1
[cdp] spawn timeout=120s cmd=--reuse-existing-tab post-comment-to-feed --feed-id 6a427f190000000016024ba7 --xsec-token(46chars) --content(49chars) --also-upvote
[cdp] done exit=0 elapsed=18.6s stdout=1463 stderr=0
[upvote-warn] feedId=6a427f190000000016024ba7 comment ok but like not confirmed upvote={'success': False, 'changed': False, 'state_before': False, 'state_after': False, 'reason': 'interact_bar_not_found'}
[post] success feedId=6a427f190000000016024ba7
[cdp] phase=post-ok exit=0 feedId=6a427f190000000016024ba7
[cdp] cmd=--reuse-existing-tab post-comment-to-feed --feed-id 6a427f190000000016024ba7 --xsec-token(46chars) --content(49chars) --also-upvote
[cdp]   [cdp_publish] Timing jitter ratio: 0.25
[cdp]   [cdp_publish] Login cache: enabled (ttl=12h).
[cdp]   [cdp_publish] Tab selection mode: prefer reusing existing tab.
[cdp]   [cdp_publish] Reusing existing tab to reduce focus switching: https://www.xiaohongshu.com/explore/6a427f190000000016024ba7?xsec_token=ABZQ7O8OkMpkPT19tiz3R8ocY1M6sRAbYzPBVuoO4Ledw=&xsec_source=pc_feed
[cdp]   [cdp_publish] Connecting to ws://127.0.0.1:9222/devtools/page/91A6DE1619B3FE38ED013E0FCF7FD86A
[cdp]   [cdp_publish] Connected to Chrome tab.
[cdp]   [cdp_publish] Using cached login status (home, age=61m, ttl=12h).
[cdp]   [cdp_publish] Home login confirmed (cached).
[cdp]   [cdp_publish] Navigating to https://www.xiaohongshu.com/explore/6a427f190000000016024ba7?xsec_token=ABZQ7O8OkMpkPT19tiz3R8ocY1M6sRAbYzPBVuoO4Ledw=&xsec_source=pc_feed
[cdp]   [cdp_publish] Clicking comment input box at (759, 36)...
[cdp]   [cdp_publish] Clicking comment submit button at (1293, 1279)...
[cdp]   [cdp_publish] Comment posted. feed_id=6a427f190000000016024ba7, length=49
[cdp]   [cdp_publish] Warning: upvote on same page failed. payload={'success': False, 'changed': False, 'state_before': False, 'state_after': False, 'reason': 'interact_bar_not_found'}
[cdp]   POST_COMMENT_RESULT:
[ok] post done (43/83)
[wait] 25s (~0.4min, random 20-30s)
[search-next] keyword=解谜游戏 sort=综合 task=49/42 empty_streak=0 seen_feeds=292
[search-wait] 11s before keyword=解谜游戏 sort=综合
[cdp] spawn timeout=180s cmd=--reuse-existing-tab search-feeds --keyword 解谜游戏 --sort-by 综合 --publish-time 半年内
[cdp] done exit=1 elapsed=24.8s stdout=787 stderr=1189
[warn] search failed keyword=解谜游戏 scrolls=0
[cdp] phase=search exit=1 keyword=解谜游戏
[cdp] cmd=--reuse-existing-tab search-feeds --keyword 解谜游戏 --sort-by 综合 --publish-time 半年内
[cdp]   [cdp_publish] Timing jitter ratio: 0.25
[cdp]   [cdp_publish] Login cache: enabled (ttl=12h).
[cdp]   [cdp_publish] Tab selection mode: prefer reusing existing tab.
[cdp]   [cdp_publish] Reusing existing tab to reduce focus switching: https://www.xiaohongshu.com/explore
[cdp]   [cdp_publish] Connecting to ws://127.0.0.1:9222/devtools/page/91A6DE1619B3FE38ED013E0FCF7FD86A
[cdp]   [cdp_publish] Connected to Chrome tab.
[cdp]   [cdp_publish] Using cached login status (home, age=62m, ttl=12h).
[cdp]   [cdp_publish] Home login confirmed (cached).
[cdp]   [cdp_publish] Direct navigate (single jump): https://www.xiaohongshu.com/search_result?keyword=%E8%A7%A3%E8%B0%9C%E6%B8%B8%E6%88%8F&source=web_explore_feed
[cdp]   [cdp_publish] Navigating to https://www.xiaohongshu.com/search_result?keyword=%E8%A7%A3%E8%B0%9C%E6%B8%B8%E6%88%8F&source=web_explore_feed
[cdp]   Traceback (most recent call last):
[cdp]   raise FeedExplorerError(
[cdp]   feed_explorer.FeedExplorerError: Failed to apply search filter '综合': filter_panel_not_found (hover_attempt=option_not_found)
[cdp]   Traceback (most recent call last):
[cdp]   raise CDPError(str(e)) from e
[cdp]   __main__.CDPError: Failed to apply search filter '综合': filter_panel_not_found (hover_attempt=option_not_found)
[search] keyword=解谜游戏 sort=综合 raw=0 skipped=0 hit=0 rate_limited=False
[search-next] keyword=解谜游戏 sort=最新 task=50/42 empty_streak=1 seen_feeds=292
[search-wait] 6s before keyword=解谜游戏 sort=最新
[cdp] spawn timeout=180s cmd=--reuse-existing-tab search-feeds --keyword 解谜游戏 --sort-by 最新 --publish-time 半年内
[cdp] done exit=1 elapsed=8.1s stdout=661 stderr=1189
[warn] search failed keyword=解谜游戏 scrolls=0
[cdp] phase=search exit=1 keyword=解谜游戏
[cdp] cmd=--reuse-existing-tab search-feeds --keyword 解谜游戏 --sort-by 最新 --publish-time 半年内
[cdp]   [cdp_publish] Timing jitter ratio: 0.25
[cdp]   [cdp_publish] Login cache: enabled (ttl=12h).
[cdp]   [cdp_publish] Tab selection mode: prefer reusing existing tab.
[cdp]   [cdp_publish] Reusing existing tab to reduce focus switching: https://www.xiaohongshu.com/search_result/?keyword=%E8%A7%A3%E8%B0%9C%E6%B8%B8%E6%88%8F&source=web_explore_feed&type=51
[cdp]   [cdp_publish] Connecting to ws://127.0.0.1:9222/devtools/page/91A6DE1619B3FE38ED013E0FCF7FD86A
[cdp]   [cdp_publish] Connected to Chrome tab.
[cdp]   [cdp_publish] Using cached login status (home, age=62m, ttl=12h).
[cdp]   [cdp_publish] Home login confirmed (cached).
[cdp]   [cdp_publish] Already on search page for keyword=解谜游戏, skip navigate (0 extra jumps)
[cdp]   Traceback (most recent call last):
[cdp]   raise FeedExplorerError(
[cdp]   feed_explorer.FeedExplorerError: Failed to apply search filter '最新': filter_panel_not_found (hover_attempt=option_not_found)
[cdp]   Traceback (most recent call last):
[cdp]   raise CDPError(str(e)) from e
[cdp]   __main__.CDPError: Failed to apply search filter '最新': filter_panel_not_found (hover_attempt=option_not_found)
[search] keyword=解谜游戏 sort=最新 raw=0 skipped=0 hit=0 rate_limited=False
[search-next] keyword=游戏推荐 sort=综合 task=51/42 empty_streak=2 seen_feeds=292
[search-wait] 7s before keyword=游戏推荐 sort=综合
[cdp] spawn timeout=180s cmd=--reuse-existing-tab search-feeds --keyword 游戏推荐 --sort-by 综合 --publish-time 半年内
[cdp] done exit=1 elapsed=19.2s stdout=871 stderr=1189
[warn] search failed keyword=游戏推荐 scrolls=0
[cdp] phase=search exit=1 keyword=游戏推荐
[cdp] cmd=--reuse-existing-tab search-feeds --keyword 游戏推荐 --sort-by 综合 --publish-time 半年内
[cdp]   [cdp_publish] Timing jitter ratio: 0.25
[cdp]   [cdp_publish] Login cache: enabled (ttl=12h).
[cdp]   [cdp_publish] Tab selection mode: prefer reusing existing tab.
[cdp]   [cdp_publish] Reusing existing tab to reduce focus switching: https://www.xiaohongshu.com/search_result/?keyword=%E8%A7%A3%E8%B0%9C%E6%B8%B8%E6%88%8F&source=web_explore_feed&type=51
[cdp]   [cdp_publish] Connecting to ws://127.0.0.1:9222/devtools/page/91A6DE1619B3FE38ED013E0FCF7FD86A
[cdp]   [cdp_publish] Connected to Chrome tab.
[cdp]   [cdp_publish] Using cached login status (home, age=62m, ttl=12h).
[cdp]   [cdp_publish] Home login confirmed (cached).
[cdp]   [cdp_publish] Direct navigate (single jump): https://www.xiaohongshu.com/search_result?keyword=%E6%B8%B8%E6%88%8F%E6%8E%A8%E8%8D%90&source=web_explore_feed
[cdp]   [cdp_publish] Navigating to https://www.xiaohongshu.com/search_result?keyword=%E6%B8%B8%E6%88%8F%E6%8E%A8%E8%8D%90&source=web_explore_feed
[cdp]   Traceback (most recent call last):
[cdp]   raise FeedExplorerError(
[cdp]   feed_explorer.FeedExplorerError: Failed to apply search filter '综合': filter_panel_not_found (hover_attempt=option_not_found)
[cdp]   Traceback (most recent call last):
[cdp]   raise CDPError(str(e)) from e
[cdp]   __main__.CDPError: Failed to apply search filter '综合': filter_panel_not_found (hover_attempt=option_not_found)
[search] keyword=游戏推荐 sort=综合 raw=0 skipped=0 hit=0 rate_limited=False
[search-next] keyword=游戏推荐 sort=最新 task=52/42 empty_streak=3 seen_feeds=292
[search-wait] 14s before keyword=游戏推荐 sort=最新
[cdp] spawn timeout=180s cmd=--reuse-existing-tab search-feeds --keyword 游戏推荐 --sort-by 最新 --publish-time 半年内
[cdp] done exit=1 elapsed=8.2s stdout=660 stderr=1189
[warn] search failed keyword=游戏推荐 scrolls=0
[cdp] phase=search exit=1 keyword=游戏推荐
[cdp] cmd=--reuse-existing-tab search-feeds --keyword 游戏推荐 --sort-by 最新 --publish-time 半年内
[cdp]   [cdp_publish] Timing jitter ratio: 0.25
[cdp]   [cdp_publish] Login cache: enabled (ttl=12h).
[cdp]   [cdp_publish] Tab selection mode: prefer reusing existing tab.
[cdp]   [cdp_publish] Reusing existing tab to reduce focus switching: https://www.xiaohongshu.com/search_result?keyword=%E6%B8%B8%E6%88%8F%E6%8E%A8%E8%8D%90&source=web_explore_feed&type=51
[cdp]   [cdp_publish] Connecting to ws://127.0.0.1:9222/devtools/page/91A6DE1619B3FE38ED013E0FCF7FD86A
[cdp]   [cdp_publish] Connected to Chrome tab.
[cdp]   [cdp_publish] Using cached login status (home, age=63m, ttl=12h).
[cdp]   [cdp_publish] Home login confirmed (cached).
[cdp]   [cdp_publish] Already on search page for keyword=游戏推荐, skip navigate (0 extra jumps)
[cdp]   Traceback (most recent call last):
[cdp]   raise FeedExplorerError(
[cdp]   feed_explorer.FeedExplorerError: Failed to apply search filter '最新': filter_panel_not_found (hover_attempt=option_not_found)
[cdp]   Traceback (most recent call last):
[cdp]   raise CDPError(str(e)) from e
[cdp]   __main__.CDPError: Failed to apply search filter '最新': filter_panel_not_found (hover_attempt=option_not_found)
[search] keyword=游戏推荐 sort=最新 raw=0 skipped=0 hit=0 rate_limited=False
[search-next] keyword=微信小游戏 sort=综合 task=53/42 empty_streak=4 seen_feeds=292
[search-wait] 12s before keyword=微信小游戏 sort=综合
[cdp] spawn timeout=180s cmd=--reuse-existing-tab search-feeds --keyword 微信小游戏 --sort-by 综合 --publish-time 半年内
[cdp] done exit=1 elapsed=19.4s stdout=888 stderr=1189
[warn] search failed keyword=微信小游戏 scrolls=0
[cdp] phase=search exit=1 keyword=微信小游戏
[cdp] cmd=--reuse-existing-tab search-feeds --keyword 微信小游戏 --sort-by 综合 --publish-time 半年内
[cdp]   [cdp_publish] Timing jitter ratio: 0.25
[cdp]   [cdp_publish] Login cache: enabled (ttl=12h).
[cdp]   [cdp_publish] Tab selection mode: prefer reusing existing tab.
[cdp]   [cdp_publish] Reusing existing tab to reduce focus switching: https://www.xiaohongshu.com/search_result?keyword=%E6%B8%B8%E6%88%8F%E6%8E%A8%E8%8D%90&source=web_explore_feed&type=51
[cdp]   [cdp_publish] Connecting to ws://127.0.0.1:9222/devtools/page/91A6DE1619B3FE38ED013E0FCF7FD86A
[cdp]   [cdp_publish] Connected to Chrome tab.
[cdp]   [cdp_publish] Using cached login status (home, age=63m, ttl=12h).
[cdp]   [cdp_publish] Home login confirmed (cached).
[cdp]   [cdp_publish] Direct navigate (single jump): https://www.xiaohongshu.com/search_result?keyword=%E5%BE%AE%E4%BF%A1%E5%B0%8F%E6%B8%B8%E6%88%8F&source=web_explore_feed
[cdp]   [cdp_publish] Navigating to https://www.xiaohongshu.com/search_result?keyword=%E5%BE%AE%E4%BF%A1%E5%B0%8F%E6%B8%B8%E6%88%8F&source=web_explore_feed
[cdp]   Traceback (most recent call last):
[cdp]   raise FeedExplorerError(
[cdp]   feed_explorer.FeedExplorerError: Failed to apply search filter '综合': filter_panel_not_found (hover_attempt=option_not_found)
[cdp]   Traceback (most recent call last):
[cdp]   raise CDPError(str(e)) from e
[cdp]   __main__.CDPError: Failed to apply search filter '综合': filter_panel_not_found (hover_attempt=option_not_found)
[search] keyword=微信小游戏 sort=综合 raw=0 skipped=0 hit=0 rate_limited=False
[search-next] keyword=微信小游戏 sort=最新 task=54/42 empty_streak=5 seen_feeds=292
[search-wait] 14s before keyword=微信小游戏 sort=最新
[cdp] spawn timeout=180s cmd=--reuse-existing-tab search-feeds --keyword 微信小游戏 --sort-by 最新 --publish-time 半年内
[cdp] done exit=1 elapsed=8.2s stdout=670 stderr=1189
[warn] search failed keyword=微信小游戏 scrolls=0
[cdp] phase=search exit=1 keyword=微信小游戏
[cdp] cmd=--reuse-existing-tab search-feeds --keyword 微信小游戏 --sort-by 最新 --publish-time 半年内
[cdp]   [cdp_publish] Timing jitter ratio: 0.25
[cdp]   [cdp_publish] Login cache: enabled (ttl=12h).
[cdp]   [cdp_publish] Tab selection mode: prefer reusing existing tab.
[cdp]   [cdp_publish] Reusing existing tab to reduce focus switching: https://www.xiaohongshu.com/search_result?keyword=%E5%BE%AE%E4%BF%A1%E5%B0%8F%E6%B8%B8%E6%88%8F&source=web_explore_feed&type=51
[cdp]   [cdp_publish] Connecting to ws://127.0.0.1:9222/devtools/page/91A6DE1619B3FE38ED013E0FCF7FD86A
[cdp]   [cdp_publish] Connected to Chrome tab.
[cdp]   [cdp_publish] Using cached login status (home, age=64m, ttl=12h).
[cdp]   [cdp_publish] Home login confirmed (cached).
[cdp]   [cdp_publish] Already on search page for keyword=微信小游戏, skip navigate (0 extra jumps)
[cdp]   Traceback (most recent call last):
[cdp]   raise FeedExplorerError(
[cdp]   feed_explorer.FeedExplorerError: Failed to apply search filter '最新': filter_panel_not_found (hover_attempt=option_not_found)
[cdp]   Traceback (most recent call last):
[cdp]   raise CDPError(str(e)) from e
[cdp]   __main__.CDPError: Failed to apply search filter '最新': filter_panel_not_found (hover_attempt=option_not_found)
[search] keyword=微信小游戏 sort=最新 raw=0 skipped=0 hit=0 rate_limited=False
[search-next] keyword=迷宫游戏 sort=综合 task=55/42 empty_streak=6 seen_feeds=292
[search-wait] 8s before keyword=迷宫游戏 sort=综合
[cdp] spawn timeout=180s cmd=--reuse-existing-tab search-feeds --keyword 迷宫游戏 --sort-by 综合 --publish-time 半年内
[cdp] done exit=1 elapsed=19.8s stdout=879 stderr=1189
[warn] search failed keyword=迷宫游戏 scrolls=0
[cdp] phase=search exit=1 keyword=迷宫游戏
[cdp] cmd=--reuse-existing-tab search-feeds --keyword 迷宫游戏 --sort-by 综合 --publish-time 半年内
[cdp]   [cdp_publish] Timing jitter ratio: 0.25
[cdp]   [cdp_publish] Login cache: enabled (ttl=12h).
[cdp]   [cdp_publish] Tab selection mode: prefer reusing existing tab.
[cdp]   [cdp_publish] Reusing existing tab to reduce focus switching: https://www.xiaohongshu.com/search_result?keyword=%E5%BE%AE%E4%BF%A1%E5%B0%8F%E6%B8%B8%E6%88%8F&source=web_explore_feed&type=51
[cdp]   [cdp_publish] Connecting to ws://127.0.0.1:9222/devtools/page/91A6DE1619B3FE38ED013E0FCF7FD86A
[cdp]   [cdp_publish] Connected to Chrome tab.
[cdp]   [cdp_publish] Using cached login status (home, age=64m, ttl=12h).
[cdp]   [cdp_publish] Home login confirmed (cached).
[cdp]   [cdp_publish] Direct navigate (single jump): https://www.xiaohongshu.com/search_result?keyword=%E8%BF%B7%E5%AE%AB%E6%B8%B8%E6%88%8F&source=web_explore_feed
[cdp]   [cdp_publish] Navigating to https://www.xiaohongshu.com/search_result?keyword=%E8%BF%B7%E5%AE%AB%E6%B8%B8%E6%88%8F&source=web_explore_feed
[cdp]   Traceback (most recent call last):
[cdp]   raise FeedExplorerError(
[cdp]   feed_explorer.FeedExplorerError: Failed to apply search filter '综合': filter_panel_not_found (hover_attempt=option_not_found)
[cdp]   Traceback (most recent call last):
[cdp]   raise CDPError(str(e)) from e
[cdp]   __main__.CDPError: Failed to apply search filter '综合': filter_panel_not_found (hover_attempt=option_not_found)
[search] keyword=迷宫游戏 sort=综合 raw=0 skipped=0 hit=0 rate_limited=False
[search-next] keyword=迷宫游戏 sort=最新 task=56/42 empty_streak=7 seen_feeds=292
[search-wait] 8s before keyword=迷宫游戏 sort=最新
[cdp] spawn timeout=180s cmd=--reuse-existing-tab search-feeds --keyword 迷宫游戏 --sort-by 最新 --publish-time 半年内
[cdp] done exit=1 elapsed=8.3s stdout=660 stderr=1189
[warn] search failed keyword=迷宫游戏 scrolls=0
[cdp] phase=search exit=1 keyword=迷宫游戏
[cdp] cmd=--reuse-existing-tab search-feeds --keyword 迷宫游戏 --sort-by 最新 --publish-time 半年内
[cdp]   [cdp_publish] Timing jitter ratio: 0.25
[cdp]   [cdp_publish] Login cache: enabled (ttl=12h).
[cdp]   [cdp_publish] Tab selection mode: prefer reusing existing tab.
[cdp]   [cdp_publish] Reusing existing tab to reduce focus switching: https://www.xiaohongshu.com/search_result?keyword=%E8%BF%B7%E5%AE%AB%E6%B8%B8%E6%88%8F&source=web_explore_feed&type=51
[cdp]   [cdp_publish] Connecting to ws://127.0.0.1:9222/devtools/page/91A6DE1619B3FE38ED013E0FCF7FD86A
[cdp]   [cdp_publish] Connected to Chrome tab.
[cdp]   [cdp_publish] Using cached login status (home, age=65m, ttl=12h).
[cdp]   [cdp_publish] Home login confirmed (cached).
[cdp]   [cdp_publish] Already on search page for keyword=迷宫游戏, skip navigate (0 extra jumps)
[cdp]   Traceback (most recent call last):
[cdp]   raise FeedExplorerError(
[cdp]   feed_explorer.FeedExplorerError: Failed to apply search filter '最新': filter_panel_not_found (hover_attempt=option_not_found)
[cdp]   Traceback (most recent call last):
[cdp]   raise CDPError(str(e)) from e
[cdp]   __main__.CDPError: Failed to apply search filter '最新': filter_panel_not_found (hover_attempt=option_not_found)
[search] keyword=迷宫游戏 sort=最新 raw=0 skipped=0 hit=0 rate_limited=False
[search-next] keyword=逻辑游戏 sort=综合 task=57/42 empty_streak=8 seen_feeds=292
[search-wait] 14s before keyword=逻辑游戏 sort=综合
[cdp] spawn timeout=180s cmd=--reuse-existing-tab search-feeds --keyword 逻辑游戏 --sort-by 综合 --publish-time 半年内
[cdp] done exit=1 elapsed=19.7s stdout=870 stderr=1189
[warn] search failed keyword=逻辑游戏 scrolls=0
[cdp] phase=search exit=1 keyword=逻辑游戏
[cdp] cmd=--reuse-existing-tab search-feeds --keyword 逻辑游戏 --sort-by 综合 --publish-time 半年内
[cdp]   [cdp_publish] Timing jitter ratio: 0.25
[cdp]   [cdp_publish] Login cache: enabled (ttl=12h).
[cdp]   [cdp_publish] Tab selection mode: prefer reusing existing tab.
[cdp]   [cdp_publish] Reusing existing tab to reduce focus switching: https://www.xiaohongshu.com/search_result?keyword=%E8%BF%B7%E5%AE%AB%E6%B8%B8%E6%88%8F&source=web_explore_feed&type=51
[cdp]   [cdp_publish] Connecting to ws://127.0.0.1:9222/devtools/page/91A6DE1619B3FE38ED013E0FCF7FD86A
[cdp]   [cdp_publish] Connected to Chrome tab.
[cdp]   [cdp_publish] Using cached login status (home, age=65m, ttl=12h).
[cdp]   [cdp_publish] Home login confirmed (cached).
[cdp]   [cdp_publish] Direct navigate (single jump): https://www.xiaohongshu.com/search_result?keyword=%E9%80%BB%E8%BE%91%E6%B8%B8%E6%88%8F&source=web_explore_feed
[cdp]   [cdp_publish] Navigating to https://www.xiaohongshu.com/search_result?keyword=%E9%80%BB%E8%BE%91%E6%B8%B8%E6%88%8F&source=web_explore_feed
[cdp]   Traceback (most recent call last):
[cdp]   raise FeedExplorerError(
[cdp]   feed_explorer.FeedExplorerError: Failed to apply search filter '综合': filter_panel_not_found (hover_attempt=option_not_found)
[cdp]   Traceback (most recent call last):
[cdp]   raise CDPError(str(e)) from e
[cdp]   __main__.CDPError: Failed to apply search filter '综合': filter_panel_not_found (hover_attempt=option_not_found)
[search] keyword=逻辑游戏 sort=综合 raw=0 skipped=0 hit=0 rate_limited=False
[search-next] keyword=逻辑游戏 sort=最新 task=58/42 empty_streak=9 seen_feeds=292
[search-wait] 10s before keyword=逻辑游戏 sort=最新
[cdp] spawn timeout=180s cmd=--reuse-existing-tab search-feeds --keyword 逻辑游戏 --sort-by 最新 --publish-time 半年内
[cdp] done exit=1 elapsed=8.1s stdout=660 stderr=1189
[warn] search failed keyword=逻辑游戏 scrolls=0
[cdp] phase=search exit=1 keyword=逻辑游戏
[cdp] cmd=--reuse-existing-tab search-feeds --keyword 逻辑游戏 --sort-by 最新 --publish-time 半年内
[cdp]   [cdp_publish] Timing jitter ratio: 0.25
[cdp]   [cdp_publish] Login cache: enabled (ttl=12h).
[cdp]   [cdp_publish] Tab selection mode: prefer reusing existing tab.
[cdp]   [cdp_publish] Reusing existing tab to reduce focus switching: https://www.xiaohongshu.com/search_result?keyword=%E9%80%BB%E8%BE%91%E6%B8%B8%E6%88%8F&source=web_explore_feed&type=51
[cdp]   [cdp_publish] Connecting to ws://127.0.0.1:9222/devtools/page/91A6DE1619B3FE38ED013E0FCF7FD86A
[cdp]   [cdp_publish] Connected to Chrome tab.
[cdp]   [cdp_publish] Using cached login status (home, age=65m, ttl=12h).
[cdp]   [cdp_publish] Home login confirmed (cached).
[cdp]   [cdp_publish] Already on search page for keyword=逻辑游戏, skip navigate (0 extra jumps)
[cdp]   Traceback (most recent call last):
[cdp]   raise FeedExplorerError(
[cdp]   feed_explorer.FeedExplorerError: Failed to apply search filter '最新': filter_panel_not_found (hover_attempt=option_not_found)
[cdp]   Traceback (most recent call last):
[cdp]   raise CDPError(str(e)) from e
[cdp]   __main__.CDPError: Failed to apply search filter '最新': filter_panel_not_found (hover_attempt=option_not_found)
[search] keyword=逻辑游戏 sort=最新 raw=0 skipped=0 hit=0 rate_limited=False
[search-next] keyword=休闲小游戏 sort=综合 task=59/42 empty_streak=10 seen_feeds=292
[search-wait] 10s before keyword=休闲小游戏 sort=综合
[cdp] spawn timeout=180s cmd=--reuse-existing-tab search-feeds --keyword 休闲小游戏 --sort-by 综合 --publish-time 半年内
[cdp] done exit=1 elapsed=20.0s stdout=888 stderr=1189
[warn] search failed keyword=休闲小游戏 scrolls=0
[cdp] phase=search exit=1 keyword=休闲小游戏
[cdp] cmd=--reuse-existing-tab search-feeds --keyword 休闲小游戏 --sort-by 综合 --publish-time 半年内
[cdp]   [cdp_publish] Timing jitter ratio: 0.25
[cdp]   [cdp_publish] Login cache: enabled (ttl=12h).
[cdp]   [cdp_publish] Tab selection mode: prefer reusing existing tab.
[cdp]   [cdp_publish] Reusing existing tab to reduce focus switching: https://www.xiaohongshu.com/search_result?keyword=%E9%80%BB%E8%BE%91%E6%B8%B8%E6%88%8F&source=web_explore_feed&type=51
[cdp]   [cdp_publish] Connecting to ws://127.0.0.1:9222/devtools/page/91A6DE1619B3FE38ED013E0FCF7FD86A
[cdp]   [cdp_publish] Connected to Chrome tab.
[cdp]   [cdp_publish] Using cached login status (home, age=66m, ttl=12h).
[cdp]   [cdp_publish] Home login confirmed (cached).
[cdp]   [cdp_publish] Direct navigate (single jump): https://www.xiaohongshu.com/search_result?keyword=%E4%BC%91%E9%97%B2%E5%B0%8F%E6%B8%B8%E6%88%8F&source=web_explore_feed
[cdp]   [cdp_publish] Navigating to https://www.xiaohongshu.com/search_result?keyword=%E4%BC%91%E9%97%B2%E5%B0%8F%E6%B8%B8%E6%88%8F&source=web_explore_feed
[cdp]   Traceback (most recent call last):
[cdp]   raise FeedExplorerError(
[cdp]   feed_explorer.FeedExplorerError: Failed to apply search filter '综合': filter_panel_not_found (hover_attempt=option_not_found)
[cdp]   Traceback (most recent call last):
[cdp]   raise CDPError(str(e)) from e
[cdp]   __main__.CDPError: Failed to apply search filter '综合': filter_panel_not_found (hover_attempt=option_not_found)
[search] keyword=休闲小游戏 sort=综合 raw=0 skipped=0 hit=0 rate_limited=False
[search-next] keyword=休闲小游戏 sort=最新 task=60/42 empty_streak=11 seen_feeds=292
[search-wait] 7s before keyword=休闲小游戏 sort=最新
[cdp] spawn timeout=180s cmd=--reuse-existing-tab search-feeds --keyword 休闲小游戏 --sort-by 最新 --publish-time 半年内
[cdp] done exit=1 elapsed=8.0s stdout=670 stderr=1189
[warn] search failed keyword=休闲小游戏 scrolls=0
[cdp] phase=search exit=1 keyword=休闲小游戏
[cdp] cmd=--reuse-existing-tab search-feeds --keyword 休闲小游戏 --sort-by 最新 --publish-time 半年内
[cdp]   [cdp_publish] Timing jitter ratio: 0.25
[cdp]   [cdp_publish] Login cache: enabled (ttl=12h).
[cdp]   [cdp_publish] Tab selection mode: prefer reusing existing tab.
[cdp]   [cdp_publish] Reusing existing tab to reduce focus switching: https://www.xiaohongshu.com/search_result?keyword=%E4%BC%91%E9%97%B2%E5%B0%8F%E6%B8%B8%E6%88%8F&source=web_explore_feed&type=51
[cdp]   [cdp_publish] Connecting to ws://127.0.0.1:9222/devtools/page/91A6DE1619B3FE38ED013E0FCF7FD86A
[cdp]   [cdp_publish] Connected to Chrome tab.
[cdp]   [cdp_publish] Using cached login status (home, age=66m, ttl=12h).
[cdp]   [cdp_publish] Home login confirmed (cached).
[cdp]   [cdp_publish] Already on search page for keyword=休闲小游戏, skip navigate (0 extra jumps)
[cdp]   Traceback (most recent call last):
[cdp]   raise FeedExplorerError(
[cdp]   feed_explorer.FeedExplorerError: Failed to apply search filter '最新': filter_panel_not_found (hover_attempt=option_not_found)
[cdp]   Traceback (most recent call last):
[cdp]   raise CDPError(str(e)) from e
[cdp]   __main__.CDPError: Failed to apply search filter '最新': filter_panel_not_found (hover_attempt=option_not_found)
[search] keyword=休闲小游戏 sort=最新 raw=0 skipped=0 hit=0 rate_limited=False
[search-next] keyword=单机小游戏 sort=综合 task=61/42 empty_streak=12 seen_feeds=292
[search-wait] 10s before keyword=单机小游戏 sort=综合
[cdp] spawn timeout=180s cmd=--reuse-existing-tab search-feeds --keyword 单机小游戏 --sort-by 综合 --publish-time 半年内
[cdp] done exit=1 elapsed=19.4s stdout=897 stderr=1189
[warn] search failed keyword=单机小游戏 scrolls=0
[cdp] phase=search exit=1 keyword=单机小游戏
[cdp] cmd=--reuse-existing-tab search-feeds --keyword 单机小游戏 --sort-by 综合 --publish-time 半年内
[cdp]   [cdp_publish] Timing jitter ratio: 0.25
[cdp]   [cdp_publish] Login cache: enabled (ttl=12h).
[cdp]   [cdp_publish] Tab selection mode: prefer reusing existing tab.
[cdp]   [cdp_publish] Reusing existing tab to reduce focus switching: https://www.xiaohongshu.com/search_result?keyword=%E4%BC%91%E9%97%B2%E5%B0%8F%E6%B8%B8%E6%88%8F&source=web_explore_feed&type=51
[cdp]   [cdp_publish] Connecting to ws://127.0.0.1:9222/devtools/page/91A6DE1619B3FE38ED013E0FCF7FD86A
[cdp]   [cdp_publish] Connected to Chrome tab.
[cdp]   [cdp_publish] Using cached login status (home, age=66m, ttl=12h).
[cdp]   [cdp_publish] Home login confirmed (cached).
[cdp]   [cdp_publish] Direct navigate (single jump): https://www.xiaohongshu.com/search_result?keyword=%E5%8D%95%E6%9C%BA%E5%B0%8F%E6%B8%B8%E6%88%8F&source=web_explore_feed
[cdp]   [cdp_publish] Navigating to https://www.xiaohongshu.com/search_result?keyword=%E5%8D%95%E6%9C%BA%E5%B0%8F%E6%B8%B8%E6%88%8F&source=web_explore_feed
[cdp]   Traceback (most recent call last):
[cdp]   raise FeedExplorerError(
[cdp]   feed_explorer.FeedExplorerError: Failed to apply search filter '综合': filter_panel_not_found (hover_attempt=option_not_found)
[cdp]   Traceback (most recent call last):
[cdp]   raise CDPError(str(e)) from e
[cdp]   __main__.CDPError: Failed to apply search filter '综合': filter_panel_not_found (hover_attempt=option_not_found)
[search] keyword=单机小游戏 sort=综合 raw=0 skipped=0 hit=0 rate_limited=False
[search-next] keyword=单机小游戏 sort=最新 task=62/42 empty_streak=13 seen_feeds=292
[search-wait] 7s before keyword=单机小游戏 sort=最新
[cdp] spawn timeout=180s cmd=--reuse-existing-tab search-feeds --keyword 单机小游戏 --sort-by 最新 --publish-time 半年内
[cdp] done exit=1 elapsed=8.3s stdout=670 stderr=1189
[warn] search failed keyword=单机小游戏 scrolls=0
[cdp] phase=search exit=1 keyword=单机小游戏
[cdp] cmd=--reuse-existing-tab search-feeds --keyword 单机小游戏 --sort-by 最新 --publish-time 半年内
[cdp]   [cdp_publish] Timing jitter ratio: 0.25
[cdp]   [cdp_publish] Login cache: enabled (ttl=12h).
[cdp]   [cdp_publish] Tab selection mode: prefer reusing existing tab.
[cdp]   [cdp_publish] Reusing existing tab to reduce focus switching: https://www.xiaohongshu.com/search_result?keyword=%E5%8D%95%E6%9C%BA%E5%B0%8F%E6%B8%B8%E6%88%8F&source=web_explore_feed&type=51
[cdp]   [cdp_publish] Connecting to ws://127.0.0.1:9222/devtools/page/91A6DE1619B3FE38ED013E0FCF7FD86A
[cdp]   [cdp_publish] Connected to Chrome tab.
[cdp]   [cdp_publish] Using cached login status (home, age=67m, ttl=12h).
[cdp]   [cdp_publish] Home login confirmed (cached).
[cdp]   [cdp_publish] Already on search page for keyword=单机小游戏, skip navigate (0 extra jumps)
[cdp]   Traceback (most recent call last):
[cdp]   raise FeedExplorerError(
[cdp]   feed_explorer.FeedExplorerError: Failed to apply search filter '最新': filter_panel_not_found (hover_attempt=option_not_found)
[cdp]   Traceback (most recent call last):
[cdp]   raise CDPError(str(e)) from e
[cdp]   __main__.CDPError: Failed to apply search filter '最新': filter_panel_not_found (hover_attempt=option_not_found)
[search] keyword=单机小游戏 sort=最新 raw=0 skipped=0 hit=0 rate_limited=False
[search-next] keyword=解谜小游戏 sort=综合 task=63/42 empty_streak=14 seen_feeds=292
[search-wait] 8s before keyword=解谜小游戏 sort=综合
[cdp] spawn timeout=180s cmd=--reuse-existing-tab search-feeds --keyword 解谜小游戏 --sort-by 综合 --publish-time 半年内
[cdp] done exit=1 elapsed=19.4s stdout=897 stderr=1189
[warn] search failed keyword=解谜小游戏 scrolls=0
[cdp] phase=search exit=1 keyword=解谜小游戏
[cdp] cmd=--reuse-existing-tab search-feeds --keyword 解谜小游戏 --sort-by 综合 --publish-time 半年内
[cdp]   [cdp_publish] Timing jitter ratio: 0.25
[cdp]   [cdp_publish] Login cache: enabled (ttl=12h).
[cdp]   [cdp_publish] Tab selection mode: prefer reusing existing tab.
[cdp]   [cdp_publish] Reusing existing tab to reduce focus switching: https://www.xiaohongshu.com/search_result?keyword=%E5%8D%95%E6%9C%BA%E5%B0%8F%E6%B8%B8%E6%88%8F&source=web_explore_feed&type=51
[cdp]   [cdp_publish] Connecting to ws://127.0.0.1:9222/devtools/page/91A6DE1619B3FE38ED013E0FCF7FD86A
[cdp]   [cdp_publish] Connected to Chrome tab.
[cdp]   [cdp_publish] Using cached login status (home, age=67m, ttl=12h).
[cdp]   [cdp_publish] Home login confirmed (cached).
[cdp]   [cdp_publish] Direct navigate (single jump): https://www.xiaohongshu.com/search_result?keyword=%E8%A7%A3%E8%B0%9C%E5%B0%8F%E6%B8%B8%E6%88%8F&source=web_explore_feed
[cdp]   [cdp_publish] Navigating to https://www.xiaohongshu.com/search_result?keyword=%E8%A7%A3%E8%B0%9C%E5%B0%8F%E6%B8%B8%E6%88%8F&source=web_explore_feed
[cdp]   Traceback (most recent call last):
[cdp]   raise FeedExplorerError(
[cdp]   feed_explorer.FeedExplorerError: Failed to apply search filter '综合': filter_panel_not_found (hover_attempt=option_not_found)
[cdp]   Traceback (most recent call last):
[cdp]   raise CDPError(str(e)) from e
[cdp]   __main__.CDPError: Failed to apply search filter '综合': filter_panel_not_found (hover_attempt=option_not_found)
[search] keyword=解谜小游戏 sort=综合 raw=0 skipped=0 hit=0 rate_limited=False
[search-next] keyword=解谜小游戏 sort=最新 task=64/42 empty_streak=15 seen_feeds=292
[search-wait] 7s before keyword=解谜小游戏 sort=最新
[cdp] spawn timeout=180s cmd=--reuse-existing-tab search-feeds --keyword 解谜小游戏 --sort-by 最新 --publish-time 半年内
[cdp] done exit=1 elapsed=8.1s stdout=670 stderr=1189
[warn] search failed keyword=解谜小游戏 scrolls=0
[cdp] phase=search exit=1 keyword=解谜小游戏
[cdp] cmd=--reuse-existing-tab search-feeds --keyword 解谜小游戏 --sort-by 最新 --publish-time 半年内
[cdp]   [cdp_publish] Timing jitter ratio: 0.25
[cdp]   [cdp_publish] Login cache: enabled (ttl=12h).
[cdp]   [cdp_publish] Tab selection mode: prefer reusing existing tab.
[cdp]   [cdp_publish] Reusing existing tab to reduce focus switching: https://www.xiaohongshu.com/search_result?keyword=%E8%A7%A3%E8%B0%9C%E5%B0%8F%E6%B8%B8%E6%88%8F&source=web_explore_feed&type=51
[cdp]   [cdp_publish] Connecting to ws://127.0.0.1:9222/devtools/page/91A6DE1619B3FE38ED013E0FCF7FD86A
[cdp]   [cdp_publish] Connected to Chrome tab.
[cdp]   [cdp_publish] Using cached login status (home, age=68m, ttl=12h).
[cdp]   [cdp_publish] Home login confirmed (cached).
[cdp]   [cdp_publish] Already on search page for keyword=解谜小游戏, skip navigate (0 extra jumps)
[cdp]   Traceback (most recent call last):
[cdp]   raise FeedExplorerError(
[cdp]   feed_explorer.FeedExplorerError: Failed to apply search filter '最新': filter_panel_not_found (hover_attempt=option_not_found)
[cdp]   Traceback (most recent call last):
[cdp]   raise CDPError(str(e)) from e
[cdp]   __main__.CDPError: Failed to apply search filter '最新': filter_panel_not_found (hover_attempt=option_not_found)
[search] keyword=解谜小游戏 sort=最新 raw=0 skipped=0 hit=0 rate_limited=False
[search-next] keyword=益智游戏推荐 sort=综合 task=65/42 empty_streak=16 seen_feeds=292
[search-wait] 6s before keyword=益智游戏推荐 sort=综合
[cdp] spawn timeout=180s cmd=--reuse-existing-tab search-feeds --keyword 益智游戏推荐 --sort-by 综合 --publish-time 半年内
[cdp] done exit=1 elapsed=19.7s stdout=915 stderr=1189
[warn] search failed keyword=益智游戏推荐 scrolls=0
[cdp] phase=search exit=1 keyword=益智游戏推荐
[cdp] cmd=--reuse-existing-tab search-feeds --keyword 益智游戏推荐 --sort-by 综合 --publish-time 半年内
[cdp]   [cdp_publish] Timing jitter ratio: 0.25
[cdp]   [cdp_publish] Login cache: enabled (ttl=12h).
[cdp]   [cdp_publish] Tab selection mode: prefer reusing existing tab.
[cdp]   [cdp_publish] Reusing existing tab to reduce focus switching: https://www.xiaohongshu.com/search_result?keyword=%E8%A7%A3%E8%B0%9C%E5%B0%8F%E6%B8%B8%E6%88%8F&source=web_explore_feed&type=51
[cdp]   [cdp_publish] Connecting to ws://127.0.0.1:9222/devtools/page/91A6DE1619B3FE38ED013E0FCF7FD86A
[cdp]   [cdp_publish] Connected to Chrome tab.
[cdp]   [cdp_publish] Using cached login status (home, age=68m, ttl=12h).
[cdp]   [cdp_publish] Home login confirmed (cached).
[cdp]   [cdp_publish] Direct navigate (single jump): https://www.xiaohongshu.com/search_result?keyword=%E7%9B%8A%E6%99%BA%E6%B8%B8%E6%88%8F%E6%8E%A8%E8%8D%90&source=web_explore_feed
[cdp]   [cdp_publish] Navigating to https://www.xiaohongshu.com/search_result?keyword=%E7%9B%8A%E6%99%BA%E6%B8%B8%E6%88%8F%E6%8E%A8%E8%8D%90&source=web_explore_feed
[cdp]   Traceback (most recent call last):
[cdp]   raise FeedExplorerError(
[cdp]   feed_explorer.FeedExplorerError: Failed to apply search filter '综合': filter_panel_not_found (hover_attempt=option_not_found)
[cdp]   Traceback (most recent call last):
[cdp]   raise CDPError(str(e)) from e
[cdp]   __main__.CDPError: Failed to apply search filter '综合': filter_panel_not_found (hover_attempt=option_not_found)
[search] keyword=益智游戏推荐 sort=综合 raw=0 skipped=0 hit=0 rate_limited=False
[search-next] keyword=益智游戏推荐 sort=最新 task=66/42 empty_streak=17 seen_feeds=292
[search-wait] 10s before keyword=益智游戏推荐 sort=最新
[cdp] spawn timeout=180s cmd=--reuse-existing-tab search-feeds --keyword 益智游戏推荐 --sort-by 最新 --publish-time 半年内
[cdp] done exit=1 elapsed=8.9s stdout=680 stderr=1189
[warn] search failed keyword=益智游戏推荐 scrolls=0
[cdp] phase=search exit=1 keyword=益智游戏推荐
[cdp] cmd=--reuse-existing-tab search-feeds --keyword 益智游戏推荐 --sort-by 最新 --publish-time 半年内
[cdp]   [cdp_publish] Timing jitter ratio: 0.25
[cdp]   [cdp_publish] Login cache: enabled (ttl=12h).
[cdp]   [cdp_publish] Tab selection mode: prefer reusing existing tab.
[cdp]   [cdp_publish] Reusing existing tab to reduce focus switching: https://www.xiaohongshu.com/search_result?keyword=%E7%9B%8A%E6%99%BA%E6%B8%B8%E6%88%8F%E6%8E%A8%E8%8D%90&source=web_explore_feed&type=51
[cdp]   [cdp_publish] Connecting to ws://127.0.0.1:9222/devtools/page/91A6DE1619B3FE38ED013E0FCF7FD86A
[cdp]   [cdp_publish] Connected to Chrome tab.
[cdp]   [cdp_publish] Using cached login status (home, age=68m, ttl=12h).
[cdp]   [cdp_publish] Home login confirmed (cached).
[cdp]   [cdp_publish] Already on search page for keyword=益智游戏推荐, skip navigate (0 extra jumps)
[cdp]   Traceback (most recent call last):
[cdp]   raise FeedExplorerError(
[cdp]   feed_explorer.FeedExplorerError: Failed to apply search filter '最新': filter_panel_not_found (hover_attempt=option_not_found)
[cdp]   Traceback (most recent call last):
[cdp]   raise CDPError(str(e)) from e
[cdp]   __main__.CDPError: Failed to apply search filter '最新': filter_panel_not_found (hover_attempt=option_not_found)
[search] keyword=益智游戏推荐 sort=最新 raw=0 skipped=0 hit=0 rate_limited=False
[search-next] keyword=烧脑游戏推荐 sort=综合 task=67/42 empty_streak=18 seen_feeds=292
[search-wait] 8s before keyword=烧脑游戏推荐 sort=综合
[cdp] spawn timeout=180s cmd=--reuse-existing-tab search-feeds --keyword 烧脑游戏推荐 --sort-by 综合 --publish-time 半年内
[cdp] done exit=1 elapsed=19.5s stdout=924 stderr=1189
[warn] search failed keyword=烧脑游戏推荐 scrolls=0
[cdp] phase=search exit=1 keyword=烧脑游戏推荐
[cdp] cmd=--reuse-existing-tab search-feeds --keyword 烧脑游戏推荐 --sort-by 综合 --publish-time 半年内
[cdp]   [cdp_publish] Timing jitter ratio: 0.25
[cdp]   [cdp_publish] Login cache: enabled (ttl=12h).
[cdp]   [cdp_publish] Tab selection mode: prefer reusing existing tab.
[cdp]   [cdp_publish] Reusing existing tab to reduce focus switching: https://www.xiaohongshu.com/search_result?keyword=%E7%9B%8A%E6%99%BA%E6%B8%B8%E6%88%8F%E6%8E%A8%E8%8D%90&source=web_explore_feed&type=51
[cdp]   [cdp_publish] Connecting to ws://127.0.0.1:9222/devtools/page/91A6DE1619B3FE38ED013E0FCF7FD86A
[cdp]   [cdp_publish] Connected to Chrome tab.
[cdp]   [cdp_publish] Using cached login status (home, age=69m, ttl=12h).
[cdp]   [cdp_publish] Home login confirmed (cached).
[cdp]   [cdp_publish] Direct navigate (single jump): https://www.xiaohongshu.com/search_result?keyword=%E7%83%A7%E8%84%91%E6%B8%B8%E6%88%8F%E6%8E%A8%E8%8D%90&source=web_explore_feed
[cdp]   [cdp_publish] Navigating to https://www.xiaohongshu.com/search_result?keyword=%E7%83%A7%E8%84%91%E6%B8%B8%E6%88%8F%E6%8E%A8%E8%8D%90&source=web_explore_feed
[cdp]   Traceback (most recent call last):
[cdp]   raise FeedExplorerError(
[cdp]   feed_explorer.FeedExplorerError: Failed to apply search filter '综合': filter_panel_not_found (hover_attempt=option_not_found)
[cdp]   Traceback (most recent call last):
[cdp]   raise CDPError(str(e)) from e
[cdp]   __main__.CDPError: Failed to apply search filter '综合': filter_panel_not_found (hover_attempt=option_not_found)
[search] keyword=烧脑游戏推荐 sort=综合 raw=0 skipped=0 hit=0 rate_limited=False
[search-next] keyword=烧脑游戏推荐 sort=最新 task=68/42 empty_streak=19 seen_feeds=292
[search-wait] 12s before keyword=烧脑游戏推荐 sort=最新
[cdp] spawn timeout=180s cmd=--reuse-existing-tab search-feeds --keyword 烧脑游戏推荐 --sort-by 最新 --publish-time 半年内
[cdp] done exit=1 elapsed=8.2s stdout=680 stderr=1189
[warn] search failed keyword=烧脑游戏推荐 scrolls=0
[cdp] phase=search exit=1 keyword=烧脑游戏推荐
[cdp] cmd=--reuse-existing-tab search-feeds --keyword 烧脑游戏推荐 --sort-by 最新 --publish-time 半年内
[cdp]   [cdp_publish] Timing jitter ratio: 0.25
[cdp]   [cdp_publish] Login cache: enabled (ttl=12h).
[cdp]   [cdp_publish] Tab selection mode: prefer reusing existing tab.
[cdp]   [cdp_publish] Reusing existing tab to reduce focus switching: https://www.xiaohongshu.com/search_result?keyword=%E7%83%A7%E8%84%91%E6%B8%B8%E6%88%8F%E6%8E%A8%E8%8D%90&source=web_explore_feed&type=51
[cdp]   [cdp_publish] Connecting to ws://127.0.0.1:9222/devtools/page/91A6DE1619B3FE38ED013E0FCF7FD86A
[cdp]   [cdp_publish] Connected to Chrome tab.
[cdp]   [cdp_publish] Using cached login status (home, age=69m, ttl=12h).
[cdp]   [cdp_publish] Home login confirmed (cached).
[cdp]   [cdp_publish] Already on search page for keyword=烧脑游戏推荐, skip navigate (0 extra jumps)
[cdp]   Traceback (most recent call last):
[cdp]   raise FeedExplorerError(
[cdp]   feed_explorer.FeedExplorerError: Failed to apply search filter '最新': filter_panel_not_found (hover_attempt=option_not_found)
[cdp]   Traceback (most recent call last):
[cdp]   raise CDPError(str(e)) from e
[cdp]   __main__.CDPError: Failed to apply search filter '最新': filter_panel_not_found (hover_attempt=option_not_found)
[search] keyword=烧脑游戏推荐 sort=最新 raw=0 skipped=0 hit=0 rate_limited=False
[search-next] keyword=打发时间小游戏 sort=综合 task=69/42 empty_streak=20 seen_feeds=292
[search-wait] 7s before keyword=打发时间小游戏 sort=综合
[cdp] spawn timeout=180s cmd=--reuse-existing-tab search-feeds --keyword 打发时间小游戏 --sort-by 综合 --publish-time 半年内
[cdp] done exit=1 elapsed=17.9s stdout=942 stderr=1189
[warn] search failed keyword=打发时间小游戏 scrolls=0
[cdp] phase=search exit=1 keyword=打发时间小游戏
[cdp] cmd=--reuse-existing-tab search-feeds --keyword 打发时间小游戏 --sort-by 综合 --publish-time 半年内
[cdp]   [cdp_publish] Timing jitter ratio: 0.25
[cdp]   [cdp_publish] Login cache: enabled (ttl=12h).
[cdp]   [cdp_publish] Tab selection mode: prefer reusing existing tab.
[cdp]   [cdp_publish] Reusing existing tab to reduce focus switching: https://www.xiaohongshu.com/search_result?keyword=%E7%83%A7%E8%84%91%E6%B8%B8%E6%88%8F%E6%8E%A8%E8%8D%90&source=web_explore_feed&type=51
[cdp]   [cdp_publish] Connecting to ws://127.0.0.1:9222/devtools/page/91A6DE1619B3FE38ED013E0FCF7FD86A
[cdp]   [cdp_publish] Connected to Chrome tab.
[cdp]   [cdp_publish] Using cached login status (home, age=69m, ttl=12h).
[cdp]   [cdp_publish] Home login confirmed (cached).
[cdp]   [cdp_publish] Direct navigate (single jump): https://www.xiaohongshu.com/search_result?keyword=%E6%89%93%E5%8F%91%E6%97%B6%E9%97%B4%E5%B0%8F%E6%B8%B8%E6%88%8F&source=web_explore_feed
[cdp]   [cdp_publish] Navigating to https://www.xiaohongshu.com/search_result?keyword=%E6%89%93%E5%8F%91%E6%97%B6%E9%97%B4%E5%B0%8F%E6%B8%B8%E6%88%8F&source=web_explore_feed
[cdp]   Traceback (most recent call last):
[cdp]   raise FeedExplorerError(
[cdp]   feed_explorer.FeedExplorerError: Failed to apply search filter '综合': filter_panel_not_found (hover_attempt=option_not_found)
[cdp]   Traceback (most recent call last):
[cdp]   raise CDPError(str(e)) from e
[cdp]   __main__.CDPError: Failed to apply search filter '综合': filter_panel_not_found (hover_attempt=option_not_found)
[search] keyword=打发时间小游戏 sort=综合 raw=0 skipped=0 hit=0 rate_limited=False
[search-next] keyword=打发时间小游戏 sort=最新 task=70/42 empty_streak=21 seen_feeds=292
[search-wait] 10s before keyword=打发时间小游戏 sort=最新
[cdp] spawn timeout=180s cmd=--reuse-existing-tab search-feeds --keyword 打发时间小游戏 --sort-by 最新 --publish-time 半年内
[cdp] done exit=1 elapsed=8.1s stdout=690 stderr=1296
[warn] search failed keyword=打发时间小游戏 scrolls=0
[cdp] phase=search exit=1 keyword=打发时间小游戏
[cdp] cmd=--reuse-existing-tab search-feeds --keyword 打发时间小游戏 --sort-by 最新 --publish-time 半年内
[cdp]   [cdp_publish] Timing jitter ratio: 0.25
[cdp]   [cdp_publish] Login cache: enabled (ttl=12h).
[cdp]   [cdp_publish] Tab selection mode: prefer reusing existing tab.
[cdp]   [cdp_publish] Reusing existing tab to reduce focus switching: https://www.xiaohongshu.com/search_result?keyword=%E6%89%93%E5%8F%91%E6%97%B6%E9%97%B4%E5%B0%8F%E6%B8%B8%E6%88%8F&source=web_explore_feed&type=51
[cdp]   [cdp_publish] Connecting to ws://127.0.0.1:9222/devtools/page/91A6DE1619B3FE38ED013E0FCF7FD86A
[cdp]   [cdp_publish] Connected to Chrome tab.
[cdp]   [cdp_publish] Using cached login status (home, age=70m, ttl=12h).
[cdp]   [cdp_publish] Home login confirmed (cached).
[cdp]   [cdp_publish] Already on search page for keyword=打发时间小游戏, skip navigate (0 extra jumps)
[cdp]   Traceback (most recent call last):
[cdp]   raise CDPError(f"CDP error: {data['error']}")
[cdp]   __main__.CDPError: CDP error: {'code': -32000, 'message': 'Inspected target navigated or closed'}
[search] keyword=打发时间小游戏 sort=最新 raw=0 skipped=0 hit=0 rate_limited=False
[search-next] keyword=闯关游戏 sort=综合 task=71/42 empty_streak=22 seen_feeds=292
[search-wait] 11s before keyword=闯关游戏 sort=综合
[cdp] spawn timeout=180s cmd=--reuse-existing-tab search-feeds --keyword 闯关游戏 --sort-by 综合 --publish-time 半年内
[cdp] done exit=0 elapsed=7.2s stdout=140875 stderr=0
[search-scroll-next] keyword=闯关游戏 sort=综合 raw=42 usable=0 scroll once (1/8)
[cdp] spawn timeout=180s cmd=--reuse-existing-tab search-feeds-scroll
[cdp] done exit=0 elapsed=1.4s stdout=222019 stderr=0
[cdp] spawn timeout=90s cmd=--reuse-existing-tab get-feed-detail --feed-id 6a1fcf17000000000803c621 --xsec-token(46chars)
[cdp] done exit=0 elapsed=5.6s stdout=15465 stderr=0
[search-scroll-stop] keyword=闯关游戏 sort=综合 usable=1 after scrolls=1 (max=8, skip further scrolls)
[search-filter] keyword=闯关游戏 sort=综合 scrolls=1 {'dup_or_empty_id': 78, 'not_note': 6, 'too_old': 2, 'already_commented': 1}
[search-hit] keyword=闯关游戏 sort=综合 raw=66 skipped=87 feedId=6a1fcf17000000000803c621 score=8 title=蹲蹲类似的这种小游戏 → post now
[plan] #44 keyword=闯关游戏 title=蹲蹲类似的这种小游戏 comments=10 age=48d score=8 msg=1/求推荐 match=12
[post] attempt feedId=6a1fcf17000000000803c621 contentLen=55 also_upvote=1
[cdp] spawn timeout=120s cmd=--reuse-existing-tab post-comment-to-feed --feed-id 6a1fcf17000000000803c621 --xsec-token(46chars) --content(55chars) --also-upvote
[cdp] done exit=0 elapsed=11.8s stdout=2335 stderr=0
[upvote-warn] feedId=6a1fcf17000000000803c621 comment ok but like not confirmed upvote={'success': False, 'changed': False, 'state_before': False, 'state_after': False}
[post] success feedId=6a1fcf17000000000803c621
[cdp] phase=post-ok exit=0 feedId=6a1fcf17000000000803c621
[cdp] cmd=--reuse-existing-tab post-comment-to-feed --feed-id 6a1fcf17000000000803c621 --xsec-token(46chars) --content(55chars) --also-upvote
[cdp]   [cdp_publish] Login cache: enabled (ttl=12h).
[cdp]   [cdp_publish] Tab selection mode: prefer reusing existing tab.
[cdp]   [cdp_publish] Reusing existing tab to reduce focus switching: https://www.xiaohongshu.com/explore/6a1fcf17000000000803c621?xsec_token=ABAeLKJTQxoszXJjmozWG7PrRAjJr2Ec4dWpwlbM83hVU=&xsec_source=pc_feed
[cdp]   [cdp_publish] Connecting to ws://127.0.0.1:9222/devtools/page/E0641814139216112256C2BBDD63DEBE
[cdp]   [cdp_publish] Connected to Chrome tab.
[cdp]   [cdp_publish] Using cached login status (home, age=70m, ttl=12h).
[cdp]   [cdp_publish] Home login confirmed (cached).
[cdp]   [cdp_publish] Navigating to https://www.xiaohongshu.com/explore/6a1fcf17000000000803c621?xsec_token=ABAeLKJTQxoszXJjmozWG7PrRAjJr2Ec4dWpwlbM83hVU=&xsec_source=pc_feed
[cdp]   [cdp_publish] Clicking comment input box at (906, 1223)...
[cdp]   [cdp_publish] Clicking comment submit button at (1138, 1223)...
[cdp]   [cdp_publish] Comment posted. feed_id=6a1fcf17000000000803c621, length=55
[cdp]   [cdp_publish] Clicking note like in interact bar at (1057, 1223) hint=interact-container .like-wrapper target=SPAN bar=interactions engage-bar top=1211.3333740234375 left=1037.093505859375 viewport={'w': 1517, 'h': 1291}
[cdp]   [cdp_publish] JS click on like-wrapper, class_after=like-wrapper like-active at=(1063.202880859375, 1223.3333740234375)
[cdp]   [cdp_publish] Warning: note like click did not activate. state_before=False state_after=False likeRoot.class=like-wrapper like-active visual_before={'className': 'like-wrapper like-active', 'ariaPressed': '', 'color': 'rgb(51, 51, 51)', 'svgColor': 'rgb(51, 51, 51)', 'svgHtml': '<span data-v-9403e00c="" class="like-lottie" style="width: 24px; height: 24px;"></span>'} visual_after={'className': 'like-wrapper like-active', 'ariaPressed': '', 'color': 'rgb(51, 51, 51)', 'svgColor': 'rgb(51, 51, 51)', 'svgHtml': '<span data-v-9403e00c="" class="like-lottie" style="width: 24px; height: 24px;"></span>'}
[cdp]   [cdp_publish] Warning: upvote on same page failed. payload={'success': False, 'changed': False, 'state_before': False, 'state_after': False}
[cdp]   POST_COMMENT_RESULT:
[ok] post done (44/83)
[wait] 29s (~0.5min, random 20-30s)
[search-next] keyword=闯关游戏 sort=最新 task=72/42 empty_streak=0 seen_feeds=296
[search-wait] 11s before keyword=闯关游戏 sort=最新
[cdp] spawn timeout=180s cmd=--reuse-existing-tab search-feeds --keyword 闯关游戏 --sort-by 最新 --publish-time 半年内
[cdp] done exit=0 elapsed=7.6s stdout=139179 stderr=0
[cdp] spawn timeout=90s cmd=--reuse-existing-tab get-feed-detail --feed-id 6a5cf08d0000000011019f9d --xsec-token(46chars)
[cdp] done exit=0 elapsed=5.6s stdout=32696 stderr=0
[relevance-skip] feedId=6a5cf08d0000000011019f9d title=考验友情的时候到了！双人闯关爆笑游戏 bodyLen=74 score=-8 min=2
[detail-wait] 2.4s before feedId=6a5ca391000000000c01614f
[cdp] spawn timeout=90s cmd=--reuse-existing-tab get-feed-detail --feed-id 6a5ca391000000000c01614f --xsec-token(46chars)
[cdp] done exit=0 elapsed=6.7s stdout=20583 stderr=0
[relevance-skip] feedId=6a5ca391000000000c01614f title=🎮ADHD! 像通关游戏一样通关你的一天！ bodyLen=115 score=-2 min=2
[detail-wait] 2.7s before feedId=6a5c7d54000000001c00eb21
[cdp] spawn timeout=90s cmd=--reuse-existing-tab get-feed-detail --feed-id 6a5c7d54000000001c00eb21 --xsec-token(46chars)
[cdp] done exit=0 elapsed=5.5s stdout=15874 stderr=0
[relevance-skip] feedId=6a5c7d54000000001c00eb21 title=Steam｜6️⃣款即将上线的中式恐怖游戏推荐❗️ bodyLen=526 score=-16 min=2
[detail-wait] 3.1s before feedId=6a5c6a0c000000001b01c58e
[cdp] spawn timeout=90s cmd=--reuse-existing-tab get-feed-detail --feed-id 6a5c6a0c000000001b01c58e --xsec-token(46chars)
[cdp] done exit=0 elapsed=6.3s stdout=15484 stderr=0
[search-scroll-stop] keyword=闯关游戏 sort=最新 usable=1 after scrolls=0 (max=8, skip further scrolls)
[search-filter] keyword=闯关游戏 sort=最新 scrolls=0 {'dup_or_empty_id': 4, 'low_relevance': 3, 'already_commented': 1, 'not_note': 1}
[search-hit] keyword=闯关游戏 sort=最新 raw=42 skipped=9 feedId=6a5c6a0c000000001b01c58e score=4 title=如果我拿这个《消消乐》你能打几分？🤭 → post now
[plan] #45 keyword=闯关游戏 title=如果我拿这个《消消乐》你能打几分？🤭 comments=2 age=2d score=4 msg=11/微信小游戏 match=5
[post] attempt feedId=6a5c6a0c000000001b01c58e contentLen=42 also_upvote=1
[cdp] spawn timeout=120s cmd=--reuse-existing-tab post-comment-to-feed --feed-id 6a5c6a0c000000001b01c58e --xsec-token(46chars) --content(42chars) --also-upvote
[cdp] done exit=0 elapsed=10.7s stdout=2335 stderr=0
[upvote-warn] feedId=6a5c6a0c000000001b01c58e comment ok but like not confirmed upvote={'success': False, 'changed': False, 'state_before': False, 'state_after': False}
[post] success feedId=6a5c6a0c000000001b01c58e
[cdp] phase=post-ok exit=0 feedId=6a5c6a0c000000001b01c58e
[cdp] cmd=--reuse-existing-tab post-comment-to-feed --feed-id 6a5c6a0c000000001b01c58e --xsec-token(46chars) --content(42chars) --also-upvote
[cdp]   [cdp_publish] Login cache: enabled (ttl=12h).
[cdp]   [cdp_publish] Tab selection mode: prefer reusing existing tab.
[cdp]   [cdp_publish] Reusing existing tab to reduce focus switching: https://www.xiaohongshu.com/explore/6a5c6a0c000000001b01c58e?xsec_token=AB9y01YmFAJVI_BJZFyn1HedhBSV_ZTNEsLymAeBOpfJA=&xsec_source=pc_feed
[cdp]   [cdp_publish] Connecting to ws://127.0.0.1:9222/devtools/page/E0641814139216112256C2BBDD63DEBE
[cdp]   [cdp_publish] Connected to Chrome tab.
[cdp]   [cdp_publish] Using cached login status (home, age=72m, ttl=12h).
[cdp]   [cdp_publish] Home login confirmed (cached).
[cdp]   [cdp_publish] Navigating to https://www.xiaohongshu.com/explore/6a5c6a0c000000001b01c58e?xsec_token=AB9y01YmFAJVI_BJZFyn1HedhBSV_ZTNEsLymAeBOpfJA=&xsec_source=pc_feed
[cdp]   [cdp_publish] Clicking comment input box at (910, 1223)...
[cdp]   [cdp_publish] Clicking comment submit button at (1142, 1223)...
[cdp]   [cdp_publish] Comment posted. feed_id=6a5c6a0c000000001b01c58e, length=42
[cdp]   [cdp_publish] Clicking note like in interact bar at (1053, 1223) hint=interact-container .like-wrapper target=SPAN bar=interactions engage-bar top=1211.3333740234375 left=1032.7220458984375 viewport={'w': 1517, 'h': 1291}
[cdp]   [cdp_publish] JS click on like-wrapper, class_after=like-wrapper like-active at=(1062.93558883667, 1223.3333740234375)
[cdp]   [cdp_publish] Warning: note like click did not activate. state_before=False state_after=False likeRoot.class=like-wrapper like-active visual_before={'className': 'like-wrapper like-active', 'ariaPressed': '', 'color': 'rgb(51, 51, 51)', 'svgColor': 'rgb(51, 51, 51)', 'svgHtml': '<span data-v-9403e00c="" class="like-lottie" style="width: 24px; height: 24px;"></span>'} visual_after={'className': 'like-wrapper like-active', 'ariaPressed': '', 'color': 'rgb(51, 51, 51)', 'svgColor': 'rgb(51, 51, 51)', 'svgHtml': '<span data-v-9403e00c="" class="like-lottie" style="width: 24px; height: 24px;"></span>'}
[cdp]   [cdp_publish] Warning: upvote on same page failed. payload={'success': False, 'changed': False, 'state_before': False, 'state_after': False}
[cdp]   POST_COMMENT_RESULT:
[ok] post done (45/83)
[wait] 29s (~0.5min, random 20-30s)
[search-next] keyword=推理游戏 sort=综合 task=73/42 empty_streak=0 seen_feeds=301
[search-wait] 6s before keyword=推理游戏 sort=综合
[cdp] spawn timeout=180s cmd=--reuse-existing-tab search-feeds --keyword 推理游戏 --sort-by 综合 --publish-time 半年内
[cdp] done exit=0 elapsed=7.9s stdout=146651 stderr=0
[search-scroll-next] keyword=推理游戏 sort=综合 raw=42 usable=0 scroll once (1/8)
[cdp] spawn timeout=180s cmd=--reuse-existing-tab search-feeds-scroll
[cdp] done exit=0 elapsed=1.5s stdout=219642 stderr=0
[cdp] spawn timeout=90s cmd=--reuse-existing-tab get-feed-detail --feed-id 6a13009f0000000035032ead --xsec-token(46chars)
[cdp] done exit=0 elapsed=6.0s stdout=15862 stderr=0
[search-scroll-stop] keyword=推理游戏 sort=综合 usable=1 after scrolls=1 (max=8, skip further scrolls)
[search-filter] keyword=推理游戏 sort=综合 scrolls=1 {'dup_or_empty_id': 83, 'not_note': 7, 'bad_publish_date': 2, 'too_old': 3, 'already_commented': 1}
[search-hit] keyword=推理游戏 sort=综合 raw=66 skipped=96 feedId=6a13009f0000000035032ead score=6 title=近期最爱游戏 → post now
[plan] #46 keyword=推理游戏 title=近期最爱游戏 comments=12 age=58d score=6 msg=1/求推荐 match=12
[post] attempt feedId=6a13009f0000000035032ead contentLen=55 also_upvote=1
[cdp] spawn timeout=120s cmd=--reuse-existing-tab post-comment-to-feed --feed-id 6a13009f0000000035032ead --xsec-token(46chars) --content(55chars) --also-upvote
[cdp] done exit=0 elapsed=11.7s stdout=2334 stderr=0
[upvote-warn] feedId=6a13009f0000000035032ead comment ok but like not confirmed upvote={'success': False, 'changed': False, 'state_before': False, 'state_after': False}
[post] success feedId=6a13009f0000000035032ead
[cdp] phase=post-ok exit=0 feedId=6a13009f0000000035032ead
[cdp] cmd=--reuse-existing-tab post-comment-to-feed --feed-id 6a13009f0000000035032ead --xsec-token(46chars) --content(55chars) --also-upvote
[cdp]   [cdp_publish] Login cache: enabled (ttl=12h).
[cdp]   [cdp_publish] Tab selection mode: prefer reusing existing tab.
[cdp]   [cdp_publish] Reusing existing tab to reduce focus switching: https://www.xiaohongshu.com/explore/6a13009f0000000035032ead?xsec_token=AB4d_SbURTKzR3O0Txf1A73X2ErSPy867izmHSTo05bkg=&xsec_source=pc_feed
[cdp]   [cdp_publish] Connecting to ws://127.0.0.1:9222/devtools/page/E0641814139216112256C2BBDD63DEBE
[cdp]   [cdp_publish] Connected to Chrome tab.
[cdp]   [cdp_publish] Using cached login status (home, age=73m, ttl=12h).
[cdp]   [cdp_publish] Home login confirmed (cached).
[cdp]   [cdp_publish] Navigating to https://www.xiaohongshu.com/explore/6a13009f0000000035032ead?xsec_token=AB4d_SbURTKzR3O0Txf1A73X2ErSPy867izmHSTo05bkg=&xsec_source=pc_feed
[cdp]   [cdp_publish] Clicking comment input box at (988, 1223)...
[cdp]   [cdp_publish] Clicking comment submit button at (1220, 1223)...
[cdp]   [cdp_publish] Comment posted. feed_id=6a13009f0000000035032ead, length=55
[cdp]   [cdp_publish] Clicking note like in interact bar at (1123, 1223) hint=interact-container .like-wrapper target=SPAN bar=interactions engage-bar top=1211.3333740234375 left=1102.8662109375 viewport={'w': 1517, 'h': 1291}
[cdp]   [cdp_publish] JS click on like-wrapper, class_after=like-wrapper like-active at=(1133.0797538757324, 1223.3333740234375)
[cdp]   [cdp_publish] Warning: note like click did not activate. state_before=False state_after=False likeRoot.class=like-wrapper like-active visual_before={'className': 'like-wrapper like-active', 'ariaPressed': '', 'color': 'rgb(51, 51, 51)', 'svgColor': 'rgb(51, 51, 51)', 'svgHtml': '<span data-v-9403e00c="" class="like-lottie" style="width: 24px; height: 24px;"></span>'} visual_after={'className': 'like-wrapper like-active', 'ariaPressed': '', 'color': 'rgb(51, 51, 51)', 'svgColor': 'rgb(51, 51, 51)', 'svgHtml': '<span data-v-9403e00c="" class="like-lottie" style="width: 24px; height: 24px;"></span>'}
[cdp]   [cdp_publish] Warning: upvote on same page failed. payload={'success': False, 'changed': False, 'state_before': False, 'state_after': False}
[cdp]   POST_COMMENT_RESULT:
[ok] post done (46/83)
[wait] 29s (~0.5min, random 20-30s)
[search-next] keyword=推理游戏 sort=最新 task=74/42 empty_streak=0 seen_feeds=308
[search-wait] 12s before keyword=推理游戏 sort=最新
[cdp] spawn timeout=180s cmd=--reuse-existing-tab search-feeds --keyword 推理游戏 --sort-by 最新 --publish-time 半年内
[cdp] done exit=0 elapsed=8.5s stdout=163863 stderr=0
[cdp] spawn timeout=90s cmd=--reuse-existing-tab get-feed-detail --feed-id 6a5c8c4b000000000401f6c3 --xsec-token(46chars)
[cdp] done exit=0 elapsed=5.6s stdout=12351 stderr=0
[relevance-skip] feedId=6a5c8c4b000000000401f6c3 title=买个可乐饼吧｜steam免费微恐推理游戏推荐 bodyLen=282 score=-4 min=2
[detail-wait] 2.7s before feedId=6a5c88a9000000000401dfda
[cdp] spawn timeout=90s cmd=--reuse-existing-tab get-feed-detail --feed-id 6a5c88a9000000000401dfda --xsec-token(46chars)
[cdp] done exit=0 elapsed=5.1s stdout=7836 stderr=0
[search-scroll-stop] keyword=推理游戏 sort=最新 usable=1 after scrolls=0 (max=8, skip further scrolls)
[search-filter] keyword=推理游戏 sort=最新 scrolls=0 {'bad_publish_date': 2, 'dup_or_empty_id': 8, 'not_note': 1, 'bad_title': 1, 'low_relevance': 1}
[search-hit] keyword=推理游戏 sort=最新 raw=42 skipped=13 feedId=6a5c88a9000000000401dfda score=4 title=未定新活真的好有意思 → post now
[plan] #47 keyword=推理游戏 title=未定新活真的好有意思 comments=0 age=2d score=4 msg=16/烧脑卡关 match=2
[post] attempt feedId=6a5c88a9000000000401dfda contentLen=41 also_upvote=1
[cdp] spawn timeout=120s cmd=--reuse-existing-tab post-comment-to-feed --feed-id 6a5c88a9000000000401dfda --xsec-token(46chars) --content(41chars) --also-upvote
[cdp] done exit=0 elapsed=9.9s stdout=2336 stderr=0
[upvote-warn] feedId=6a5c88a9000000000401dfda comment ok but like not confirmed upvote={'success': False, 'changed': False, 'state_before': False, 'state_after': False}
[post] success feedId=6a5c88a9000000000401dfda
[cdp] phase=post-ok exit=0 feedId=6a5c88a9000000000401dfda
[cdp] cmd=--reuse-existing-tab post-comment-to-feed --feed-id 6a5c88a9000000000401dfda --xsec-token(46chars) --content(41chars) --also-upvote
[cdp]   [cdp_publish] Login cache: enabled (ttl=12h).
[cdp]   [cdp_publish] Tab selection mode: prefer reusing existing tab.
[cdp]   [cdp_publish] Reusing existing tab to reduce focus switching: https://www.xiaohongshu.com/explore/6a5c88a9000000000401dfda?xsec_token=AB9y01YmFAJVI_BJZFyn1HeUXfollmb9qy-t-5GKqsk2o=&xsec_source=pc_feed
[cdp]   [cdp_publish] Connecting to ws://127.0.0.1:9222/devtools/page/E0641814139216112256C2BBDD63DEBE
[cdp]   [cdp_publish] Connected to Chrome tab.
[cdp]   [cdp_publish] Using cached login status (home, age=74m, ttl=12h).
[cdp]   [cdp_publish] Home login confirmed (cached).
[cdp]   [cdp_publish] Navigating to https://www.xiaohongshu.com/explore/6a5c88a9000000000401dfda?xsec_token=AB9y01YmFAJVI_BJZFyn1HeUXfollmb9qy-t-5GKqsk2o=&xsec_source=pc_feed
[cdp]   [cdp_publish] Clicking comment input box at (903, 1223)...
[cdp]   [cdp_publish] Clicking comment submit button at (1135, 1223)...
[cdp]   [cdp_publish] Comment posted. feed_id=6a5c88a9000000000401dfda, length=41
[cdp]   [cdp_publish] Clicking note like in interact bar at (1014, 1223) hint=interact-container .like-wrapper target=SPAN bar=interactions engage-bar top=1211.3333740234375 left=994.3812866210938 viewport={'w': 1517, 'h': 1291}
[cdp]   [cdp_publish] JS click on like-wrapper, class_after=like-wrapper like-active at=(1024.5948295593262, 1223.3333740234375)
[cdp]   [cdp_publish] Warning: note like click did not activate. state_before=False state_after=False likeRoot.class=like-wrapper like-active visual_before={'className': 'like-wrapper like-active', 'ariaPressed': '', 'color': 'rgb(51, 51, 51)', 'svgColor': 'rgb(51, 51, 51)', 'svgHtml': '<span data-v-9403e00c="" class="like-lottie" style="width: 24px; height: 24px;"></span>'} visual_after={'className': 'like-wrapper like-active', 'ariaPressed': '', 'color': 'rgb(51, 51, 51)', 'svgColor': 'rgb(51, 51, 51)', 'svgHtml': '<span data-v-9403e00c="" class="like-lottie" style="width: 24px; height: 24px;"></span>'}
[cdp]   [cdp_publish] Warning: upvote on same page failed. payload={'success': False, 'changed': False, 'state_before': False, 'state_after': False}
[cdp]   POST_COMMENT_RESULT:
[ok] post done (47/83)
[wait] 24s (~0.4min, random 20-30s)
[search-next] keyword=脑力游戏 sort=综合 task=75/42 empty_streak=0 seen_feeds=313
[search-wait] 11s before keyword=脑力游戏 sort=综合
[cdp] spawn timeout=180s cmd=--reuse-existing-tab search-feeds --keyword 脑力游戏 --sort-by 综合 --publish-time 半年内
[cdp] done exit=0 elapsed=7.1s stdout=127635 stderr=0
[search-scroll-next] keyword=脑力游戏 sort=综合 raw=42 usable=0 scroll once (1/8)
[cdp] spawn timeout=180s cmd=--reuse-existing-tab search-feeds-scroll
[cdp] done exit=0 elapsed=1.4s stdout=205892 stderr=0
[search-scroll-next] keyword=脑力游戏 sort=综合 raw=66 usable=0 scroll once (2/8)
[cdp] spawn timeout=180s cmd=--reuse-existing-tab search-feeds-scroll
[cdp] done exit=0 elapsed=1.3s stdout=280468 stderr=0
[cdp] spawn timeout=90s cmd=--reuse-existing-tab get-feed-detail --feed-id 6a45133d0000000016026749 --xsec-token(46chars)
[cdp] done exit=0 elapsed=5.4s stdout=34847 stderr=0
[search-scroll-stop] keyword=脑力游戏 sort=综合 usable=1 after scrolls=2 (max=8, skip further scrolls)
[search-filter] keyword=脑力游戏 sort=综合 scrolls=2 {'dup_or_empty_id': 158, 'not_note': 14, 'too_old': 4, 'already_commented': 1, 'bad_title': 1}
[search-hit] keyword=脑力游戏 sort=综合 raw=88 skipped=178 feedId=6a45133d0000000016026749 score=6 title=确定不试试吗 → post now
[plan] #48 keyword=脑力游戏 title=确定不试试吗 comments=25 age=20d score=6 msg=1/求推荐 match=12
[post] attempt feedId=6a45133d0000000016026749 contentLen=55 also_upvote=1
[cdp] spawn timeout=120s cmd=--reuse-existing-tab post-comment-to-feed --feed-id 6a45133d0000000016026749 --xsec-token(46chars) --content(55chars) --also-upvote
[cdp] done exit=0 elapsed=10.9s stdout=2336 stderr=0
[upvote-warn] feedId=6a45133d0000000016026749 comment ok but like not confirmed upvote={'success': False, 'changed': False, 'state_before': False, 'state_after': False}
[post] success feedId=6a45133d0000000016026749
[cdp] phase=post-ok exit=0 feedId=6a45133d0000000016026749
[cdp] cmd=--reuse-existing-tab post-comment-to-feed --feed-id 6a45133d0000000016026749 --xsec-token(46chars) --content(55chars) --also-upvote
[cdp]   [cdp_publish] Login cache: enabled (ttl=12h).
[cdp]   [cdp_publish] Tab selection mode: prefer reusing existing tab.
[cdp]   [cdp_publish] Reusing existing tab to reduce focus switching: https://www.xiaohongshu.com/explore/6a45133d0000000016026749?xsec_token=ABfMMOdunE4kQQfJ-KTdqQp-IPfaYCWB6HrPdmdS7dgTA=&xsec_source=pc_feed
[cdp]   [cdp_publish] Connecting to ws://127.0.0.1:9222/devtools/page/E0641814139216112256C2BBDD63DEBE
[cdp]   [cdp_publish] Connected to Chrome tab.
[cdp]   [cdp_publish] Using cached login status (home, age=75m, ttl=12h).
[cdp]   [cdp_publish] Home login confirmed (cached).
[cdp]   [cdp_publish] Navigating to https://www.xiaohongshu.com/explore/6a45133d0000000016026749?xsec_token=ABfMMOdunE4kQQfJ-KTdqQp-IPfaYCWB6HrPdmdS7dgTA=&xsec_source=pc_feed
[cdp]   [cdp_publish] Clicking comment input box at (1061, 1223)...
[cdp]   [cdp_publish] Clicking comment submit button at (1293, 1223)...
[cdp]   [cdp_publish] Comment posted. feed_id=6a45133d0000000016026749, length=55
[cdp]   [cdp_publish] Clicking note like in interact bar at (1196, 1223) hint=interact-container .like-wrapper target=SPAN bar=interactions engage-bar top=1211.3333740234375 left=1176.0521240234375 viewport={'w': 1517, 'h': 1291}
[cdp]   [cdp_publish] JS click on like-wrapper, class_after=like-wrapper like-active at=(1206.26566696167, 1223.3333740234375)
[cdp]   [cdp_publish] Warning: note like click did not activate. state_before=False state_after=False likeRoot.class=like-wrapper like-active visual_before={'className': 'like-wrapper like-active', 'ariaPressed': '', 'color': 'rgb(51, 51, 51)', 'svgColor': 'rgb(51, 51, 51)', 'svgHtml': '<span data-v-9403e00c="" class="like-lottie" style="width: 24px; height: 24px;"></span>'} visual_after={'className': 'like-wrapper like-active', 'ariaPressed': '', 'color': 'rgb(51, 51, 51)', 'svgColor': 'rgb(51, 51, 51)', 'svgHtml': '<span data-v-9403e00c="" class="like-lottie" style="width: 24px; height: 24px;"></span>'}
[cdp]   [cdp_publish] Warning: upvote on same page failed. payload={'success': False, 'changed': False, 'state_before': False, 'state_after': False}
[cdp]   POST_COMMENT_RESULT:
[ok] post done (48/83)
[wait] 21s (~0.3min, random 20-30s)
[search-next] keyword=脑力游戏 sort=最新 task=76/42 empty_streak=0 seen_feeds=320
[search-wait] 12s before keyword=脑力游戏 sort=最新
[cdp] spawn timeout=180s cmd=--reuse-existing-tab search-feeds --keyword 脑力游戏 --sort-by 最新 --publish-time 半年内
[cdp] done exit=0 elapsed=7.2s stdout=135929 stderr=0
[cdp] spawn timeout=90s cmd=--reuse-existing-tab get-feed-detail --feed-id 6a5d870d000000000c0158ba --xsec-token(46chars)
[cdp] done exit=0 elapsed=5.1s stdout=14889 stderr=0
[search-scroll-stop] keyword=脑力游戏 sort=最新 usable=1 after scrolls=0 (max=8, skip further scrolls)
[search-filter] keyword=脑力游戏 sort=最新 scrolls=0 {'dup_or_empty_id': 6, 'not_note': 1}
[search-hit] keyword=脑力游戏 sort=最新 raw=41 skipped=7 feedId=6a5d870d000000000c0158ba score=6 title=让娃越玩越聪明的桌游｜我的配对记忆游戏 → post now
[plan] #49 keyword=脑力游戏 title=让娃越玩越聪明的桌游｜我的配对记忆游戏 comments=0 age=1d score=6 msg=4/求推荐 match=3
[post] attempt feedId=6a5d870d000000000c0158ba contentLen=51 also_upvote=1
[cdp] spawn timeout=120s cmd=--reuse-existing-tab post-comment-to-feed --feed-id 6a5d870d000000000c0158ba --xsec-token(46chars) --content(51chars) --also-upvote
[cdp] done exit=0 elapsed=11.3s stdout=2338 stderr=0
[upvote-warn] feedId=6a5d870d000000000c0158ba comment ok but like not confirmed upvote={'success': False, 'changed': False, 'state_before': False, 'state_after': False}
[post] success feedId=6a5d870d000000000c0158ba
[cdp] phase=post-ok exit=0 feedId=6a5d870d000000000c0158ba
[cdp] cmd=--reuse-existing-tab post-comment-to-feed --feed-id 6a5d870d000000000c0158ba --xsec-token(46chars) --content(51chars) --also-upvote
[cdp]   [cdp_publish] Login cache: enabled (ttl=12h).
[cdp]   [cdp_publish] Tab selection mode: prefer reusing existing tab.
[cdp]   [cdp_publish] Reusing existing tab to reduce focus switching: https://www.xiaohongshu.com/explore/6a5d870d000000000c0158ba?xsec_token=ABgO_RO9hCJQb3LOMcuXbRt3s-x2WuecNu66IkYel_tBc=&xsec_source=pc_feed
[cdp]   [cdp_publish] Connecting to ws://127.0.0.1:9222/devtools/page/E0641814139216112256C2BBDD63DEBE
[cdp]   [cdp_publish] Connected to Chrome tab.
[cdp]   [cdp_publish] Using cached login status (home, age=76m, ttl=12h).
[cdp]   [cdp_publish] Home login confirmed (cached).
[cdp]   [cdp_publish] Navigating to https://www.xiaohongshu.com/explore/6a5d870d000000000c0158ba?xsec_token=ABgO_RO9hCJQb3LOMcuXbRt3s-x2WuecNu66IkYel_tBc=&xsec_source=pc_feed
[cdp]   [cdp_publish] Clicking comment input box at (1061, 1223)...
[cdp]   [cdp_publish] Clicking comment submit button at (1293, 1223)...
[cdp]   [cdp_publish] Comment posted. feed_id=6a5d870d000000000c0158ba, length=51
[cdp]   [cdp_publish] Clicking note like in interact bar at (1201, 1223) hint=interact-container .like-wrapper target=SPAN bar=interactions engage-bar top=1211.3333740234375 left=1180.8958740234375 viewport={'w': 1517, 'h': 1291}
[cdp]   [cdp_publish] JS click on like-wrapper, class_after=like-wrapper like-active at=(1207.0052490234375, 1223.3333740234375)
[cdp]   [cdp_publish] Warning: note like click did not activate. state_before=False state_after=False likeRoot.class=like-wrapper like-active visual_before={'className': 'like-wrapper like-active', 'ariaPressed': '', 'color': 'rgb(51, 51, 51)', 'svgColor': 'rgb(51, 51, 51)', 'svgHtml': '<span data-v-9403e00c="" class="like-lottie" style="width: 24px; height: 24px;"></span>'} visual_after={'className': 'like-wrapper like-active', 'ariaPressed': '', 'color': 'rgb(51, 51, 51)', 'svgColor': 'rgb(51, 51, 51)', 'svgHtml': '<span data-v-9403e00c="" class="like-lottie" style="width: 24px; height: 24px;"></span>'}
[cdp]   [cdp_publish] Warning: upvote on same page failed. payload={'success': False, 'changed': False, 'state_before': False, 'state_after': False}
[cdp]   POST_COMMENT_RESULT:
[ok] post done (49/83)
[wait] 27s (~0.5min, random 20-30s)
[search-next] keyword=光学解谜 sort=综合 task=77/42 empty_streak=0 seen_feeds=321
[search-wait] 14s before keyword=光学解谜 sort=综合
[cdp] spawn timeout=180s cmd=--reuse-existing-tab search-feeds --keyword 光学解谜 --sort-by 综合 --publish-time 半年内
[cdp] done exit=0 elapsed=7.5s stdout=132014 stderr=0
[cdp] spawn timeout=90s cmd=--reuse-existing-tab get-feed-detail --feed-id 6a533ae70000000021008879 --xsec-token(46chars)
[cdp] done exit=0 elapsed=5.9s stdout=13358 stderr=0
[search-scroll-stop] keyword=光学解谜 sort=综合 usable=1 after scrolls=0 (max=8, skip further scrolls)
[search-filter] keyword=光学解谜 sort=综合 scrolls=0 {'dup_or_empty_id': 7, 'already_commented': 1, 'not_note': 1}
[search-hit] keyword=光学解谜 sort=综合 raw=42 skipped=9 feedId=6a533ae70000000021008879 score=4 title=如题，找一款解谜游戏 → post now
[plan] #50 keyword=光学解谜 title=如题，找一款解谜游戏 comments=7 age=9d score=4 msg=1/求推荐 match=7
[post] attempt feedId=6a533ae70000000021008879 contentLen=55 also_upvote=1
[cdp] spawn timeout=120s cmd=--reuse-existing-tab post-comment-to-feed --feed-id 6a533ae70000000021008879 --xsec-token(46chars) --content(55chars) --also-upvote
[cdp] done exit=0 elapsed=10.8s stdout=2330 stderr=0
[upvote-warn] feedId=6a533ae70000000021008879 comment ok but like not confirmed upvote={'success': False, 'changed': False, 'state_before': False, 'state_after': False}
[post] success feedId=6a533ae70000000021008879
[cdp] phase=post-ok exit=0 feedId=6a533ae70000000021008879
[cdp] cmd=--reuse-existing-tab post-comment-to-feed --feed-id 6a533ae70000000021008879 --xsec-token(46chars) --content(55chars) --also-upvote
[cdp]   [cdp_publish] Login cache: enabled (ttl=12h).
[cdp]   [cdp_publish] Tab selection mode: prefer reusing existing tab.
[cdp]   [cdp_publish] Reusing existing tab to reduce focus switching: https://www.xiaohongshu.com/explore/6a533ae70000000021008879?xsec_token=ABJ3plvRwROb9sEFa05V5BKAGVxFizcVrQkDWqQ8f5vZo=&xsec_source=pc_feed
[cdp]   [cdp_publish] Connecting to ws://127.0.0.1:9222/devtools/page/E0641814139216112256C2BBDD63DEBE
[cdp]   [cdp_publish] Connected to Chrome tab.
[cdp]   [cdp_publish] Using cached login status (home, age=77m, ttl=12h).
[cdp]   [cdp_publish] Home login confirmed (cached).
[cdp]   [cdp_publish] Navigating to https://www.xiaohongshu.com/explore/6a533ae70000000021008879?xsec_token=ABJ3plvRwROb9sEFa05V5BKAGVxFizcVrQkDWqQ8f5vZo=&xsec_source=pc_feed
[cdp]   [cdp_publish] Clicking comment input box at (1061, 1223)...
[cdp]   [cdp_publish] Clicking comment submit button at (1293, 1223)...
[cdp]   [cdp_publish] Comment posted. feed_id=6a533ae70000000021008879, length=55
[cdp]   [cdp_publish] Clicking note like in interact bar at (1212, 1223) hint=interact-container .like-wrapper target=SPAN bar=interactions engage-bar top=1211.3333740234375 left=1192.46875 viewport={'w': 1517, 'h': 1291}
[cdp]   [cdp_publish] JS click on like-wrapper, class_after=like-wrapper like-active at=(1222.6822929382324, 1223.3333740234375)
[cdp]   [cdp_publish] Warning: note like click did not activate. state_before=False state_after=False likeRoot.class=like-wrapper like-active visual_before={'className': 'like-wrapper like-active', 'ariaPressed': '', 'color': 'rgb(51, 51, 51)', 'svgColor': 'rgb(51, 51, 51)', 'svgHtml': '<span data-v-9403e00c="" class="like-lottie" style="width: 24px; height: 24px;"></span>'} visual_after={'className': 'like-wrapper like-active', 'ariaPressed': '', 'color': 'rgb(51, 51, 51)', 'svgColor': 'rgb(51, 51, 51)', 'svgHtml': '<span data-v-9403e00c="" class="like-lottie" style="width: 24px; height: 24px;"></span>'}
[cdp]   [cdp_publish] Warning: upvote on same page failed. payload={'success': False, 'changed': False, 'state_before': False, 'state_after': False}
[cdp]   POST_COMMENT_RESULT:
[ok] post done (50/83)
[wait] 26s (~0.4min, random 20-30s)
[search-next] keyword=光学解谜 sort=最新 task=78/42 empty_streak=0 seen_feeds=323
[search-wait] 12s before keyword=光学解谜 sort=最新
[cdp] spawn timeout=180s cmd=--reuse-existing-tab search-feeds --keyword 光学解谜 --sort-by 最新 --publish-time 半年内
[cdp] done exit=0 elapsed=7.3s stdout=198336 stderr=0
[cdp] spawn timeout=90s cmd=--reuse-existing-tab get-feed-detail --feed-id 6a4642fb000000000803fc45 --xsec-token(46chars)
[cdp] done exit=0 elapsed=5.6s stdout=16161 stderr=0
[search-scroll-stop] keyword=光学解谜 sort=最新 usable=1 after scrolls=0 (max=8, skip further scrolls)
[search-filter] keyword=光学解谜 sort=最新 scrolls=0 {'dup_or_empty_id': 2}
[search-hit] keyword=光学解谜 sort=最新 raw=42 skipped=2 feedId=6a4642fb000000000803fc45 score=6 title=《巡洄》深度体验 → post now
[plan] #51 keyword=光学解谜 title=《巡洄》深度体验 comments=2 age=19d score=6 msg=18/烧脑卡关 match=7
[post] attempt feedId=6a4642fb000000000803fc45 contentLen=35 also_upvote=1
[cdp] spawn timeout=120s cmd=--reuse-existing-tab post-comment-to-feed --feed-id 6a4642fb000000000803fc45 --xsec-token(46chars) --content(35chars) --also-upvote
[cdp] done exit=0 elapsed=11.4s stdout=2330 stderr=0
[upvote-warn] feedId=6a4642fb000000000803fc45 comment ok but like not confirmed upvote={'success': False, 'changed': False, 'state_before': False, 'state_after': False}
[post] success feedId=6a4642fb000000000803fc45
[cdp] phase=post-ok exit=0 feedId=6a4642fb000000000803fc45
[cdp] cmd=--reuse-existing-tab post-comment-to-feed --feed-id 6a4642fb000000000803fc45 --xsec-token(46chars) --content(35chars) --also-upvote
[cdp]   [cdp_publish] Login cache: enabled (ttl=12h).
[cdp]   [cdp_publish] Tab selection mode: prefer reusing existing tab.
[cdp]   [cdp_publish] Reusing existing tab to reduce focus switching: https://www.xiaohongshu.com/explore/6a4642fb000000000803fc45?xsec_token=ABYvSwgXEOpxnl0xFHdfQ086X2i5DV_0NqtdCM7mhWsLA=&xsec_source=pc_feed
[cdp]   [cdp_publish] Connecting to ws://127.0.0.1:9222/devtools/page/E0641814139216112256C2BBDD63DEBE
[cdp]   [cdp_publish] Connected to Chrome tab.
[cdp]   [cdp_publish] Using cached login status (home, age=78m, ttl=12h).
[cdp]   [cdp_publish] Home login confirmed (cached).
[cdp]   [cdp_publish] Navigating to https://www.xiaohongshu.com/explore/6a4642fb000000000803fc45?xsec_token=ABYvSwgXEOpxnl0xFHdfQ086X2i5DV_0NqtdCM7mhWsLA=&xsec_source=pc_feed
[cdp]   [cdp_publish] Clicking comment input box at (1061, 1223)...
[cdp]   [cdp_publish] Clicking comment submit button at (1293, 1223)...
[cdp]   [cdp_publish] Comment posted. feed_id=6a4642fb000000000803fc45, length=35
[cdp]   [cdp_publish] Clicking note like in interact bar at (1212, 1223) hint=interact-container .like-wrapper target=SPAN bar=interactions engage-bar top=1211.3333740234375 left=1192.46875 viewport={'w': 1517, 'h': 1291}
[cdp]   [cdp_publish] JS click on like-wrapper, class_after=like-wrapper like-active at=(1222.6822929382324, 1223.3333740234375)
[cdp]   [cdp_publish] Warning: note like click did not activate. state_before=False state_after=False likeRoot.class=like-wrapper like-active visual_before={'className': 'like-wrapper like-active', 'ariaPressed': '', 'color': 'rgb(51, 51, 51)', 'svgColor': 'rgb(51, 51, 51)', 'svgHtml': '<span data-v-9403e00c="" class="like-lottie" style="width: 24px; height: 24px;"></span>'} visual_after={'className': 'like-wrapper like-active', 'ariaPressed': '', 'color': 'rgb(51, 51, 51)', 'svgColor': 'rgb(51, 51, 51)', 'svgHtml': '<span data-v-9403e00c="" class="like-lottie" style="width: 24px; height: 24px;"></span>'}
[cdp]   [cdp_publish] Warning: upvote on same page failed. payload={'success': False, 'changed': False, 'state_before': False, 'state_after': False}
[cdp]   POST_COMMENT_RESULT:
[ok] post done (51/83)
[wait] 25s (~0.4min, random 20-30s)
[search-next] keyword=光线迷宫 sort=综合 task=79/42 empty_streak=0 seen_feeds=324
[search-wait] 11s before keyword=光线迷宫 sort=综合
[cdp] spawn timeout=180s cmd=--reuse-existing-tab search-feeds --keyword 光线迷宫 --sort-by 综合 --publish-time 半年内
[cdp] done exit=0 elapsed=8.4s stdout=140984 stderr=0
[cdp] spawn timeout=90s cmd=--reuse-existing-tab get-feed-detail --feed-id 6a4f17e2000000000603443a --xsec-token(46chars)
[cdp] done exit=0 elapsed=5.3s stdout=7601 stderr=0
[search-scroll-stop] keyword=光线迷宫 sort=综合 usable=1 after scrolls=0 (max=8, skip further scrolls)
[search-filter] keyword=光线迷宫 sort=综合 scrolls=0 {'dup_or_empty_id': 2, 'too_old': 1}
[search-hit] keyword=光线迷宫 sort=综合 raw=42 skipped=3 feedId=6a4f17e2000000000603443a score=2 title=玻璃迷宫｜关键词 → post now
[plan] #52 keyword=光线迷宫 title=玻璃迷宫｜关键词 comments=0 age=12d score=2 msg=13/微信小游戏 match=0
[post] attempt feedId=6a4f17e2000000000603443a contentLen=35 also_upvote=1
[cdp] spawn timeout=120s cmd=--reuse-existing-tab post-comment-to-feed --feed-id 6a4f17e2000000000603443a --xsec-token(46chars) --content(35chars) --also-upvote
[cdp] done exit=0 elapsed=10.1s stdout=2337 stderr=0
[upvote-warn] feedId=6a4f17e2000000000603443a comment ok but like not confirmed upvote={'success': False, 'changed': False, 'state_before': False, 'state_after': False}
[post] success feedId=6a4f17e2000000000603443a
[cdp] phase=post-ok exit=0 feedId=6a4f17e2000000000603443a
[cdp] cmd=--reuse-existing-tab post-comment-to-feed --feed-id 6a4f17e2000000000603443a --xsec-token(46chars) --content(35chars) --also-upvote
[cdp]   [cdp_publish] Login cache: enabled (ttl=12h).
[cdp]   [cdp_publish] Tab selection mode: prefer reusing existing tab.
[cdp]   [cdp_publish] Reusing existing tab to reduce focus switching: https://www.xiaohongshu.com/explore/6a4f17e2000000000603443a?xsec_token=ABuwcGkRpPIjq1T8xBjajU_DV27VPZAuniC1Lt747BmY8=&xsec_source=pc_feed
[cdp]   [cdp_publish] Connecting to ws://127.0.0.1:9222/devtools/page/E0641814139216112256C2BBDD63DEBE
[cdp]   [cdp_publish] Connected to Chrome tab.
[cdp]   [cdp_publish] Using cached login status (home, age=79m, ttl=12h).
[cdp]   [cdp_publish] Home login confirmed (cached).
[cdp]   [cdp_publish] Navigating to https://www.xiaohongshu.com/explore/6a4f17e2000000000603443a?xsec_token=ABuwcGkRpPIjq1T8xBjajU_DV27VPZAuniC1Lt747BmY8=&xsec_source=pc_feed
[cdp]   [cdp_publish] Clicking comment input box at (1061, 1223)...
[cdp]   [cdp_publish] Clicking comment submit button at (1293, 1223)...
[cdp]   [cdp_publish] Comment posted. feed_id=6a4f17e2000000000603443a, length=35
[cdp]   [cdp_publish] Clicking note like in interact bar at (1184, 1223) hint=interact-container .like-wrapper target=SPAN bar=interactions engage-bar top=1211.3333740234375 left=1164.479248046875 viewport={'w': 1517, 'h': 1291}
[cdp]   [cdp_publish] JS click on like-wrapper, class_after=like-wrapper like-active at=(1194.6927909851074, 1223.3333740234375)
[cdp]   [cdp_publish] Warning: note like click did not activate. state_before=False state_after=False likeRoot.class=like-wrapper like-active visual_before={'className': 'like-wrapper like-active', 'ariaPressed': '', 'color': 'rgb(51, 51, 51)', 'svgColor': 'rgb(51, 51, 51)', 'svgHtml': '<span data-v-9403e00c="" class="like-lottie" style="width: 24px; height: 24px;"></span>'} visual_after={'className': 'like-wrapper like-active', 'ariaPressed': '', 'color': 'rgb(51, 51, 51)', 'svgColor': 'rgb(51, 51, 51)', 'svgHtml': '<span data-v-9403e00c="" class="like-lottie" style="width: 24px; height: 24px;"></span>'}
[cdp]   [cdp_publish] Warning: upvote on same page failed. payload={'success': False, 'changed': False, 'state_before': False, 'state_after': False}
[cdp]   POST_COMMENT_RESULT:
[ok] post done (52/83)
[wait] 29s (~0.5min, random 20-30s)
[search-next] keyword=光线迷宫 sort=最新 task=80/42 empty_streak=0 seen_feeds=326
[search-wait] 7s before keyword=光线迷宫 sort=最新
[cdp] spawn timeout=180s cmd=--reuse-existing-tab search-feeds --keyword 光线迷宫 --sort-by 最新 --publish-time 半年内
[cdp] done exit=0 elapsed=7.5s stdout=139864 stderr=0
[cdp] spawn timeout=90s cmd=--reuse-existing-tab get-feed-detail --feed-id 6a544eba00000000150263a4 --xsec-token(46chars)
[cdp] done exit=0 elapsed=5.5s stdout=21808 stderr=0
[search-scroll-stop] keyword=光线迷宫 sort=最新 usable=1 after scrolls=0 (max=8, skip further scrolls)
[search-filter] keyword=光线迷宫 sort=最新 scrolls=0 {'dup_or_empty_id': 1}
[search-hit] keyword=光线迷宫 sort=最新 raw=42 skipped=1 feedId=6a544eba00000000150263a4 score=4 title=三色光竟然有65种组合❗最后迷宫到底咋过❓ → post now
[plan] #53 keyword=光线迷宫 title=三色光竟然有65种组合❗最后迷宫到底咋过❓ comments=6 age=8d score=4 msg=1/求推荐 match=5
[post] attempt feedId=6a544eba00000000150263a4 contentLen=55 also_upvote=1
[cdp] spawn timeout=120s cmd=--reuse-existing-tab post-comment-to-feed --feed-id 6a544eba00000000150263a4 --xsec-token(46chars) --content(55chars) --also-upvote
[cdp] done exit=0 elapsed=11.4s stdout=2337 stderr=0
[upvote-warn] feedId=6a544eba00000000150263a4 comment ok but like not confirmed upvote={'success': False, 'changed': False, 'state_before': False, 'state_after': False}
[post] success feedId=6a544eba00000000150263a4
[cdp] phase=post-ok exit=0 feedId=6a544eba00000000150263a4
[cdp] cmd=--reuse-existing-tab post-comment-to-feed --feed-id 6a544eba00000000150263a4 --xsec-token(46chars) --content(55chars) --also-upvote
[cdp]   [cdp_publish] Login cache: enabled (ttl=12h).
[cdp]   [cdp_publish] Tab selection mode: prefer reusing existing tab.
[cdp]   [cdp_publish] Reusing existing tab to reduce focus switching: https://www.xiaohongshu.com/explore/6a544eba00000000150263a4?xsec_token=ABdaTAdFTlq1Ntqy8uPL7hJQZXdkNkyMZ4WFsVOK5OXC4=&xsec_source=pc_feed
[cdp]   [cdp_publish] Connecting to ws://127.0.0.1:9222/devtools/page/E0641814139216112256C2BBDD63DEBE
[cdp]   [cdp_publish] Connected to Chrome tab.
[cdp]   [cdp_publish] Using cached login status (home, age=80m, ttl=12h).
[cdp]   [cdp_publish] Home login confirmed (cached).
[cdp]   [cdp_publish] Navigating to https://www.xiaohongshu.com/explore/6a544eba00000000150263a4?xsec_token=ABdaTAdFTlq1Ntqy8uPL7hJQZXdkNkyMZ4WFsVOK5OXC4=&xsec_source=pc_feed
[cdp]   [cdp_publish] Clicking comment input box at (1061, 1223)...
[cdp]   [cdp_publish] Clicking comment submit button at (1293, 1223)...
[cdp]   [cdp_publish] Comment posted. feed_id=6a544eba00000000150263a4, length=55
[cdp]   [cdp_publish] Clicking note like in interact bar at (1204, 1223) hint=interact-container .like-wrapper target=SPAN bar=interactions engage-bar top=1211.3333740234375 left=1184.260498046875 viewport={'w': 1517, 'h': 1291}
[cdp]   [cdp_publish] JS click on like-wrapper, class_after=like-wrapper like-active at=(1214.4740409851074, 1223.3333740234375)
[cdp]   [cdp_publish] Warning: note like click did not activate. state_before=False state_after=False likeRoot.class=like-wrapper like-active visual_before={'className': 'like-wrapper like-active', 'ariaPressed': '', 'color': 'rgb(51, 51, 51)', 'svgColor': 'rgb(51, 51, 51)', 'svgHtml': '<span data-v-9403e00c="" class="like-lottie" style="width: 24px; height: 24px;"></span>'} visual_after={'className': 'like-wrapper like-active', 'ariaPressed': '', 'color': 'rgb(51, 51, 51)', 'svgColor': 'rgb(51, 51, 51)', 'svgHtml': '<span data-v-9403e00c="" class="like-lottie" style="width: 24px; height: 24px;"></span>'}
[cdp]   [cdp_publish] Warning: upvote on same page failed. payload={'success': False, 'changed': False, 'state_before': False, 'state_after': False}
[cdp]   POST_COMMENT_RESULT:
[ok] post done (53/83)
[wait] 27s (~0.5min, random 20-30s)
[search-next] keyword=微信游戏推荐 sort=综合 task=81/42 empty_streak=0 seen_feeds=327
[search-wait] 10s before keyword=微信游戏推荐 sort=综合
[cdp] spawn timeout=180s cmd=--reuse-existing-tab search-feeds --keyword 微信游戏推荐 --sort-by 综合 --publish-time 半年内
[cdp] done exit=0 elapsed=7.0s stdout=125747 stderr=0
[cdp] spawn timeout=90s cmd=--reuse-existing-tab get-feed-detail --feed-id 6a1cfe2000000000060365c0 --xsec-token(46chars)
[cdp] done exit=0 elapsed=5.4s stdout=15580 stderr=0
[search-scroll-stop] keyword=微信游戏推荐 sort=综合 usable=1 after scrolls=0 (max=8, skip further scrolls)
[search-filter] keyword=微信游戏推荐 sort=综合 scrolls=0 {'dup_or_empty_id': 14, 'not_note': 1, 'already_commented': 3, 'too_old': 3, 'bad_title': 1}
[search-hit] keyword=微信游戏推荐 sort=综合 raw=42 skipped=22 feedId=6a1cfe2000000000060365c0 score=6 title=一个神仙小游戏，解压➕学习 → post now
[plan] #54 keyword=微信游戏推荐 title=一个神仙小游戏，解压➕学习 comments=4 age=50d score=6 msg=11/微信小游戏 match=10
[post] attempt feedId=6a1cfe2000000000060365c0 contentLen=42 also_upvote=1
[cdp] spawn timeout=120s cmd=--reuse-existing-tab post-comment-to-feed --feed-id 6a1cfe2000000000060365c0 --xsec-token(46chars) --content(42chars) --also-upvote
[cdp] done exit=0 elapsed=11.0s stdout=2337 stderr=0
[upvote-warn] feedId=6a1cfe2000000000060365c0 comment ok but like not confirmed upvote={'success': False, 'changed': False, 'state_before': False, 'state_after': False}
[post] success feedId=6a1cfe2000000000060365c0
[cdp] phase=post-ok exit=0 feedId=6a1cfe2000000000060365c0
[cdp] cmd=--reuse-existing-tab post-comment-to-feed --feed-id 6a1cfe2000000000060365c0 --xsec-token(46chars) --content(42chars) --also-upvote
[cdp]   [cdp_publish] Login cache: enabled (ttl=12h).
[cdp]   [cdp_publish] Tab selection mode: prefer reusing existing tab.
[cdp]   [cdp_publish] Reusing existing tab to reduce focus switching: https://www.xiaohongshu.com/explore/6a1cfe2000000000060365c0?xsec_token=ABsSKR1s9ksA3nygePK4Bs5lq9qsthMqc7o4NOfH2NBj0=&xsec_source=pc_feed
[cdp]   [cdp_publish] Connecting to ws://127.0.0.1:9222/devtools/page/E0641814139216112256C2BBDD63DEBE
[cdp]   [cdp_publish] Connected to Chrome tab.
[cdp]   [cdp_publish] Using cached login status (home, age=81m, ttl=12h).
[cdp]   [cdp_publish] Home login confirmed (cached).
[cdp]   [cdp_publish] Navigating to https://www.xiaohongshu.com/explore/6a1cfe2000000000060365c0?xsec_token=ABsSKR1s9ksA3nygePK4Bs5lq9qsthMqc7o4NOfH2NBj0=&xsec_source=pc_feed
[cdp]   [cdp_publish] Clicking comment input box at (909, 1223)...
[cdp]   [cdp_publish] Clicking comment submit button at (1141, 1223)...
[cdp]   [cdp_publish] Comment posted. feed_id=6a1cfe2000000000060365c0, length=42
[cdp]   [cdp_publish] Clicking note like in interact bar at (1068, 1223) hint=interact-container .like-wrapper target=SPAN bar=interactions engage-bar top=1211.3333740234375 left=1048.2623291015625 viewport={'w': 1517, 'h': 1291}
[cdp]   [cdp_publish] JS click on like-wrapper, class_after=like-wrapper like-active at=(1074.3717041015625, 1223.3333740234375)
[cdp]   [cdp_publish] Warning: note like click did not activate. state_before=False state_after=False likeRoot.class=like-wrapper like-active visual_before={'className': 'like-wrapper like-active', 'ariaPressed': '', 'color': 'rgb(51, 51, 51)', 'svgColor': 'rgb(51, 51, 51)', 'svgHtml': '<span data-v-9403e00c="" class="like-lottie" style="width: 24px; height: 24px;"></span>'} visual_after={'className': 'like-wrapper like-active', 'ariaPressed': '', 'color': 'rgb(51, 51, 51)', 'svgColor': 'rgb(51, 51, 51)', 'svgHtml': '<span data-v-9403e00c="" class="like-lottie" style="width: 24px; height: 24px;"></span>'}
[cdp]   [cdp_publish] Warning: upvote on same page failed. payload={'success': False, 'changed': False, 'state_before': False, 'state_after': False}
[cdp]   POST_COMMENT_RESULT:
[ok] post done (54/83)
[wait] 28s (~0.5min, random 20-30s)
[search-next] keyword=微信游戏推荐 sort=最新 task=82/42 empty_streak=0 seen_feeds=335
[search-wait] 14s before keyword=微信游戏推荐 sort=最新
[cdp] spawn timeout=180s cmd=--reuse-existing-tab search-feeds --keyword 微信游戏推荐 --sort-by 最新 --publish-time 半年内
[cdp] done exit=0 elapsed=8.2s stdout=139157 stderr=0
[cdp] spawn timeout=90s cmd=--reuse-existing-tab get-feed-detail --feed-id 6a5db55c000000000e037464 --xsec-token(46chars)
[cdp] done exit=0 elapsed=5.5s stdout=14825 stderr=0
[search-scroll-stop] keyword=微信游戏推荐 sort=最新 usable=1 after scrolls=0 (max=8, skip further scrolls)
[search-filter] keyword=微信游戏推荐 sort=最新 scrolls=0 {'dup_or_empty_id': 7, 'not_note': 1}
[search-hit] keyword=微信游戏推荐 sort=最新 raw=41 skipped=8 feedId=6a5db55c000000000e037464 score=6 title=发现了个好玩的微信小游戏 → post now
[plan] #55 keyword=微信游戏推荐 title=发现了个好玩的微信小游戏 comments=2 age=1d score=6 msg=11/微信小游戏 match=10
[post] attempt feedId=6a5db55c000000000e037464 contentLen=42 also_upvote=1
[cdp] spawn timeout=120s cmd=--reuse-existing-tab post-comment-to-feed --feed-id 6a5db55c000000000e037464 --xsec-token(46chars) --content(42chars) --also-upvote
[cdp] done exit=0 elapsed=11.1s stdout=2338 stderr=0
[upvote-warn] feedId=6a5db55c000000000e037464 comment ok but like not confirmed upvote={'success': False, 'changed': False, 'state_before': False, 'state_after': False}
[post] success feedId=6a5db55c000000000e037464
[cdp] phase=post-ok exit=0 feedId=6a5db55c000000000e037464
[cdp] cmd=--reuse-existing-tab post-comment-to-feed --feed-id 6a5db55c000000000e037464 --xsec-token(46chars) --content(42chars) --also-upvote
[cdp]   [cdp_publish] Login cache: enabled (ttl=12h).
[cdp]   [cdp_publish] Tab selection mode: prefer reusing existing tab.
[cdp]   [cdp_publish] Reusing existing tab to reduce focus switching: https://www.xiaohongshu.com/explore/6a5db55c000000000e037464?xsec_token=ABgO_RO9hCJQb3LOMcuXbRtyRedsu4YRA-EmE2aNseVKI=&xsec_source=pc_feed
[cdp]   [cdp_publish] Connecting to ws://127.0.0.1:9222/devtools/page/E0641814139216112256C2BBDD63DEBE
[cdp]   [cdp_publish] Connected to Chrome tab.
[cdp]   [cdp_publish] Using cached login status (home, age=82m, ttl=12h).
[cdp]   [cdp_publish] Home login confirmed (cached).
[cdp]   [cdp_publish] Navigating to https://www.xiaohongshu.com/explore/6a5db55c000000000e037464?xsec_token=ABgO_RO9hCJQb3LOMcuXbRtyRedsu4YRA-EmE2aNseVKI=&xsec_source=pc_feed
[cdp]   [cdp_publish] Clicking comment input box at (1061, 1223)...
[cdp]   [cdp_publish] Clicking comment submit button at (1293, 1223)...
[cdp]   [cdp_publish] Comment posted. feed_id=6a5db55c000000000e037464, length=42
[cdp]   [cdp_publish] Clicking note like in interact bar at (1201, 1223) hint=interact-container .like-wrapper target=SPAN bar=interactions engage-bar top=1211.3333740234375 left=1180.8958740234375 viewport={'w': 1517, 'h': 1291}
[cdp]   [cdp_publish] JS click on like-wrapper, class_after=like-wrapper like-active at=(1207.0052490234375, 1223.3333740234375)
[cdp]   [cdp_publish] Warning: note like click did not activate. state_before=False state_after=False likeRoot.class=like-wrapper like-active visual_before={'className': 'like-wrapper like-active', 'ariaPressed': '', 'color': 'rgb(51, 51, 51)', 'svgColor': 'rgb(51, 51, 51)', 'svgHtml': '<span data-v-9403e00c="" class="like-lottie" style="width: 24px; height: 24px;"></span>'} visual_after={'className': 'like-wrapper like-active', 'ariaPressed': '', 'color': 'rgb(51, 51, 51)', 'svgColor': 'rgb(51, 51, 51)', 'svgHtml': '<span data-v-9403e00c="" class="like-lottie" style="width: 24px; height: 24px;"></span>'}
[cdp]   [cdp_publish] Warning: upvote on same page failed. payload={'success': False, 'changed': False, 'state_before': False, 'state_after': False}
[cdp]   POST_COMMENT_RESULT:
[ok] post done (55/83)
[wait] 26s (~0.4min, random 20-30s)
[search-next] keyword=小游戏安利 sort=综合 task=83/42 empty_streak=0 seen_feeds=336
[search-wait] 10s before keyword=小游戏安利 sort=综合
[cdp] spawn timeout=180s cmd=--reuse-existing-tab search-feeds --keyword 小游戏安利 --sort-by 综合 --publish-time 半年内
[cdp] done exit=0 elapsed=7.2s stdout=133964 stderr=0
[cdp] spawn timeout=90s cmd=--reuse-existing-tab get-feed-detail --feed-id 6a57a35b000000000f0149f3 --xsec-token(46chars)
[cdp] done exit=0 elapsed=5.9s stdout=26409 stderr=0
[search-scroll-stop] keyword=小游戏安利 sort=综合 usable=1 after scrolls=0 (max=8, skip further scrolls)
[search-filter] keyword=小游戏安利 sort=综合 scrolls=0 {'dup_or_empty_id': 3, 'bad_publish_date': 1}
[search-hit] keyword=小游戏安利 sort=综合 raw=42 skipped=4 feedId=6a57a35b000000000f0149f3 score=6 title=有没有那种没有强制性要求看广告的小游戏啊 → post now
[plan] #56 keyword=小游戏安利 title=有没有那种没有强制性要求看广告的小游戏啊 comments=9 age=6d score=6 msg=1/求推荐 match=19
[post] attempt feedId=6a57a35b000000000f0149f3 contentLen=55 also_upvote=1
[cdp] spawn timeout=120s cmd=--reuse-existing-tab post-comment-to-feed --feed-id 6a57a35b000000000f0149f3 --xsec-token(46chars) --content(55chars) --also-upvote
[cdp] done exit=0 elapsed=11.1s stdout=2322 stderr=0
[upvote-warn] feedId=6a57a35b000000000f0149f3 comment ok but like not confirmed upvote={'success': False, 'changed': False, 'state_before': False, 'state_after': False}
[post] success feedId=6a57a35b000000000f0149f3
[cdp] phase=post-ok exit=0 feedId=6a57a35b000000000f0149f3
[cdp] cmd=--reuse-existing-tab post-comment-to-feed --feed-id 6a57a35b000000000f0149f3 --xsec-token(46chars) --content(55chars) --also-upvote
[cdp]   [cdp_publish] Login cache: enabled (ttl=12h).
[cdp]   [cdp_publish] Tab selection mode: prefer reusing existing tab.
[cdp]   [cdp_publish] Reusing existing tab to reduce focus switching: https://www.xiaohongshu.com/explore/6a57a35b000000000f0149f3?xsec_token=ABZIZHoYD7gzNDo590xj4gXgg6hbJfWdpaOPNlkgna-Mo=&xsec_source=pc_feed
[cdp]   [cdp_publish] Connecting to ws://127.0.0.1:9222/devtools/page/E0641814139216112256C2BBDD63DEBE
[cdp]   [cdp_publish] Connected to Chrome tab.
[cdp]   [cdp_publish] Using cached login status (home, age=83m, ttl=12h).
[cdp]   [cdp_publish] Home login confirmed (cached).
[cdp]   [cdp_publish] Navigating to https://www.xiaohongshu.com/explore/6a57a35b000000000f0149f3?xsec_token=ABZIZHoYD7gzNDo590xj4gXgg6hbJfWdpaOPNlkgna-Mo=&xsec_source=pc_feed
[cdp]   [cdp_publish] Clicking comment input box at (1061, 1223)...
[cdp]   [cdp_publish] Clicking comment submit button at (1293, 1223)...
[cdp]   [cdp_publish] Comment posted. feed_id=6a57a35b000000000f0149f3, length=55
[cdp]   [cdp_publish] Clicking note like in interact bar at (1193, 1223) hint=interact-container .like-wrapper target=SPAN bar=interactions engage-bar top=1211.3333740234375 left=1172.6875 viewport={'w': 1517, 'h': 1291}
[cdp]   [cdp_publish] JS click on like-wrapper, class_after=like-wrapper like-active at=(1198.796875, 1223.3333740234375)
[cdp]   [cdp_publish] Warning: note like click did not activate. state_before=False state_after=False likeRoot.class=like-wrapper like-active visual_before={'className': 'like-wrapper like-active', 'ariaPressed': '', 'color': 'rgb(51, 51, 51)', 'svgColor': 'rgb(51, 51, 51)', 'svgHtml': '<span data-v-9403e00c="" class="like-lottie" style="width: 24px; height: 24px;"></span>'} visual_after={'className': 'like-wrapper like-active', 'ariaPressed': '', 'color': 'rgb(51, 51, 51)', 'svgColor': 'rgb(51, 51, 51)', 'svgHtml': '<span data-v-9403e00c="" class="like-lottie" style="width: 24px; height: 24px;"></span>'}
[cdp]   [cdp_publish] Warning: upvote on same page failed. payload={'success': False, 'changed': False, 'state_before': False, 'state_after': False}
[cdp]   POST_COMMENT_RESULT:
[ok] post done (56/83)
[wait] 28s (~0.5min, random 20-30s)
[search-next] keyword=小游戏安利 sort=最新 task=84/42 empty_streak=0 seen_feeds=338
[search-wait] 12s before keyword=小游戏安利 sort=最新
[cdp] spawn timeout=180s cmd=--reuse-existing-tab search-feeds --keyword 小游戏安利 --sort-by 最新 --publish-time 半年内
[cdp] done exit=0 elapsed=8.1s stdout=120744 stderr=0
[cdp] spawn timeout=90s cmd=--reuse-existing-tab get-feed-detail --feed-id 6a5e3a5c000000001101af1d --xsec-token(46chars)
[cdp] done exit=0 elapsed=5.7s stdout=11636 stderr=0
[search-scroll-stop] keyword=小游戏安利 sort=最新 usable=1 after scrolls=0 (max=8, skip further scrolls)
[search-filter] keyword=小游戏安利 sort=最新 scrolls=0 {'bad_title': 1, 'dup_or_empty_id': 4, 'bad_publish_date': 1, 'not_note': 1}
[search-hit] keyword=小游戏安利 sort=最新 raw=42 skipped=7 feedId=6a5e3a5c000000001101af1d score=6 title=休闲小游戏 → post now
[plan] #57 keyword=小游戏安利 title=休闲小游戏 comments=6 age=1d score=6 msg=1/求推荐 match=5
[post] attempt feedId=6a5e3a5c000000001101af1d contentLen=55 also_upvote=1
[cdp] spawn timeout=120s cmd=--reuse-existing-tab post-comment-to-feed --feed-id 6a5e3a5c000000001101af1d --xsec-token(46chars) --content(55chars) --also-upvote
[cdp] done exit=0 elapsed=10.3s stdout=2337 stderr=0
[upvote-warn] feedId=6a5e3a5c000000001101af1d comment ok but like not confirmed upvote={'success': False, 'changed': False, 'state_before': False, 'state_after': False}
[post] success feedId=6a5e3a5c000000001101af1d
[cdp] phase=post-ok exit=0 feedId=6a5e3a5c000000001101af1d
[cdp] cmd=--reuse-existing-tab post-comment-to-feed --feed-id 6a5e3a5c000000001101af1d --xsec-token(46chars) --content(55chars) --also-upvote
[cdp]   [cdp_publish] Login cache: enabled (ttl=12h).
[cdp]   [cdp_publish] Tab selection mode: prefer reusing existing tab.
[cdp]   [cdp_publish] Reusing existing tab to reduce focus switching: https://www.xiaohongshu.com/explore/6a5e3a5c000000001101af1d?xsec_token=ABzSx9hXhrOzrb6AcgKGBZveZpSaLw82faWZliGNgHknE=&xsec_source=pc_feed
[cdp]   [cdp_publish] Connecting to ws://127.0.0.1:9222/devtools/page/E0641814139216112256C2BBDD63DEBE
[cdp]   [cdp_publish] Connected to Chrome tab.
[cdp]   [cdp_publish] Using cached login status (home, age=85m, ttl=12h).
[cdp]   [cdp_publish] Home login confirmed (cached).
[cdp]   [cdp_publish] Navigating to https://www.xiaohongshu.com/explore/6a5e3a5c000000001101af1d?xsec_token=ABzSx9hXhrOzrb6AcgKGBZveZpSaLw82faWZliGNgHknE=&xsec_source=pc_feed
[cdp]   [cdp_publish] Clicking comment input box at (902, 1223)...
[cdp]   [cdp_publish] Clicking comment submit button at (1134, 1223)...
[cdp]   [cdp_publish] Comment posted. feed_id=6a5e3a5c000000001101af1d, length=55
[cdp]   [cdp_publish] Clicking note like in interact bar at (1070, 1223) hint=interact-container .like-wrapper target=SPAN bar=interactions engage-bar top=1211.3333740234375 left=1050.0389404296875 viewport={'w': 1517, 'h': 1291}
[cdp]   [cdp_publish] JS click on like-wrapper, class_after=like-wrapper like-active at=(1072.0389404296875, 1223.3333740234375)
[cdp]   [cdp_publish] Warning: note like click did not activate. state_before=False state_after=False likeRoot.class=like-wrapper like-active visual_before={'className': 'like-wrapper like-active', 'ariaPressed': '', 'color': 'rgb(51, 51, 51)', 'svgColor': 'rgb(51, 51, 51)', 'svgHtml': '<span data-v-9403e00c="" class="like-lottie" style="width: 24px; height: 24px;"></span>'} visual_after={'className': 'like-wrapper like-active', 'ariaPressed': '', 'color': 'rgb(51, 51, 51)', 'svgColor': 'rgb(51, 51, 51)', 'svgHtml': '<span data-v-9403e00c="" class="like-lottie" style="width: 24px; height: 24px;"></span>'}
[cdp]   [cdp_publish] Warning: upvote on same page failed. payload={'success': False, 'changed': False, 'state_before': False, 'state_after': False}
[cdp]   POST_COMMENT_RESULT:
[ok] post done (57/83)
[wait] 21s (~0.3min, random 20-30s)
[search-next] keyword=益智小游戏 sort=综合 task=85/42 empty_streak=0 seen_feeds=341
[search-wait] 10s before keyword=益智小游戏 sort=综合
[cdp] spawn timeout=180s cmd=--reuse-existing-tab search-feeds --keyword 益智小游戏 --sort-by 综合 --publish-time 半年内
[cdp] done exit=0 elapsed=8.2s stdout=138309 stderr=0
[search-scroll-next] keyword=益智小游戏 sort=综合 raw=42 usable=0 scroll once (1/8)
[cdp] spawn timeout=180s cmd=--reuse-existing-tab search-feeds-scroll
[cdp] done exit=0 elapsed=1.7s stdout=227484 stderr=0
[search-scroll-next] keyword=益智小游戏 sort=综合 raw=66 usable=0 scroll once (2/8)
[cdp] spawn timeout=180s cmd=--reuse-existing-tab search-feeds-scroll
[cdp] done exit=0 elapsed=1.6s stdout=314208 stderr=0
[cdp] spawn timeout=90s cmd=--reuse-existing-tab get-feed-detail --feed-id 6a5361b6000000002200ab9f --xsec-token(46chars)
[cdp] done exit=0 elapsed=5.7s stdout=24527 stderr=0
[search-scroll-stop] keyword=益智小游戏 sort=综合 usable=1 after scrolls=2 (max=8, skip further scrolls)
[search-filter] keyword=益智小游戏 sort=综合 scrolls=2 {'dup_or_empty_id': 161, 'not_note': 15, 'too_old': 4, 'already_commented': 3, 'bad_title': 1}
[search-hit] keyword=益智小游戏 sort=综合 raw=88 skipped=184 feedId=6a5361b6000000002200ab9f score=4 title=猜词好好玩 → post now
[plan] #58 keyword=益智小游戏 title=猜词好好玩 comments=20 age=9d score=4 msg=11/微信小游戏 match=5
[post] attempt feedId=6a5361b6000000002200ab9f contentLen=42 also_upvote=1
[cdp] spawn timeout=120s cmd=--reuse-existing-tab post-comment-to-feed --feed-id 6a5361b6000000002200ab9f --xsec-token(46chars) --content(42chars) --also-upvote
[cdp] done exit=0 elapsed=11.5s stdout=2337 stderr=0
[upvote-warn] feedId=6a5361b6000000002200ab9f comment ok but like not confirmed upvote={'success': False, 'changed': False, 'state_before': False, 'state_after': False}
[post] success feedId=6a5361b6000000002200ab9f
[cdp] phase=post-ok exit=0 feedId=6a5361b6000000002200ab9f
[cdp] cmd=--reuse-existing-tab post-comment-to-feed --feed-id 6a5361b6000000002200ab9f --xsec-token(46chars) --content(42chars) --also-upvote
[cdp]   [cdp_publish] Login cache: enabled (ttl=12h).
[cdp]   [cdp_publish] Tab selection mode: prefer reusing existing tab.
[cdp]   [cdp_publish] Reusing existing tab to reduce focus switching: https://www.xiaohongshu.com/explore/6a5361b6000000002200ab9f?xsec_token=ABJ3plvRwROb9sEFa05V5BKHP_Yq_WqBoWCp41p7dFOOQ=&xsec_source=pc_feed
[cdp]   [cdp_publish] Connecting to ws://127.0.0.1:9222/devtools/page/E0641814139216112256C2BBDD63DEBE
[cdp]   [cdp_publish] Connected to Chrome tab.
[cdp]   [cdp_publish] Using cached login status (home, age=86m, ttl=12h).
[cdp]   [cdp_publish] Home login confirmed (cached).
[cdp]   [cdp_publish] Navigating to https://www.xiaohongshu.com/explore/6a5361b6000000002200ab9f?xsec_token=ABJ3plvRwROb9sEFa05V5BKHP_Yq_WqBoWCp41p7dFOOQ=&xsec_source=pc_feed
[cdp]   [cdp_publish] Clicking comment input box at (1061, 1223)...
[cdp]   [cdp_publish] Clicking comment submit button at (1293, 1223)...
[cdp]   [cdp_publish] Comment posted. feed_id=6a5361b6000000002200ab9f, length=42
[cdp]   [cdp_publish] Clicking note like in interact bar at (1204, 1223) hint=interact-container .like-wrapper target=SPAN bar=interactions engage-bar top=1211.3333740234375 left=1184.260498046875 viewport={'w': 1517, 'h': 1291}
[cdp]   [cdp_publish] JS click on like-wrapper, class_after=like-wrapper like-active at=(1214.4740409851074, 1223.3333740234375)
[cdp]   [cdp_publish] Warning: note like click did not activate. state_before=False state_after=False likeRoot.class=like-wrapper like-active visual_before={'className': 'like-wrapper like-active', 'ariaPressed': '', 'color': 'rgb(51, 51, 51)', 'svgColor': 'rgb(51, 51, 51)', 'svgHtml': '<span data-v-9403e00c="" class="like-lottie" style="width: 24px; height: 24px;"></span>'} visual_after={'className': 'like-wrapper like-active', 'ariaPressed': '', 'color': 'rgb(51, 51, 51)', 'svgColor': 'rgb(51, 51, 51)', 'svgHtml': '<span data-v-9403e00c="" class="like-lottie" style="width: 24px; height: 24px;"></span>'}
[cdp]   [cdp_publish] Warning: upvote on same page failed. payload={'success': False, 'changed': False, 'state_before': False, 'state_after': False}
[cdp]   POST_COMMENT_RESULT:
[ok] post done (58/83)
[wait] 23s (~0.4min, random 20-30s)
[search-next] keyword=益智小游戏 sort=最新 task=86/42 empty_streak=0 seen_feeds=350
[search-wait] 13s before keyword=益智小游戏 sort=最新
[cdp] spawn timeout=180s cmd=--reuse-existing-tab search-feeds --keyword 益智小游戏 --sort-by 最新 --publish-time 半年内
[cdp] done exit=0 elapsed=7.8s stdout=133750 stderr=0
[cdp] spawn timeout=90s cmd=--reuse-existing-tab get-feed-detail --feed-id 6a5db7ef0000000001033660 --xsec-token(46chars)
[cdp] done exit=0 elapsed=5.8s stdout=11466 stderr=0
[search-scroll-stop] keyword=益智小游戏 sort=最新 usable=1 after scrolls=0 (max=8, skip further scrolls)
[search-filter] keyword=益智小游戏 sort=最新 scrolls=0 {'dup_or_empty_id': 1, 'bad_publish_date': 1}
[search-hit] keyword=益智小游戏 sort=最新 raw=40 skipped=2 feedId=6a5db7ef0000000001033660 score=6 title=Hape开心农场游戏盒 宝宝喜欢 → post now
[plan] #59 keyword=益智小游戏 title=Hape开心农场游戏盒 宝宝喜欢 comments=2 age=1d score=6 msg=11/微信小游戏 match=5
[post] attempt feedId=6a5db7ef0000000001033660 contentLen=42 also_upvote=1
[cdp] spawn timeout=120s cmd=--reuse-existing-tab post-comment-to-feed --feed-id 6a5db7ef0000000001033660 --xsec-token(46chars) --content(42chars) --also-upvote
[cdp] done exit=0 elapsed=10.4s stdout=2338 stderr=0
[upvote-warn] feedId=6a5db7ef0000000001033660 comment ok but like not confirmed upvote={'success': False, 'changed': False, 'state_before': False, 'state_after': False}
[post] success feedId=6a5db7ef0000000001033660
[cdp] phase=post-ok exit=0 feedId=6a5db7ef0000000001033660
[cdp] cmd=--reuse-existing-tab post-comment-to-feed --feed-id 6a5db7ef0000000001033660 --xsec-token(46chars) --content(42chars) --also-upvote
[cdp]   [cdp_publish] Login cache: enabled (ttl=12h).
[cdp]   [cdp_publish] Tab selection mode: prefer reusing existing tab.
[cdp]   [cdp_publish] Reusing existing tab to reduce focus switching: https://www.xiaohongshu.com/explore/6a5db7ef0000000001033660?xsec_token=ABgO_RO9hCJQb3LOMcuXbRt3wYr46BDpjzm_rWYsd-7ig=&xsec_source=pc_feed
[cdp]   [cdp_publish] Connecting to ws://127.0.0.1:9222/devtools/page/E0641814139216112256C2BBDD63DEBE
[cdp]   [cdp_publish] Connected to Chrome tab.
[cdp]   [cdp_publish] Using cached login status (home, age=87m, ttl=12h).
[cdp]   [cdp_publish] Home login confirmed (cached).
[cdp]   [cdp_publish] Navigating to https://www.xiaohongshu.com/explore/6a5db7ef0000000001033660?xsec_token=ABgO_RO9hCJQb3LOMcuXbRt3wYr46BDpjzm_rWYsd-7ig=&xsec_source=pc_feed
[cdp]   [cdp_publish] Clicking comment input box at (1061, 1223)...
[cdp]   [cdp_publish] Clicking comment submit button at (1293, 1223)...
[cdp]   [cdp_publish] Comment posted. feed_id=6a5db7ef0000000001033660, length=42
[cdp]   [cdp_publish] Clicking note like in interact bar at (1209, 1223) hint=interact-container .like-wrapper target=SPAN bar=interactions engage-bar top=1211.3333740234375 left=1189.1146240234375 viewport={'w': 1517, 'h': 1291}
[cdp]   [cdp_publish] JS click on like-wrapper, class_after=like-wrapper like-active at=(1211.1146240234375, 1223.3333740234375)
[cdp]   [cdp_publish] Warning: note like click did not activate. state_before=False state_after=False likeRoot.class=like-wrapper like-active visual_before={'className': 'like-wrapper like-active', 'ariaPressed': '', 'color': 'rgb(51, 51, 51)', 'svgColor': 'rgb(51, 51, 51)', 'svgHtml': '<span data-v-9403e00c="" class="like-lottie" style="width: 24px; height: 24px;"></span>'} visual_after={'className': 'like-wrapper like-active', 'ariaPressed': '', 'color': 'rgb(51, 51, 51)', 'svgColor': 'rgb(51, 51, 51)', 'svgHtml': '<span data-v-9403e00c="" class="like-lottie" style="width: 24px; height: 24px;"></span>'}
[cdp]   [cdp_publish] Warning: upvote on same page failed. payload={'success': False, 'changed': False, 'state_before': False, 'state_after': False}
[cdp]   POST_COMMENT_RESULT:
[ok] post done (59/83)
[wait] 21s (~0.3min, random 20-30s)
[search-next] keyword=烧脑小游戏 sort=综合 task=87/42 empty_streak=0 seen_feeds=352
[search-wait] 10s before keyword=烧脑小游戏 sort=综合
[cdp] spawn timeout=180s cmd=--reuse-existing-tab search-feeds --keyword 烧脑小游戏 --sort-by 综合 --publish-time 半年内
[cdp] done exit=0 elapsed=7.9s stdout=137281 stderr=0
[search-scroll-next] keyword=烧脑小游戏 sort=综合 raw=42 usable=0 scroll once (1/8)
[cdp] spawn timeout=180s cmd=--reuse-existing-tab search-feeds-scroll
[cdp] done exit=0 elapsed=1.5s stdout=206943 stderr=0
[search-scroll-next] keyword=烧脑小游戏 sort=综合 raw=66 usable=0 scroll once (2/8)
[cdp] spawn timeout=180s cmd=--reuse-existing-tab search-feeds-scroll
[cdp] done exit=0 elapsed=1.5s stdout=286365 stderr=0
[cdp] spawn timeout=90s cmd=--reuse-existing-tab get-feed-detail --feed-id 6a13d49e0000000037035f7f --xsec-token(46chars)
[cdp] done exit=0 elapsed=5.2s stdout=16279 stderr=0
[relevance-skip] feedId=6a13d49e0000000037035f7f title=找出卧底，翻牌型 bodyLen=136 score=-2 min=2
[detail-wait] 3.3s before feedId=6a39c676000000001c0271f1
[cdp] spawn timeout=90s cmd=--reuse-existing-tab get-feed-detail --feed-id 6a39c676000000001c0271f1 --xsec-token(46chars)
[cdp] done exit=0 elapsed=5.9s stdout=17582 stderr=0
[search-scroll-stop] keyword=烧脑小游戏 sort=综合 usable=1 after scrolls=2 (max=8, skip further scrolls)
[search-filter] keyword=烧脑小游戏 sort=综合 scrolls=2 {'dup_or_empty_id': 167, 'not_note': 16, 'already_commented': 5, 'too_old': 3, 'low_relevance': 1}
[search-hit] keyword=烧脑小游戏 sort=综合 raw=88 skipped=192 feedId=6a39c676000000001c0271f1 score=8 title=【通关记录】3D密室逃脱：遗产的诅咒 → post now
[plan] #60 keyword=烧脑小游戏 title=【通关记录】3D密室逃脱：遗产的诅咒 comments=4 age=28d score=8 msg=17/烧脑卡关 match=9
[post] attempt feedId=6a39c676000000001c0271f1 contentLen=40 also_upvote=1
[cdp] spawn timeout=120s cmd=--reuse-existing-tab post-comment-to-feed --feed-id 6a39c676000000001c0271f1 --xsec-token(46chars) --content(40chars) --also-upvote
[cdp] done exit=0 elapsed=10.6s stdout=2337 stderr=0
[upvote-warn] feedId=6a39c676000000001c0271f1 comment ok but like not confirmed upvote={'success': False, 'changed': False, 'state_before': False, 'state_after': False}
[post] success feedId=6a39c676000000001c0271f1
[cdp] phase=post-ok exit=0 feedId=6a39c676000000001c0271f1
[cdp] cmd=--reuse-existing-tab post-comment-to-feed --feed-id 6a39c676000000001c0271f1 --xsec-token(46chars) --content(40chars) --also-upvote
[cdp]   [cdp_publish] Login cache: enabled (ttl=12h).
[cdp]   [cdp_publish] Tab selection mode: prefer reusing existing tab.
[cdp]   [cdp_publish] Reusing existing tab to reduce focus switching: https://www.xiaohongshu.com/explore/6a39c676000000001c0271f1?xsec_token=AB01GX34zZVbcyOWmYosm_CG-ZYEn1AxuiDduM9BwNCUs=&xsec_source=pc_feed
[cdp]   [cdp_publish] Connecting to ws://127.0.0.1:9222/devtools/page/E0641814139216112256C2BBDD63DEBE
[cdp]   [cdp_publish] Connected to Chrome tab.
[cdp]   [cdp_publish] Using cached login status (home, age=88m, ttl=12h).
[cdp]   [cdp_publish] Home login confirmed (cached).
[cdp]   [cdp_publish] Navigating to https://www.xiaohongshu.com/explore/6a39c676000000001c0271f1?xsec_token=AB01GX34zZVbcyOWmYosm_CG-ZYEn1AxuiDduM9BwNCUs=&xsec_source=pc_feed
[cdp]   [cdp_publish] Clicking comment input box at (1061, 1223)...
[cdp]   [cdp_publish] Clicking comment submit button at (1293, 1223)...
[cdp]   [cdp_publish] Comment posted. feed_id=6a39c676000000001c0271f1, length=40
[cdp]   [cdp_publish] Clicking note like in interact bar at (1204, 1223) hint=interact-container .like-wrapper target=SPAN bar=interactions engage-bar top=1211.3333740234375 left=1184.260498046875 viewport={'w': 1517, 'h': 1291}
[cdp]   [cdp_publish] JS click on like-wrapper, class_after=like-wrapper like-active at=(1214.4740409851074, 1223.3333740234375)
[cdp]   [cdp_publish] Warning: note like click did not activate. state_before=False state_after=False likeRoot.class=like-wrapper like-active visual_before={'className': 'like-wrapper like-active', 'ariaPressed': '', 'color': 'rgb(51, 51, 51)', 'svgColor': 'rgb(51, 51, 51)', 'svgHtml': '<span data-v-9403e00c="" class="like-lottie" style="width: 24px; height: 24px;"></span>'} visual_after={'className': 'like-wrapper like-active', 'ariaPressed': '', 'color': 'rgb(51, 51, 51)', 'svgColor': 'rgb(51, 51, 51)', 'svgHtml': '<span data-v-9403e00c="" class="like-lottie" style="width: 24px; height: 24px;"></span>'}
[cdp]   [cdp_publish] Warning: upvote on same page failed. payload={'success': False, 'changed': False, 'state_before': False, 'state_after': False}
[cdp]   POST_COMMENT_RESULT:
[ok] post done (60/83)
[wait] 20s (~0.3min, random 20-30s)
[search-next] keyword=烧脑小游戏 sort=最新 task=88/42 empty_streak=0 seen_feeds=362
[search-wait] 9s before keyword=烧脑小游戏 sort=最新
[cdp] spawn timeout=180s cmd=--reuse-existing-tab search-feeds --keyword 烧脑小游戏 --sort-by 最新 --publish-time 半年内
[cdp] done exit=0 elapsed=7.6s stdout=102212 stderr=0
[cdp] spawn timeout=90s cmd=--reuse-existing-tab get-feed-detail --feed-id 6a5cbec8000000001101703c --xsec-token(46chars)
[cdp] done exit=0 elapsed=5.3s stdout=19704 stderr=0
[relevance-skip] feedId=6a5cbec8000000001101703c title=分享让男友脸红心跳脑筋急转弯 bodyLen=471 score=-14 min=2
[detail-wait] 3.3s before feedId=6a5ca441000000000503b6dc
[cdp] spawn timeout=90s cmd=--reuse-existing-tab get-feed-detail --feed-id 6a5ca441000000000503b6dc --xsec-token(46chars)
[cdp] done exit=0 elapsed=5.8s stdout=11436 stderr=0
[search-scroll-stop] keyword=烧脑小游戏 sort=最新 usable=1 after scrolls=0 (max=8, skip further scrolls)
[search-filter] keyword=烧脑小游戏 sort=最新 scrolls=0 {'dup_or_empty_id': 11, 'not_note': 1, 'low_relevance': 1}
[search-hit] keyword=烧脑小游戏 sort=最新 raw=39 skipped=13 feedId=6a5ca441000000000503b6dc score=12 title=[好游分享]一款毛绒质感的空间解谜 → post now
[plan] #61 keyword=烧脑小游戏 title=[好游分享]一款毛绒质感的空间解谜 comments=0 age=2d score=12 msg=17/烧脑卡关 match=7
[post] attempt feedId=6a5ca441000000000503b6dc contentLen=40 also_upvote=1
[cdp] spawn timeout=120s cmd=--reuse-existing-tab post-comment-to-feed --feed-id 6a5ca441000000000503b6dc --xsec-token(46chars) --content(40chars) --also-upvote
[cdp] done exit=0 elapsed=11.4s stdout=2338 stderr=0
[upvote-warn] feedId=6a5ca441000000000503b6dc comment ok but like not confirmed upvote={'success': False, 'changed': False, 'state_before': False, 'state_after': False}
[post] success feedId=6a5ca441000000000503b6dc
[cdp] phase=post-ok exit=0 feedId=6a5ca441000000000503b6dc
[cdp] cmd=--reuse-existing-tab post-comment-to-feed --feed-id 6a5ca441000000000503b6dc --xsec-token(46chars) --content(40chars) --also-upvote
[cdp]   [cdp_publish] Login cache: enabled (ttl=12h).
[cdp]   [cdp_publish] Tab selection mode: prefer reusing existing tab.
[cdp]   [cdp_publish] Reusing existing tab to reduce focus switching: https://www.xiaohongshu.com/explore/6a5ca441000000000503b6dc?xsec_token=AB9y01YmFAJVI_BJZFyn1Hefx7rYzwjSqfkVkdBESuTdI=&xsec_source=pc_feed
[cdp]   [cdp_publish] Connecting to ws://127.0.0.1:9222/devtools/page/E0641814139216112256C2BBDD63DEBE
[cdp]   [cdp_publish] Connected to Chrome tab.
[cdp]   [cdp_publish] Using cached login status (home, age=89m, ttl=12h).
[cdp]   [cdp_publish] Home login confirmed (cached).
[cdp]   [cdp_publish] Navigating to https://www.xiaohongshu.com/explore/6a5ca441000000000503b6dc?xsec_token=AB9y01YmFAJVI_BJZFyn1Hefx7rYzwjSqfkVkdBESuTdI=&xsec_source=pc_feed
[cdp]   [cdp_publish] Clicking comment input box at (1061, 1223)...
[cdp]   [cdp_publish] Clicking comment submit button at (1293, 1223)...
[cdp]   [cdp_publish] Comment posted. feed_id=6a5ca441000000000503b6dc, length=40
[cdp]   [cdp_publish] Clicking note like in interact bar at (1201, 1223) hint=interact-container .like-wrapper target=SPAN bar=interactions engage-bar top=1211.3333740234375 left=1180.8958740234375 viewport={'w': 1517, 'h': 1291}
[cdp]   [cdp_publish] JS click on like-wrapper, class_after=like-wrapper like-active at=(1207.0052490234375, 1223.3333740234375)
[cdp]   [cdp_publish] Warning: note like click did not activate. state_before=False state_after=False likeRoot.class=like-wrapper like-active visual_before={'className': 'like-wrapper like-active', 'ariaPressed': '', 'color': 'rgb(51, 51, 51)', 'svgColor': 'rgb(51, 51, 51)', 'svgHtml': '<span data-v-9403e00c="" class="like-lottie" style="width: 24px; height: 24px;"></span>'} visual_after={'className': 'like-wrapper like-active', 'ariaPressed': '', 'color': 'rgb(51, 51, 51)', 'svgColor': 'rgb(51, 51, 51)', 'svgHtml': '<span data-v-9403e00c="" class="like-lottie" style="width: 24px; height: 24px;"></span>'}
[cdp]   [cdp_publish] Warning: upvote on same page failed. payload={'success': False, 'changed': False, 'state_before': False, 'state_after': False}
[cdp]   POST_COMMENT_RESULT:
[ok] post done (61/83)
[wait] 23s (~0.4min, random 20-30s)
[search-next] keyword=推箱子 sort=综合 task=89/42 empty_streak=0 seen_feeds=364
[search-wait] 11s before keyword=推箱子 sort=综合
[cdp] spawn timeout=180s cmd=--reuse-existing-tab search-feeds --keyword 推箱子 --sort-by 综合 --publish-time 半年内
[cdp] done exit=0 elapsed=7.6s stdout=121552 stderr=0
[cdp] spawn timeout=90s cmd=--reuse-existing-tab get-feed-detail --feed-id 6a3bb5a00000000011004267 --xsec-token(46chars)
[cdp] done exit=0 elapsed=5.2s stdout=11960 stderr=0
[search-scroll-stop] keyword=推箱子 sort=综合 usable=1 after scrolls=0 (max=8, skip further scrolls)
[search-filter] keyword=推箱子 sort=综合 scrolls=0 {'dup_or_empty_id': 16, 'not_note': 1, 'too_old': 2}
[search-hit] keyword=推箱子 sort=综合 raw=42 skipped=19 feedId=6a3bb5a00000000011004267 score=2 title=推箱子 → post now
[plan] #62 keyword=推箱子 title=推箱子 comments=8 age=27d score=2 msg=8/推箱子 match=9
[post] attempt feedId=6a3bb5a00000000011004267 contentLen=49 also_upvote=1
[cdp] spawn timeout=120s cmd=--reuse-existing-tab post-comment-to-feed --feed-id 6a3bb5a00000000011004267 --xsec-token(46chars) --content(49chars) --also-upvote
[cdp] done exit=0 elapsed=11.1s stdout=2338 stderr=0
[upvote-warn] feedId=6a3bb5a00000000011004267 comment ok but like not confirmed upvote={'success': False, 'changed': False, 'state_before': False, 'state_after': False}
[post] success feedId=6a3bb5a00000000011004267
[cdp] phase=post-ok exit=0 feedId=6a3bb5a00000000011004267
[cdp] cmd=--reuse-existing-tab post-comment-to-feed --feed-id 6a3bb5a00000000011004267 --xsec-token(46chars) --content(49chars) --also-upvote
[cdp]   [cdp_publish] Login cache: enabled (ttl=12h).
[cdp]   [cdp_publish] Tab selection mode: prefer reusing existing tab.
[cdp]   [cdp_publish] Reusing existing tab to reduce focus switching: https://www.xiaohongshu.com/explore/6a3bb5a00000000011004267?xsec_token=ABQq10_BYWx7o0hXX9fzhd7eKZn0jbM_jISqndVO6sEug=&xsec_source=pc_feed
[cdp]   [cdp_publish] Connecting to ws://127.0.0.1:9222/devtools/page/E0641814139216112256C2BBDD63DEBE
[cdp]   [cdp_publish] Connected to Chrome tab.
[cdp]   [cdp_publish] Using cached login status (home, age=90m, ttl=12h).
[cdp]   [cdp_publish] Home login confirmed (cached).
[cdp]   [cdp_publish] Navigating to https://www.xiaohongshu.com/explore/6a3bb5a00000000011004267?xsec_token=ABQq10_BYWx7o0hXX9fzhd7eKZn0jbM_jISqndVO6sEug=&xsec_source=pc_feed
[cdp]   [cdp_publish] Clicking comment input box at (1061, 1223)...
[cdp]   [cdp_publish] Clicking comment submit button at (1293, 1223)...
[cdp]   [cdp_publish] Comment posted. feed_id=6a3bb5a00000000011004267, length=49
[cdp]   [cdp_publish] Clicking note like in interact bar at (1221, 1223) hint=interact-container .like-wrapper target=SPAN bar=interactions engage-bar top=1211.3333740234375 left=1200.6771240234375 viewport={'w': 1517, 'h': 1291}
[cdp]   [cdp_publish] JS click on like-wrapper, class_after=like-wrapper like-active at=(1226.7864990234375, 1223.3333740234375)
[cdp]   [cdp_publish] Warning: note like click did not activate. state_before=False state_after=False likeRoot.class=like-wrapper like-active visual_before={'className': 'like-wrapper like-active', 'ariaPressed': '', 'color': 'rgb(51, 51, 51)', 'svgColor': 'rgb(51, 51, 51)', 'svgHtml': '<span data-v-9403e00c="" class="like-lottie" style="width: 24px; height: 24px;"></span>'} visual_after={'className': 'like-wrapper like-active', 'ariaPressed': '', 'color': 'rgb(51, 51, 51)', 'svgColor': 'rgb(51, 51, 51)', 'svgHtml': '<span data-v-9403e00c="" class="like-lottie" style="width: 24px; height: 24px;"></span>'}
[cdp]   [cdp_publish] Warning: upvote on same page failed. payload={'success': False, 'changed': False, 'state_before': False, 'state_after': False}
[cdp]   POST_COMMENT_RESULT:
[ok] post done (62/83)
[wait] 22s (~0.4min, random 20-30s)
[search-next] keyword=推箱子 sort=最新 task=90/42 empty_streak=0 seen_feeds=367
[search-wait] 11s before keyword=推箱子 sort=最新
[cdp] spawn timeout=180s cmd=--reuse-existing-tab search-feeds --keyword 推箱子 --sort-by 最新 --publish-time 半年内
[cdp] done exit=0 elapsed=8.9s stdout=112059 stderr=0
[cdp] spawn timeout=90s cmd=--reuse-existing-tab get-feed-detail --feed-id 6a312a9d0000000022019726 --xsec-token(46chars)
[cdp] done exit=0 elapsed=5.0s stdout=14780 stderr=0
[relevance-skip] feedId=6a312a9d0000000022019726 title=推箱子解谜神作【沉星之序】试玩版实况 (2) bodyLen=145 score=-2 min=2
[detail-wait] 2.9s before feedId=6a34da9c000000001503c2df
[cdp] spawn timeout=90s cmd=--reuse-existing-tab get-feed-detail --feed-id 6a34da9c000000001503c2df --xsec-token(46chars)
[cdp] done exit=0 elapsed=5.0s stdout=23722 stderr=0
[relevance-skip] feedId=6a34da9c000000001503c2df title=拉杆箱家里真的很需要一个！！ bodyLen=83 score=-4 min=2
[detail-wait] 2.2s before feedId=6a3497e80000000017009b1e
[cdp] spawn timeout=90s cmd=--reuse-existing-tab get-feed-detail --feed-id 6a3497e80000000017009b1e --xsec-token(46chars)
[cdp] done exit=0 elapsed=5.0s stdout=8356 stderr=0
[search-scroll-stop] keyword=推箱子 sort=最新 usable=1 after scrolls=0 (max=8, skip further scrolls)
[search-filter] keyword=推箱子 sort=最新 scrolls=0 {'dup_or_empty_id': 17, 'not_note': 1, 'bad_title': 1, 'low_relevance': 2}
[search-hit] keyword=推箱子 sort=最新 raw=42 skipped=21 feedId=6a3497e80000000017009b1e score=4 title=推箱子关卡拦路虎 → post now
[plan] #63 keyword=推箱子 title=推箱子关卡拦路虎 comments=3 age=32d score=4 msg=7/推箱子 match=9
[post] attempt feedId=6a3497e80000000017009b1e contentLen=44 also_upvote=1
[cdp] spawn timeout=120s cmd=--reuse-existing-tab post-comment-to-feed --feed-id 6a3497e80000000017009b1e --xsec-token(46chars) --content(44chars) --also-upvote
[cdp] done exit=0 elapsed=10.1s stdout=2338 stderr=0
[upvote-warn] feedId=6a3497e80000000017009b1e comment ok but like not confirmed upvote={'success': False, 'changed': False, 'state_before': False, 'state_after': False}
[post] success feedId=6a3497e80000000017009b1e
[cdp] phase=post-ok exit=0 feedId=6a3497e80000000017009b1e
[cdp] cmd=--reuse-existing-tab post-comment-to-feed --feed-id 6a3497e80000000017009b1e --xsec-token(46chars) --content(44chars) --also-upvote
[cdp]   [cdp_publish] Login cache: enabled (ttl=12h).
[cdp]   [cdp_publish] Tab selection mode: prefer reusing existing tab.
[cdp]   [cdp_publish] Reusing existing tab to reduce focus switching: https://www.xiaohongshu.com/explore/6a3497e80000000017009b1e?xsec_token=ABaIFQC8WKH7b54V7TFgtGI5isBHvjhJ7nMXOPfjgmxOs=&xsec_source=pc_feed
[cdp]   [cdp_publish] Connecting to ws://127.0.0.1:9222/devtools/page/E0641814139216112256C2BBDD63DEBE
[cdp]   [cdp_publish] Connected to Chrome tab.
[cdp]   [cdp_publish] Using cached login status (home, age=91m, ttl=12h).
[cdp]   [cdp_publish] Home login confirmed (cached).
[cdp]   [cdp_publish] Navigating to https://www.xiaohongshu.com/explore/6a3497e80000000017009b1e?xsec_token=ABaIFQC8WKH7b54V7TFgtGI5isBHvjhJ7nMXOPfjgmxOs=&xsec_source=pc_feed
[cdp]   [cdp_publish] Clicking comment input box at (1061, 1223)...
[cdp]   [cdp_publish] Clicking comment submit button at (1293, 1223)...
[cdp]   [cdp_publish] Comment posted. feed_id=6a3497e80000000017009b1e, length=44
[cdp]   [cdp_publish] Clicking note like in interact bar at (1221, 1223) hint=interact-container .like-wrapper target=SPAN bar=interactions engage-bar top=1211.3333740234375 left=1200.6771240234375 viewport={'w': 1517, 'h': 1291}
[cdp]   [cdp_publish] JS click on like-wrapper, class_after=like-wrapper like-active at=(1226.7864990234375, 1223.3333740234375)
[cdp]   [cdp_publish] Warning: note like click did not activate. state_before=False state_after=False likeRoot.class=like-wrapper like-active visual_before={'className': 'like-wrapper like-active', 'ariaPressed': '', 'color': 'rgb(51, 51, 51)', 'svgColor': 'rgb(51, 51, 51)', 'svgHtml': '<span data-v-9403e00c="" class="like-lottie" style="width: 24px; height: 24px;"></span>'} visual_after={'className': 'like-wrapper like-active', 'ariaPressed': '', 'color': 'rgb(51, 51, 51)', 'svgColor': 'rgb(51, 51, 51)', 'svgHtml': '<span data-v-9403e00c="" class="like-lottie" style="width: 24px; height: 24px;"></span>'}
[cdp]   [cdp_publish] Warning: upvote on same page failed. payload={'success': False, 'changed': False, 'state_before': False, 'state_after': False}
[cdp]   POST_COMMENT_RESULT:
[ok] post done (63/83)
[wait] 20s (~0.3min, random 20-30s)
[search-next] keyword=解谜游戏 sort=综合 task=91/42 empty_streak=0 seen_feeds=371
[search-wait] 12s before keyword=解谜游戏 sort=综合
[cdp] spawn timeout=180s cmd=--reuse-existing-tab search-feeds --keyword 解谜游戏 --sort-by 综合 --publish-time 半年内
[cdp] done exit=0 elapsed=8.3s stdout=149984 stderr=0
[cdp] spawn timeout=90s cmd=--reuse-existing-tab get-feed-detail --feed-id 6a4f243d0000000022018df4 --xsec-token(46chars)
[cdp] done exit=0 elapsed=5.8s stdout=31535 stderr=0
[search-scroll-stop] keyword=解谜游戏 sort=综合 usable=1 after scrolls=0 (max=8, skip further scrolls)
[search-filter] keyword=解谜游戏 sort=综合 scrolls=0 {'dup_or_empty_id': 36, 'not_note': 2, 'bad_publish_date': 1, 'bad_title': 1}
[search-hit] keyword=解谜游戏 sort=综合 raw=42 skipped=40 feedId=6a4f243d0000000022018df4 score=8 title=我之前好像都没注意区分来着 → post now
[plan] #64 keyword=解谜游戏 title=我之前好像都没注意区分来着 comments=245 age=12d score=8 msg=18/烧脑卡关 match=7
[post] attempt feedId=6a4f243d0000000022018df4 contentLen=35 also_upvote=1
[cdp] spawn timeout=120s cmd=--reuse-existing-tab post-comment-to-feed --feed-id 6a4f243d0000000022018df4 --xsec-token(46chars) --content(35chars) --also-upvote
[cdp] done exit=0 elapsed=12.0s stdout=2336 stderr=0
[upvote-warn] feedId=6a4f243d0000000022018df4 comment ok but like not confirmed upvote={'success': False, 'changed': False, 'state_before': False, 'state_after': False}
[post] success feedId=6a4f243d0000000022018df4
[cdp] phase=post-ok exit=0 feedId=6a4f243d0000000022018df4
[cdp] cmd=--reuse-existing-tab post-comment-to-feed --feed-id 6a4f243d0000000022018df4 --xsec-token(46chars) --content(35chars) --also-upvote
[cdp]   [cdp_publish] Login cache: enabled (ttl=12h).
[cdp]   [cdp_publish] Tab selection mode: prefer reusing existing tab.
[cdp]   [cdp_publish] Reusing existing tab to reduce focus switching: https://www.xiaohongshu.com/explore/6a4f243d0000000022018df4?xsec_token=ABuwcGkRpPIjq1T8xBjajU_IUxLJkw91pZZkewLgDTeRo=&xsec_source=pc_feed
[cdp]   [cdp_publish] Connecting to ws://127.0.0.1:9222/devtools/page/E0641814139216112256C2BBDD63DEBE
[cdp]   [cdp_publish] Connected to Chrome tab.
[cdp]   [cdp_publish] Using cached login status (home, age=92m, ttl=12h).
[cdp]   [cdp_publish] Home login confirmed (cached).
[cdp]   [cdp_publish] Navigating to https://www.xiaohongshu.com/explore/6a4f243d0000000022018df4?xsec_token=ABuwcGkRpPIjq1T8xBjajU_IUxLJkw91pZZkewLgDTeRo=&xsec_source=pc_feed
[cdp]   [cdp_publish] Clicking comment input box at (1061, 1223)...
[cdp]   [cdp_publish] Clicking comment submit button at (1293, 1223)...
[cdp]   [cdp_publish] Comment posted. feed_id=6a4f243d0000000022018df4, length=35
[cdp]   [cdp_publish] Clicking note like in interact bar at (1155, 1223) hint=interact-container .like-wrapper target=SPAN bar=interactions engage-bar top=1211.3333740234375 left=1135.010498046875 viewport={'w': 1517, 'h': 1291}
[cdp]   [cdp_publish] JS click on like-wrapper, class_after=like-wrapper like-active at=(1173.432373046875, 1223.3333740234375)
[cdp]   [cdp_publish] Warning: note like click did not activate. state_before=False state_after=False likeRoot.class=like-wrapper like-active visual_before={'className': 'like-wrapper like-active', 'ariaPressed': '', 'color': 'rgb(51, 51, 51)', 'svgColor': 'rgb(51, 51, 51)', 'svgHtml': '<span data-v-9403e00c="" class="like-lottie" style="width: 24px; height: 24px;"></span>'} visual_after={'className': 'like-wrapper like-active', 'ariaPressed': '', 'color': 'rgb(51, 51, 51)', 'svgColor': 'rgb(51, 51, 51)', 'svgHtml': '<span data-v-9403e00c="" class="like-lottie" style="width: 24px; height: 24px;"></span>'}
[cdp]   [cdp_publish] Warning: upvote on same page failed. payload={'success': False, 'changed': False, 'state_before': False, 'state_after': False}
[cdp]   POST_COMMENT_RESULT:
[ok] post done (64/83)
[wait] 21s (~0.3min, random 20-30s)
[search-next] keyword=解谜游戏 sort=最新 task=92/42 empty_streak=0 seen_feeds=374
[search-wait] 12s before keyword=解谜游戏 sort=最新
[cdp] spawn timeout=180s cmd=--reuse-existing-tab search-feeds --keyword 解谜游戏 --sort-by 最新 --publish-time 半年内
[cdp] done exit=0 elapsed=8.6s stdout=161938 stderr=0
[cdp] spawn timeout=90s cmd=--reuse-existing-tab get-feed-detail --feed-id 6a5cc19e000000000f03cfb9 --xsec-token(46chars)
[cdp] done exit=0 elapsed=5.4s stdout=11637 stderr=0
[search-scroll-stop] keyword=解谜游戏 sort=最新 usable=1 after scrolls=0 (max=8, skip further scrolls)
[search-filter] keyword=解谜游戏 sort=最新 scrolls=0 {'dup_or_empty_id': 8, 'not_note': 1}
[search-hit] keyword=解谜游戏 sort=最新 raw=41 skipped=9 feedId=6a5cc19e000000000f03cfb9 score=8 title=情侣必玩！双人解谜天花板💥 → post now
[plan] #65 keyword=解谜游戏 title=情侣必玩！双人解谜天花板💥 comments=0 age=2d score=8 msg=18/烧脑卡关 match=7
[post] attempt feedId=6a5cc19e000000000f03cfb9 contentLen=35 also_upvote=1
[cdp] spawn timeout=120s cmd=--reuse-existing-tab post-comment-to-feed --feed-id 6a5cc19e000000000f03cfb9 --xsec-token(46chars) --content(35chars) --also-upvote
[cdp] done exit=0 elapsed=11.4s stdout=2338 stderr=0
[upvote-warn] feedId=6a5cc19e000000000f03cfb9 comment ok but like not confirmed upvote={'success': False, 'changed': False, 'state_before': False, 'state_after': False}
[post] success feedId=6a5cc19e000000000f03cfb9
[cdp] phase=post-ok exit=0 feedId=6a5cc19e000000000f03cfb9
[cdp] cmd=--reuse-existing-tab post-comment-to-feed --feed-id 6a5cc19e000000000f03cfb9 --xsec-token(46chars) --content(35chars) --also-upvote
[cdp]   [cdp_publish] Login cache: enabled (ttl=12h).
[cdp]   [cdp_publish] Tab selection mode: prefer reusing existing tab.
[cdp]   [cdp_publish] Reusing existing tab to reduce focus switching: https://www.xiaohongshu.com/explore/6a5cc19e000000000f03cfb9?xsec_token=AB9y01YmFAJVI_BJZFyn1HefafmsAJtK-adCjvnHP9WfY=&xsec_source=pc_feed
[cdp]   [cdp_publish] Connecting to ws://127.0.0.1:9222/devtools/page/E0641814139216112256C2BBDD63DEBE
[cdp]   [cdp_publish] Connected to Chrome tab.
[cdp]   [cdp_publish] Using cached login status (home, age=93m, ttl=12h).
[cdp]   [cdp_publish] Home login confirmed (cached).
[cdp]   [cdp_publish] Navigating to https://www.xiaohongshu.com/explore/6a5cc19e000000000f03cfb9?xsec_token=AB9y01YmFAJVI_BJZFyn1HefafmsAJtK-adCjvnHP9WfY=&xsec_source=pc_feed
[cdp]   [cdp_publish] Clicking comment input box at (1061, 1223)...
[cdp]   [cdp_publish] Clicking comment submit button at (1293, 1223)...
[cdp]   [cdp_publish] Comment posted. feed_id=6a5cc19e000000000f03cfb9, length=35
[cdp]   [cdp_publish] Clicking note like in interact bar at (1201, 1223) hint=interact-container .like-wrapper target=SPAN bar=interactions engage-bar top=1211.3333740234375 left=1180.8958740234375 viewport={'w': 1517, 'h': 1291}
[cdp]   [cdp_publish] JS click on like-wrapper, class_after=like-wrapper like-active at=(1207.0052490234375, 1223.3333740234375)
[cdp]   [cdp_publish] Warning: note like click did not activate. state_before=False state_after=False likeRoot.class=like-wrapper like-active visual_before={'className': 'like-wrapper like-active', 'ariaPressed': '', 'color': 'rgb(51, 51, 51)', 'svgColor': 'rgb(51, 51, 51)', 'svgHtml': '<span data-v-9403e00c="" class="like-lottie" style="width: 24px; height: 24px;"></span>'} visual_after={'className': 'like-wrapper like-active', 'ariaPressed': '', 'color': 'rgb(51, 51, 51)', 'svgColor': 'rgb(51, 51, 51)', 'svgHtml': '<span data-v-9403e00c="" class="like-lottie" style="width: 24px; height: 24px;"></span>'}
[cdp]   [cdp_publish] Warning: upvote on same page failed. payload={'success': False, 'changed': False, 'state_before': False, 'state_after': False}
[cdp]   POST_COMMENT_RESULT:
[ok] post done (65/83)
[wait] 25s (~0.4min, random 20-30s)
[search-next] keyword=游戏推荐 sort=综合 task=93/42 empty_streak=0 seen_feeds=375
[search-wait] 6s before keyword=游戏推荐 sort=综合
[cdp] spawn timeout=180s cmd=--reuse-existing-tab search-feeds --keyword 游戏推荐 --sort-by 综合 --publish-time 半年内
[cdp] done exit=0 elapsed=8.1s stdout=129320 stderr=0
[cdp] spawn timeout=90s cmd=--reuse-existing-tab get-feed-detail --feed-id 6a55b2ee000000001702972d --xsec-token(46chars)
[cdp] done exit=0 elapsed=5.1s stdout=35781 stderr=0
[relevance-skip] feedId=6a55b2ee000000001702972d title=给我推点新游戏呗 bodyLen=66 score=-2 min=2
[detail-wait] 2.6s before feedId=6a44d6d2000000000603261d
[cdp] spawn timeout=90s cmd=--reuse-existing-tab get-feed-detail --feed-id 6a44d6d2000000000603261d --xsec-token(46chars)
[cdp] done exit=0 elapsed=5.5s stdout=37188 stderr=0
[search-scroll-stop] keyword=游戏推荐 sort=综合 usable=1 after scrolls=0 (max=8, skip further scrolls)
[search-filter] keyword=游戏推荐 sort=综合 scrolls=0 {'dup_or_empty_id': 28, 'not_note': 2, 'bad_title': 2, 'too_old': 2, 'low_relevance': 1}
[search-hit] keyword=游戏推荐 sort=综合 raw=42 skipped=35 feedId=6a44d6d2000000000603261d score=4 title=AppStore上有什么必玩游戏吗！ → post now
[plan] #66 keyword=游戏推荐 title=AppStore上有什么必玩游戏吗！ comments=258 age=5d score=4 msg=1/求推荐 match=9
[post] attempt feedId=6a44d6d2000000000603261d contentLen=55 also_upvote=1
[cdp] spawn timeout=120s cmd=--reuse-existing-tab post-comment-to-feed --feed-id 6a44d6d2000000000603261d --xsec-token(46chars) --content(55chars) --also-upvote
[cdp] done exit=0 elapsed=10.3s stdout=2323 stderr=0
[upvote-warn] feedId=6a44d6d2000000000603261d comment ok but like not confirmed upvote={'success': False, 'changed': False, 'state_before': False, 'state_after': False}
[post] success feedId=6a44d6d2000000000603261d
[cdp] phase=post-ok exit=0 feedId=6a44d6d2000000000603261d
[cdp] cmd=--reuse-existing-tab post-comment-to-feed --feed-id 6a44d6d2000000000603261d --xsec-token(46chars) --content(55chars) --also-upvote
[cdp]   [cdp_publish] Login cache: enabled (ttl=12h).
[cdp]   [cdp_publish] Tab selection mode: prefer reusing existing tab.
[cdp]   [cdp_publish] Reusing existing tab to reduce focus switching: https://www.xiaohongshu.com/explore/6a44d6d2000000000603261d?xsec_token=ABz5qyJXIwFL-2gjvqVE5IKaPr3QR7JPmmu1qsJtd0ftU=&xsec_source=pc_feed
[cdp]   [cdp_publish] Connecting to ws://127.0.0.1:9222/devtools/page/E0641814139216112256C2BBDD63DEBE
[cdp]   [cdp_publish] Connected to Chrome tab.
[cdp]   [cdp_publish] Using cached login status (home, age=94m, ttl=12h).
[cdp]   [cdp_publish] Home login confirmed (cached).
[cdp]   [cdp_publish] Navigating to https://www.xiaohongshu.com/explore/6a44d6d2000000000603261d?xsec_token=ABz5qyJXIwFL-2gjvqVE5IKaPr3QR7JPmmu1qsJtd0ftU=&xsec_source=pc_feed
[cdp]   [cdp_publish] Clicking comment input box at (1061, 1223)...
[cdp]   [cdp_publish] Clicking comment submit button at (1293, 1223)...
[cdp]   [cdp_publish] Comment posted. feed_id=6a44d6d2000000000603261d, length=55
[cdp]   [cdp_publish] Clicking note like in interact bar at (1163, 1223) hint=interact-container .like-wrapper target=SPAN bar=interactions engage-bar top=1211.3333740234375 left=1143.21875 viewport={'w': 1517, 'h': 1291}
[cdp]   [cdp_publish] JS click on like-wrapper, class_after=like-wrapper like-active at=(1181.640625, 1223.3333740234375)
[cdp]   [cdp_publish] Warning: note like click did not activate. state_before=False state_after=False likeRoot.class=like-wrapper like-active visual_before={'className': 'like-wrapper like-active', 'ariaPressed': '', 'color': 'rgb(51, 51, 51)', 'svgColor': 'rgb(51, 51, 51)', 'svgHtml': '<span data-v-9403e00c="" class="like-lottie" style="width: 24px; height: 24px;"></span>'} visual_after={'className': 'like-wrapper like-active', 'ariaPressed': '', 'color': 'rgb(51, 51, 51)', 'svgColor': 'rgb(51, 51, 51)', 'svgHtml': '<span data-v-9403e00c="" class="like-lottie" style="width: 24px; height: 24px;"></span>'}
[cdp]   [cdp_publish] Warning: upvote on same page failed. payload={'success': False, 'changed': False, 'state_before': False, 'state_after': False}
[cdp]   POST_COMMENT_RESULT:
[ok] post done (66/83)
[wait] 26s (~0.4min, random 20-30s)
[search-next] keyword=游戏推荐 sort=最新 task=94/42 empty_streak=0 seen_feeds=381
[search-wait] 12s before keyword=游戏推荐 sort=最新
[cdp] spawn timeout=180s cmd=--reuse-existing-tab search-feeds --keyword 游戏推荐 --sort-by 最新 --publish-time 半年内
[cdp] done exit=0 elapsed=7.4s stdout=121838 stderr=0
[cdp] spawn timeout=90s cmd=--reuse-existing-tab get-feed-detail --feed-id 6a5e1a08000000001d021ec1 --xsec-token(46chars)
[cdp] done exit=0 elapsed=5.6s stdout=16230 stderr=0
[search-scroll-stop] keyword=游戏推荐 sort=最新 usable=1 after scrolls=0 (max=8, skip further scrolls)
[search-filter] keyword=游戏推荐 sort=最新 scrolls=0 {'bad_publish_date': 3, 'bad_title': 1, 'dup_or_empty_id': 3, 'not_note': 1}
[search-hit] keyword=游戏推荐 sort=最新 raw=42 skipped=8 feedId=6a5e1a08000000001d021ec1 score=4 title=好玩游戏推荐！！！ → post now
[plan] #67 keyword=游戏推荐 title=好玩游戏推荐！！！ comments=15 age=1d score=4 msg=1/求推荐 match=10
[post] attempt feedId=6a5e1a08000000001d021ec1 contentLen=55 also_upvote=1
[cdp] spawn timeout=120s cmd=--reuse-existing-tab post-comment-to-feed --feed-id 6a5e1a08000000001d021ec1 --xsec-token(46chars) --content(55chars) --also-upvote
[cdp] done exit=0 elapsed=12.2s stdout=2322 stderr=0
[upvote-warn] feedId=6a5e1a08000000001d021ec1 comment ok but like not confirmed upvote={'success': False, 'changed': False, 'state_before': False, 'state_after': False}
[post] success feedId=6a5e1a08000000001d021ec1
[cdp] phase=post-ok exit=0 feedId=6a5e1a08000000001d021ec1
[cdp] cmd=--reuse-existing-tab post-comment-to-feed --feed-id 6a5e1a08000000001d021ec1 --xsec-token(46chars) --content(55chars) --also-upvote
[cdp]   [cdp_publish] Login cache: enabled (ttl=12h).
[cdp]   [cdp_publish] Tab selection mode: prefer reusing existing tab.
[cdp]   [cdp_publish] Reusing existing tab to reduce focus switching: https://www.xiaohongshu.com/explore/6a5e1a08000000001d021ec1?xsec_token=ABzSx9hXhrOzrb6AcgKGBZvbkMJeKmdEHQsr9aeLG7o6Y=&xsec_source=pc_feed
[cdp]   [cdp_publish] Connecting to ws://127.0.0.1:9222/devtools/page/E0641814139216112256C2BBDD63DEBE
[cdp]   [cdp_publish] Connected to Chrome tab.
[cdp]   [cdp_publish] Using cached login status (home, age=95m, ttl=12h).
[cdp]   [cdp_publish] Home login confirmed (cached).
[cdp]   [cdp_publish] Navigating to https://www.xiaohongshu.com/explore/6a5e1a08000000001d021ec1?xsec_token=ABzSx9hXhrOzrb6AcgKGBZvbkMJeKmdEHQsr9aeLG7o6Y=&xsec_source=pc_feed
[cdp]   [cdp_publish] Clicking comment input box at (1061, 1223)...
[cdp]   [cdp_publish] Clicking comment submit button at (1293, 1223)...
[cdp]   [cdp_publish] Comment posted. feed_id=6a5e1a08000000001d021ec1, length=55
[cdp]   [cdp_publish] Clicking note like in interact bar at (1193, 1223) hint=interact-container .like-wrapper target=SPAN bar=interactions engage-bar top=1211.3333740234375 left=1172.6875 viewport={'w': 1517, 'h': 1291}
[cdp]   [cdp_publish] JS click on like-wrapper, class_after=like-wrapper like-active at=(1198.796875, 1223.3333740234375)
[cdp]   [cdp_publish] Warning: note like click did not activate. state_before=False state_after=False likeRoot.class=like-wrapper like-active visual_before={'className': 'like-wrapper like-active', 'ariaPressed': '', 'color': 'rgb(51, 51, 51)', 'svgColor': 'rgb(51, 51, 51)', 'svgHtml': '<span data-v-9403e00c="" class="like-lottie" style="width: 24px; height: 24px;"></span>'} visual_after={'className': 'like-wrapper like-active', 'ariaPressed': '', 'color': 'rgb(51, 51, 51)', 'svgColor': 'rgb(51, 51, 51)', 'svgHtml': '<span data-v-9403e00c="" class="like-lottie" style="width: 24px; height: 24px;"></span>'}
[cdp]   [cdp_publish] Warning: upvote on same page failed. payload={'success': False, 'changed': False, 'state_before': False, 'state_after': False}
[cdp]   POST_COMMENT_RESULT:
[ok] post done (67/83)
[wait] 28s (~0.5min, random 20-30s)
[search-next] keyword=微信小游戏 sort=综合 task=95/42 empty_streak=0 seen_feeds=386
[search-wait] 8s before keyword=微信小游戏 sort=综合
[cdp] spawn timeout=180s cmd=--reuse-existing-tab search-feeds --keyword 微信小游戏 --sort-by 综合 --publish-time 半年内
[cdp] done exit=0 elapsed=8.8s stdout=133055 stderr=0
[cdp] spawn timeout=90s cmd=--reuse-existing-tab get-feed-detail --feed-id 6a43486c00000000110186b5 --xsec-token(46chars)
[cdp] done exit=0 elapsed=5.2s stdout=38454 stderr=0
[search-scroll-stop] keyword=微信小游戏 sort=综合 usable=1 after scrolls=0 (max=8, skip further scrolls)
[search-filter] keyword=微信小游戏 sort=综合 scrolls=0 {'dup_or_empty_id': 13, 'not_note': 1}
[search-hit] keyword=微信小游戏 sort=综合 raw=42 skipped=14 feedId=6a43486c00000000110186b5 score=6 title=一人说一个 |无广小程序游戏必玩合集🎮 → post now
[plan] #68 keyword=微信小游戏 title=一人说一个 |无广小程序游戏必玩合集🎮 comments=401 age=21d score=6 msg=11/微信小游戏 match=15
[post] attempt feedId=6a43486c00000000110186b5 contentLen=42 also_upvote=1
[cdp] spawn timeout=120s cmd=--reuse-existing-tab post-comment-to-feed --feed-id 6a43486c00000000110186b5 --xsec-token(46chars) --content(42chars) --also-upvote
[cdp] done exit=0 elapsed=11.1s stdout=2336 stderr=0
[upvote-warn] feedId=6a43486c00000000110186b5 comment ok but like not confirmed upvote={'success': False, 'changed': False, 'state_before': False, 'state_after': False}
[post] success feedId=6a43486c00000000110186b5
[cdp] phase=post-ok exit=0 feedId=6a43486c00000000110186b5
[cdp] cmd=--reuse-existing-tab post-comment-to-feed --feed-id 6a43486c00000000110186b5 --xsec-token(46chars) --content(42chars) --also-upvote
[cdp]   [cdp_publish] Login cache: enabled (ttl=12h).
[cdp]   [cdp_publish] Tab selection mode: prefer reusing existing tab.
[cdp]   [cdp_publish] Reusing existing tab to reduce focus switching: https://www.xiaohongshu.com/explore/6a43486c00000000110186b5?xsec_token=ABmXQhkRpqfz4RGdWIR6yLgr1fgXxpCxaZGGApyb5xoDU=&xsec_source=pc_feed
[cdp]   [cdp_publish] Connecting to ws://127.0.0.1:9222/devtools/page/E0641814139216112256C2BBDD63DEBE
[cdp]   [cdp_publish] Connected to Chrome tab.
[cdp]   [cdp_publish] Using cached login status (home, age=96m, ttl=12h).
[cdp]   [cdp_publish] Home login confirmed (cached).
[cdp]   [cdp_publish] Navigating to https://www.xiaohongshu.com/explore/6a43486c00000000110186b5?xsec_token=ABmXQhkRpqfz4RGdWIR6yLgr1fgXxpCxaZGGApyb5xoDU=&xsec_source=pc_feed
[cdp]   [cdp_publish] Clicking comment input box at (1061, 1223)...
[cdp]   [cdp_publish] Clicking comment submit button at (1293, 1223)...
[cdp]   [cdp_publish] Comment posted. feed_id=6a43486c00000000110186b5, length=42
[cdp]   [cdp_publish] Clicking note like in interact bar at (1155, 1223) hint=interact-container .like-wrapper target=SPAN bar=interactions engage-bar top=1211.3333740234375 left=1135.010498046875 viewport={'w': 1517, 'h': 1291}
[cdp]   [cdp_publish] JS click on like-wrapper, class_after=like-wrapper like-active at=(1173.432373046875, 1223.3333740234375)
[cdp]   [cdp_publish] Warning: note like click did not activate. state_before=False state_after=False likeRoot.class=like-wrapper like-active visual_before={'className': 'like-wrapper like-active', 'ariaPressed': '', 'color': 'rgb(51, 51, 51)', 'svgColor': 'rgb(51, 51, 51)', 'svgHtml': '<span data-v-9403e00c="" class="like-lottie" style="width: 24px; height: 24px;"></span>'} visual_after={'className': 'like-wrapper like-active', 'ariaPressed': '', 'color': 'rgb(51, 51, 51)', 'svgColor': 'rgb(51, 51, 51)', 'svgHtml': '<span data-v-9403e00c="" class="like-lottie" style="width: 24px; height: 24px;"></span>'}
[cdp]   [cdp_publish] Warning: upvote on same page failed. payload={'success': False, 'changed': False, 'state_before': False, 'state_after': False}
[cdp]   POST_COMMENT_RESULT:
[ok] post done (68/83)
[wait] 28s (~0.5min, random 20-30s)
[search-next] keyword=微信小游戏 sort=最新 task=96/42 empty_streak=0 seen_feeds=387
[search-wait] 15s before keyword=微信小游戏 sort=最新
[cdp] spawn timeout=180s cmd=--reuse-existing-tab search-feeds --keyword 微信小游戏 --sort-by 最新 --publish-time 半年内
[cdp] done exit=0 elapsed=8.8s stdout=135220 stderr=0
[cdp] spawn timeout=90s cmd=--reuse-existing-tab get-feed-detail --feed-id 6a5df449000000001b01ff89 --xsec-token(46chars)
[cdp] done exit=0 elapsed=5.1s stdout=14880 stderr=0
[search-scroll-stop] keyword=微信小游戏 sort=最新 usable=1 after scrolls=0 (max=8, skip further scrolls)
[search-filter] keyword=微信小游戏 sort=最新 scrolls=0 {'dup_or_empty_id': 4}
[search-hit] keyword=微信小游戏 sort=最新 raw=39 skipped=4 feedId=6a5df449000000001b01ff89 score=8 title=我用TraeWork做了款小游戏，国产Codex不差 → post now
[plan] #69 keyword=微信小游戏 title=我用TraeWork做了款小游戏，国产Codex不差 comments=3 age=1d score=8 msg=11/微信小游戏 match=10
[post] attempt feedId=6a5df449000000001b01ff89 contentLen=42 also_upvote=1
[cdp] spawn timeout=120s cmd=--reuse-existing-tab post-comment-to-feed --feed-id 6a5df449000000001b01ff89 --xsec-token(46chars) --content(42chars) --also-upvote
[cdp] done exit=0 elapsed=11.0s stdout=2337 stderr=0
[upvote-warn] feedId=6a5df449000000001b01ff89 comment ok but like not confirmed upvote={'success': False, 'changed': False, 'state_before': False, 'state_after': False}
[post] success feedId=6a5df449000000001b01ff89
[cdp] phase=post-ok exit=0 feedId=6a5df449000000001b01ff89
[cdp] cmd=--reuse-existing-tab post-comment-to-feed --feed-id 6a5df449000000001b01ff89 --xsec-token(46chars) --content(42chars) --also-upvote
[cdp]   [cdp_publish] Login cache: enabled (ttl=12h).
[cdp]   [cdp_publish] Tab selection mode: prefer reusing existing tab.
[cdp]   [cdp_publish] Reusing existing tab to reduce focus switching: https://www.xiaohongshu.com/explore/6a5df449000000001b01ff89?xsec_token=ABgO_RO9hCJQb3LOMcuXbRt81QuvOlFO37Jk-kDmikZGg=&xsec_source=pc_feed
[cdp]   [cdp_publish] Connecting to ws://127.0.0.1:9222/devtools/page/E0641814139216112256C2BBDD63DEBE
[cdp]   [cdp_publish] Connected to Chrome tab.
[cdp]   [cdp_publish] Using cached login status (home, age=97m, ttl=12h).
[cdp]   [cdp_publish] Home login confirmed (cached).
[cdp]   [cdp_publish] Navigating to https://www.xiaohongshu.com/explore/6a5df449000000001b01ff89?xsec_token=ABgO_RO9hCJQb3LOMcuXbRt81QuvOlFO37Jk-kDmikZGg=&xsec_source=pc_feed
[cdp]   [cdp_publish] Clicking comment input box at (1061, 1223)...
[cdp]   [cdp_publish] Clicking comment submit button at (1293, 1223)...
[cdp]   [cdp_publish] Comment posted. feed_id=6a5df449000000001b01ff89, length=42
[cdp]   [cdp_publish] Clicking note like in interact bar at (1204, 1223) hint=interact-container .like-wrapper target=SPAN bar=interactions engage-bar top=1211.3333740234375 left=1184.260498046875 viewport={'w': 1517, 'h': 1291}
[cdp]   [cdp_publish] JS click on like-wrapper, class_after=like-wrapper like-active at=(1214.4740409851074, 1223.3333740234375)
[cdp]   [cdp_publish] Warning: note like click did not activate. state_before=False state_after=False likeRoot.class=like-wrapper like-active visual_before={'className': 'like-wrapper like-active', 'ariaPressed': '', 'color': 'rgb(51, 51, 51)', 'svgColor': 'rgb(51, 51, 51)', 'svgHtml': '<span data-v-9403e00c="" class="like-lottie" style="width: 24px; height: 24px;"></span>'} visual_after={'className': 'like-wrapper like-active', 'ariaPressed': '', 'color': 'rgb(51, 51, 51)', 'svgColor': 'rgb(51, 51, 51)', 'svgHtml': '<span data-v-9403e00c="" class="like-lottie" style="width: 24px; height: 24px;"></span>'}
[cdp]   [cdp_publish] Warning: upvote on same page failed. payload={'success': False, 'changed': False, 'state_before': False, 'state_after': False}
[cdp]   POST_COMMENT_RESULT:
[ok] post done (69/83)
[wait] 26s (~0.4min, random 20-30s)
[search-next] keyword=迷宫游戏 sort=综合 task=97/42 empty_streak=0 seen_feeds=388
[search-wait] 10s before keyword=迷宫游戏 sort=综合
[cdp] spawn timeout=180s cmd=--reuse-existing-tab search-feeds --keyword 迷宫游戏 --sort-by 综合 --publish-time 半年内
[cdp] done exit=0 elapsed=8.6s stdout=128445 stderr=0
[cdp] spawn timeout=90s cmd=--reuse-existing-tab get-feed-detail --feed-id 6a28e9730000000006034892 --xsec-token(46chars)
[cdp] done exit=0 elapsed=5.8s stdout=38349 stderr=0
[search-scroll-stop] keyword=迷宫游戏 sort=综合 usable=1 after scrolls=0 (max=8, skip further scrolls)
[search-filter] keyword=迷宫游戏 sort=综合 scrolls=0 {'dup_or_empty_id': 19, 'too_old': 1, 'not_note': 1}
[search-hit] keyword=迷宫游戏 sort=综合 raw=42 skipped=21 feedId=6a28e9730000000006034892 score=2 title=我要建造迷宫让菜鸟完成迷宫！ROBLOX → post now
[plan] #70 keyword=迷宫游戏 title=我要建造迷宫让菜鸟完成迷宫！ROBLOX comments=135 age=41d score=2 msg=12/微信小游戏 match=0
[post] attempt feedId=6a28e9730000000006034892 contentLen=53 also_upvote=1
[cdp] spawn timeout=120s cmd=--reuse-existing-tab post-comment-to-feed --feed-id 6a28e9730000000006034892 --xsec-token(46chars) --content(53chars) --also-upvote
[cdp] done exit=0 elapsed=11.2s stdout=2336 stderr=0
[upvote-warn] feedId=6a28e9730000000006034892 comment ok but like not confirmed upvote={'success': False, 'changed': False, 'state_before': False, 'state_after': False}
[post] success feedId=6a28e9730000000006034892
[cdp] phase=post-ok exit=0 feedId=6a28e9730000000006034892
[cdp] cmd=--reuse-existing-tab post-comment-to-feed --feed-id 6a28e9730000000006034892 --xsec-token(46chars) --content(53chars) --also-upvote
[cdp]   [cdp_publish] Login cache: enabled (ttl=12h).
[cdp]   [cdp_publish] Tab selection mode: prefer reusing existing tab.
[cdp]   [cdp_publish] Reusing existing tab to reduce focus switching: https://www.xiaohongshu.com/explore/6a28e9730000000006034892?xsec_token=ABeyG2EK6sx8jEHlOZ7b44wfv_AUEiZ2jifEYCQoPIlX0=&xsec_source=pc_feed
[cdp]   [cdp_publish] Connecting to ws://127.0.0.1:9222/devtools/page/E0641814139216112256C2BBDD63DEBE
[cdp]   [cdp_publish] Connected to Chrome tab.
[cdp]   [cdp_publish] Using cached login status (home, age=98m, ttl=12h).
[cdp]   [cdp_publish] Home login confirmed (cached).
[cdp]   [cdp_publish] Navigating to https://www.xiaohongshu.com/explore/6a28e9730000000006034892?xsec_token=ABeyG2EK6sx8jEHlOZ7b44wfv_AUEiZ2jifEYCQoPIlX0=&xsec_source=pc_feed
[cdp]   [cdp_publish] Clicking comment input box at (1061, 1223)...
[cdp]   [cdp_publish] Clicking comment submit button at (1293, 1223)...
[cdp]   [cdp_publish] Comment posted. feed_id=6a28e9730000000006034892, length=53
[cdp]   [cdp_publish] Clicking note like in interact bar at (1155, 1223) hint=interact-container .like-wrapper target=SPAN bar=interactions engage-bar top=1211.3333740234375 left=1135.010498046875 viewport={'w': 1517, 'h': 1291}
[cdp]   [cdp_publish] JS click on like-wrapper, class_after=like-wrapper like-active at=(1173.432373046875, 1223.3333740234375)
[cdp]   [cdp_publish] Warning: note like click did not activate. state_before=False state_after=False likeRoot.class=like-wrapper like-active visual_before={'className': 'like-wrapper like-active', 'ariaPressed': '', 'color': 'rgb(51, 51, 51)', 'svgColor': 'rgb(51, 51, 51)', 'svgHtml': '<span data-v-9403e00c="" class="like-lottie" style="width: 24px; height: 24px;"></span>'} visual_after={'className': 'like-wrapper like-active', 'ariaPressed': '', 'color': 'rgb(51, 51, 51)', 'svgColor': 'rgb(51, 51, 51)', 'svgHtml': '<span data-v-9403e00c="" class="like-lottie" style="width: 24px; height: 24px;"></span>'}
[cdp]   [cdp_publish] Warning: upvote on same page failed. payload={'success': False, 'changed': False, 'state_before': False, 'state_after': False}
[cdp]   POST_COMMENT_RESULT:
[ok] post done (70/83)
[wait] 29s (~0.5min, random 20-30s)
[search-next] keyword=迷宫游戏 sort=最新 task=98/42 empty_streak=0 seen_feeds=390
[search-wait] 9s before keyword=迷宫游戏 sort=最新
[cdp] spawn timeout=180s cmd=--reuse-existing-tab search-feeds --keyword 迷宫游戏 --sort-by 最新 --publish-time 半年内
[cdp] done exit=0 elapsed=8.3s stdout=181733 stderr=0
[cdp] spawn timeout=90s cmd=--reuse-existing-tab get-feed-detail --feed-id 6a5de446000000001302f237 --xsec-token(46chars)
[cdp] done exit=0 elapsed=5.9s stdout=12572 stderr=0
[search-scroll-stop] keyword=迷宫游戏 sort=最新 usable=1 after scrolls=0 (max=8, skip further scrolls)
[search-filter] keyword=迷宫游戏 sort=最新 scrolls=0 {'dup_or_empty_id': 2}
[search-hit] keyword=迷宫游戏 sort=最新 raw=42 skipped=2 feedId=6a5de446000000001302f237 score=8 title=宅家带娃救星｜安静玩很久的迷宫小游戏 → post now
[plan] #71 keyword=迷宫游戏 title=宅家带娃救星｜安静玩很久的迷宫小游戏 comments=1 age=1d score=8 msg=16/烧脑卡关 match=10
[post] attempt feedId=6a5de446000000001302f237 contentLen=41 also_upvote=1
[cdp] spawn timeout=120s cmd=--reuse-existing-tab post-comment-to-feed --feed-id 6a5de446000000001302f237 --xsec-token(46chars) --content(41chars) --also-upvote
[cdp] done exit=0 elapsed=11.5s stdout=2337 stderr=0
[upvote-warn] feedId=6a5de446000000001302f237 comment ok but like not confirmed upvote={'success': False, 'changed': False, 'state_before': False, 'state_after': False}
[post] success feedId=6a5de446000000001302f237
[cdp] phase=post-ok exit=0 feedId=6a5de446000000001302f237
[cdp] cmd=--reuse-existing-tab post-comment-to-feed --feed-id 6a5de446000000001302f237 --xsec-token(46chars) --content(41chars) --also-upvote
[cdp]   [cdp_publish] Login cache: enabled (ttl=12h).
[cdp]   [cdp_publish] Tab selection mode: prefer reusing existing tab.
[cdp]   [cdp_publish] Reusing existing tab to reduce focus switching: https://www.xiaohongshu.com/explore/6a5de446000000001302f237?xsec_token=ABgO_RO9hCJQb3LOMcuXbRt8lbvEV8UTkg4kP4PDRNKSI=&xsec_source=pc_feed
[cdp]   [cdp_publish] Connecting to ws://127.0.0.1:9222/devtools/page/E0641814139216112256C2BBDD63DEBE
[cdp]   [cdp_publish] Connected to Chrome tab.
[cdp]   [cdp_publish] Using cached login status (home, age=99m, ttl=12h).
[cdp]   [cdp_publish] Home login confirmed (cached).
[cdp]   [cdp_publish] Navigating to https://www.xiaohongshu.com/explore/6a5de446000000001302f237?xsec_token=ABgO_RO9hCJQb3LOMcuXbRt8lbvEV8UTkg4kP4PDRNKSI=&xsec_source=pc_feed
[cdp]   [cdp_publish] Clicking comment input box at (1061, 1223)...
[cdp]   [cdp_publish] Clicking comment submit button at (1293, 1223)...
[cdp]   [cdp_publish] Comment posted. feed_id=6a5de446000000001302f237, length=41
[cdp]   [cdp_publish] Clicking note like in interact bar at (1204, 1223) hint=interact-container .like-wrapper target=SPAN bar=interactions engage-bar top=1211.3333740234375 left=1183.8033447265625 viewport={'w': 1517, 'h': 1291}
[cdp]   [cdp_publish] JS click on like-wrapper, class_after=like-wrapper like-active at=(1214.016887664795, 1223.3333740234375)
[cdp]   [cdp_publish] Warning: note like click did not activate. state_before=False state_after=False likeRoot.class=like-wrapper like-active visual_before={'className': 'like-wrapper like-active', 'ariaPressed': '', 'color': 'rgb(51, 51, 51)', 'svgColor': 'rgb(51, 51, 51)', 'svgHtml': '<span data-v-9403e00c="" class="like-lottie" style="width: 24px; height: 24px;"></span>'} visual_after={'className': 'like-wrapper like-active', 'ariaPressed': '', 'color': 'rgb(51, 51, 51)', 'svgColor': 'rgb(51, 51, 51)', 'svgHtml': '<span data-v-9403e00c="" class="like-lottie" style="width: 24px; height: 24px;"></span>'}
[cdp]   [cdp_publish] Warning: upvote on same page failed. payload={'success': False, 'changed': False, 'state_before': False, 'state_after': False}
[cdp]   POST_COMMENT_RESULT:
[ok] post done (71/83)
[wait] 22s (~0.4min, random 20-30s)
[search-next] keyword=逻辑游戏 sort=综合 task=99/42 empty_streak=0 seen_feeds=391
[search-wait] 7s before keyword=逻辑游戏 sort=综合
[cdp] spawn timeout=180s cmd=--reuse-existing-tab search-feeds --keyword 逻辑游戏 --sort-by 综合 --publish-time 半年内
[cdp] done exit=0 elapsed=8.2s stdout=140961 stderr=0
[cdp] spawn timeout=90s cmd=--reuse-existing-tab get-feed-detail --feed-id 6a1985150000000036001939 --xsec-token(46chars)
[cdp] done exit=0 elapsed=5.2s stdout=11277 stderr=0
[search-scroll-stop] keyword=逻辑游戏 sort=综合 usable=1 after scrolls=0 (max=8, skip further scrolls)
[search-filter] keyword=逻辑游戏 sort=综合 scrolls=0 {'dup_or_empty_id': 34, 'not_note': 2, 'already_commented': 2, 'bad_title': 1, 'too_old': 2}
[search-hit] keyword=逻辑游戏 sort=综合 raw=42 skipped=41 feedId=6a1985150000000036001939 score=6 title=小游戏分享第二弹 → post now
[plan] #72 keyword=逻辑游戏 title=小游戏分享第二弹 comments=4 age=53d score=6 msg=1/求推荐 match=10
[post] attempt feedId=6a1985150000000036001939 contentLen=55 also_upvote=1
[cdp] spawn timeout=120s cmd=--reuse-existing-tab post-comment-to-feed --feed-id 6a1985150000000036001939 --xsec-token(46chars) --content(55chars) --also-upvote
[cdp] done exit=0 elapsed=10.1s stdout=2336 stderr=0
[upvote-warn] feedId=6a1985150000000036001939 comment ok but like not confirmed upvote={'success': False, 'changed': False, 'state_before': False, 'state_after': False}
[post] success feedId=6a1985150000000036001939
[cdp] phase=post-ok exit=0 feedId=6a1985150000000036001939
[cdp] cmd=--reuse-existing-tab post-comment-to-feed --feed-id 6a1985150000000036001939 --xsec-token(46chars) --content(55chars) --also-upvote
[cdp]   [cdp_publish] Login cache: enabled (ttl=12h).
[cdp]   [cdp_publish] Tab selection mode: prefer reusing existing tab.
[cdp]   [cdp_publish] Reusing existing tab to reduce focus switching: https://www.xiaohongshu.com/explore/6a1985150000000036001939?xsec_token=ABkMw-oncjHcUm9EyAr7aNd5nUz2hY8ACE5-V3cHJ-RUo=&xsec_source=pc_feed
[cdp]   [cdp_publish] Connecting to ws://127.0.0.1:9222/devtools/page/E0641814139216112256C2BBDD63DEBE
[cdp]   [cdp_publish] Connected to Chrome tab.
[cdp]   [cdp_publish] Using cached login status (home, age=100m, ttl=12h).
[cdp]   [cdp_publish] Home login confirmed (cached).
[cdp]   [cdp_publish] Navigating to https://www.xiaohongshu.com/explore/6a1985150000000036001939?xsec_token=ABkMw-oncjHcUm9EyAr7aNd5nUz2hY8ACE5-V3cHJ-RUo=&xsec_source=pc_feed
[cdp]   [cdp_publish] Clicking comment input box at (910, 1223)...
[cdp]   [cdp_publish] Clicking comment submit button at (1142, 1223)...
[cdp]   [cdp_publish] Comment posted. feed_id=6a1985150000000036001939, length=55
[cdp]   [cdp_publish] Clicking note like in interact bar at (1050, 1223) hint=interact-container .like-wrapper target=SPAN bar=interactions engage-bar top=1211.3333740234375 left=1029.787841796875 viewport={'w': 1517, 'h': 1291}
[cdp]   [cdp_publish] JS click on like-wrapper, class_after=like-wrapper like-active at=(1055.897216796875, 1223.3333740234375)
[cdp]   [cdp_publish] Warning: note like click did not activate. state_before=False state_after=False likeRoot.class=like-wrapper like-active visual_before={'className': 'like-wrapper like-active', 'ariaPressed': '', 'color': 'rgb(51, 51, 51)', 'svgColor': 'rgb(51, 51, 51)', 'svgHtml': '<span data-v-9403e00c="" class="like-lottie" style="width: 24px; height: 24px;"></span>'} visual_after={'className': 'like-wrapper like-active', 'ariaPressed': '', 'color': 'rgb(51, 51, 51)', 'svgColor': 'rgb(51, 51, 51)', 'svgHtml': '<span data-v-9403e00c="" class="like-lottie" style="width: 24px; height: 24px;"></span>'}
[cdp]   [cdp_publish] Warning: upvote on same page failed. payload={'success': False, 'changed': False, 'state_before': False, 'state_after': False}
[cdp]   POST_COMMENT_RESULT:
[ok] post done (72/83)
[wait] 24s (~0.4min, random 20-30s)
[search-next] keyword=逻辑游戏 sort=最新 task=100/42 empty_streak=0 seen_feeds=397
[search-wait] 8s before keyword=逻辑游戏 sort=最新
[cdp] spawn timeout=180s cmd=--reuse-existing-tab search-feeds --keyword 逻辑游戏 --sort-by 最新 --publish-time 半年内
[cdp] done exit=0 elapsed=8.3s stdout=155619 stderr=0
[cdp] spawn timeout=90s cmd=--reuse-existing-tab get-feed-detail --feed-id 6a5d60e70000000004028ead --xsec-token(46chars)
[cdp] done exit=0 elapsed=5.3s stdout=7938 stderr=0
[search-scroll-stop] keyword=逻辑游戏 sort=最新 usable=1 after scrolls=0 (max=8, skip further scrolls)
[search-filter] keyword=逻辑游戏 sort=最新 scrolls=0 {'dup_or_empty_id': 7, 'not_note': 1}
[search-hit] keyword=逻辑游戏 sort=最新 raw=42 skipped=8 feedId=6a5d60e70000000004028ead score=6 title=今天来做线索游戏✅ → post now
[plan] #73 keyword=逻辑游戏 title=今天来做线索游戏✅ comments=1 age=1d score=6 msg=13/微信小游戏 match=3
[post] attempt feedId=6a5d60e70000000004028ead contentLen=35 also_upvote=1
[cdp] spawn timeout=120s cmd=--reuse-existing-tab post-comment-to-feed --feed-id 6a5d60e70000000004028ead --xsec-token(46chars) --content(35chars) --also-upvote
[cdp] done exit=0 elapsed=11.1s stdout=2338 stderr=0
[upvote-warn] feedId=6a5d60e70000000004028ead comment ok but like not confirmed upvote={'success': False, 'changed': False, 'state_before': False, 'state_after': False}
[post] success feedId=6a5d60e70000000004028ead
[cdp] phase=post-ok exit=0 feedId=6a5d60e70000000004028ead
[cdp] cmd=--reuse-existing-tab post-comment-to-feed --feed-id 6a5d60e70000000004028ead --xsec-token(46chars) --content(35chars) --also-upvote
[cdp]   [cdp_publish] Login cache: enabled (ttl=12h).
[cdp]   [cdp_publish] Tab selection mode: prefer reusing existing tab.
[cdp]   [cdp_publish] Reusing existing tab to reduce focus switching: https://www.xiaohongshu.com/explore/6a5d60e70000000004028ead?xsec_token=ABgO_RO9hCJQb3LOMcuXbRt59WSH-urPMvRDciIwQZobA=&xsec_source=pc_feed
[cdp]   [cdp_publish] Connecting to ws://127.0.0.1:9222/devtools/page/E0641814139216112256C2BBDD63DEBE
[cdp]   [cdp_publish] Connected to Chrome tab.
[cdp]   [cdp_publish] Using cached login status (home, age=101m, ttl=12h).
[cdp]   [cdp_publish] Home login confirmed (cached).
[cdp]   [cdp_publish] Navigating to https://www.xiaohongshu.com/explore/6a5d60e70000000004028ead?xsec_token=ABgO_RO9hCJQb3LOMcuXbRt59WSH-urPMvRDciIwQZobA=&xsec_source=pc_feed
[cdp]   [cdp_publish] Clicking comment input box at (1061, 1223)...
[cdp]   [cdp_publish] Clicking comment submit button at (1293, 1223)...
[cdp]   [cdp_publish] Comment posted. feed_id=6a5d60e70000000004028ead, length=35
[cdp]   [cdp_publish] Clicking note like in interact bar at (1204, 1223) hint=interact-container .like-wrapper target=SPAN bar=interactions engage-bar top=1211.3333740234375 left=1184.260498046875 viewport={'w': 1517, 'h': 1291}
[cdp]   [cdp_publish] JS click on like-wrapper, class_after=like-wrapper like-active at=(1214.4740409851074, 1223.3333740234375)
[cdp]   [cdp_publish] Warning: note like click did not activate. state_before=False state_after=False likeRoot.class=like-wrapper like-active visual_before={'className': 'like-wrapper like-active', 'ariaPressed': '', 'color': 'rgb(51, 51, 51)', 'svgColor': 'rgb(51, 51, 51)', 'svgHtml': '<span data-v-9403e00c="" class="like-lottie" style="width: 24px; height: 24px;"></span>'} visual_after={'className': 'like-wrapper like-active', 'ariaPressed': '', 'color': 'rgb(51, 51, 51)', 'svgColor': 'rgb(51, 51, 51)', 'svgHtml': '<span data-v-9403e00c="" class="like-lottie" style="width: 24px; height: 24px;"></span>'}
[cdp]   [cdp_publish] Warning: upvote on same page failed. payload={'success': False, 'changed': False, 'state_before': False, 'state_after': False}
[cdp]   POST_COMMENT_RESULT:
[ok] post done (73/83)
[wait] 26s (~0.4min, random 20-30s)
[search-next] keyword=休闲小游戏 sort=综合 task=101/42 empty_streak=0 seen_feeds=398
[search-wait] 11s before keyword=休闲小游戏 sort=综合
[cdp] spawn timeout=180s cmd=--reuse-existing-tab search-feeds --keyword 休闲小游戏 --sort-by 综合 --publish-time 半年内
[cdp] done exit=0 elapsed=7.9s stdout=135371 stderr=0
[cdp] spawn timeout=90s cmd=--reuse-existing-tab get-feed-detail --feed-id 6a46696e0000000006036366 --xsec-token(46chars)
[cdp] done exit=0 elapsed=6.5s stdout=38613 stderr=0
[relevance-skip] feedId=6a46696e0000000006036366 title=这是我近半年玩过的最好玩的休闲游戏 bodyLen=404 score=-12 min=2
[search-scroll-next] keyword=休闲小游戏 sort=综合 raw=46 usable=0 scroll once (1/8)
[cdp] spawn timeout=180s cmd=--reuse-existing-tab search-feeds-scroll
[cdp] done exit=1 elapsed=0.2s stdout=596 stderr=617
[warn] search scroll failed keyword=休闲小游戏 scrolls=1
[cdp] phase=search-scroll exit=1 keyword=休闲小游戏 scrolls=1
[cdp] cmd=--reuse-existing-tab search-feeds-scroll
[cdp]   [cdp_publish] Timing jitter ratio: 0.25
[cdp]   [cdp_publish] Login cache: enabled (ttl=12h).
[cdp]   [cdp_publish] Tab selection mode: prefer reusing existing tab.
[cdp]   [cdp_publish] Reusing existing tab to reduce focus switching: https://www.xiaohongshu.com/explore/6a46696e0000000006036366?xsec_token=ABYvSwgXEOpxnl0xFHdfQ08_i4MAPBUEXMM8HxxkZ2q0Y=&xsec_source=pc_feed
[cdp]   [cdp_publish] Connecting to ws://127.0.0.1:9222/devtools/page/E0641814139216112256C2BBDD63DEBE
[cdp]   [cdp_publish] Connected to Chrome tab.
[cdp]   [cdp_publish] Using cached login status (home, age=102m, ttl=12h).
[cdp]   [cdp_publish] Home login confirmed (cached).
[cdp]   Traceback (most recent call last):
[cdp]   raise CDPError(
[cdp]   __main__.CDPError: Current tab is not a search results page: https://www.xiaohongshu.com/explore/6a46696e0000000006036366?xsec_token=ABYvSwgXEOpxnl0xFHdfQ08_i4MAPBUEXMM8HxxkZ2q0Y=&x
[search-filter] keyword=休闲小游戏 sort=综合 scrolls=0(exhausted max=8) {'dup_or_empty_id': 37, 'not_note': 6, 'too_old': 2, 'low_relevance': 1}
[search] keyword=休闲小游戏 sort=综合 raw=46 skipped=46 hit=0 rate_limited=False
[search-next] keyword=休闲小游戏 sort=最新 task=102/42 empty_streak=1 seen_feeds=401
[search-wait] 11s before keyword=休闲小游戏 sort=最新
[cdp] spawn timeout=180s cmd=--reuse-existing-tab search-feeds --keyword 休闲小游戏 --sort-by 最新 --publish-time 半年内
[cdp] done exit=0 elapsed=8.4s stdout=132883 stderr=0
[cdp] spawn timeout=90s cmd=--reuse-existing-tab get-feed-detail --feed-id 6a5de62d00000000010333f6 --xsec-token(46chars)
[cdp] done exit=0 elapsed=5.6s stdout=15457 stderr=0
[search-scroll-stop] keyword=休闲小游戏 sort=最新 usable=1 after scrolls=0 (max=8, skip further scrolls)
[search-filter] keyword=休闲小游戏 sort=最新 scrolls=0 {'bad_title': 2, 'dup_or_empty_id': 5, 'not_note': 3, 'bad_publish_date': 2}
[search-hit] keyword=休闲小游戏 sort=最新 raw=46 skipped=12 feedId=6a5de62d00000000010333f6 score=4 title=领到了！薅个个喵小游戏红包🧧 → post now
[plan] #74 keyword=休闲小游戏 title=领到了！薅个个喵小游戏红包🧧 comments=7 age=1d score=4 msg=1/求推荐 match=5
[post] attempt feedId=6a5de62d00000000010333f6 contentLen=55 also_upvote=1
[cdp] spawn timeout=120s cmd=--reuse-existing-tab post-comment-to-feed --feed-id 6a5de62d00000000010333f6 --xsec-token(46chars) --content(55chars) --also-upvote
[cdp] done exit=0 elapsed=11.2s stdout=2339 stderr=0
[upvote-warn] feedId=6a5de62d00000000010333f6 comment ok but like not confirmed upvote={'success': False, 'changed': False, 'state_before': False, 'state_after': False}
[post] success feedId=6a5de62d00000000010333f6
[cdp] phase=post-ok exit=0 feedId=6a5de62d00000000010333f6
[cdp] cmd=--reuse-existing-tab post-comment-to-feed --feed-id 6a5de62d00000000010333f6 --xsec-token(46chars) --content(55chars) --also-upvote
[cdp]   [cdp_publish] Login cache: enabled (ttl=12h).
[cdp]   [cdp_publish] Tab selection mode: prefer reusing existing tab.
[cdp]   [cdp_publish] Reusing existing tab to reduce focus switching: https://www.xiaohongshu.com/explore/6a5de62d00000000010333f6?xsec_token=ABgO_RO9hCJQb3LOMcuXbRt0GHM16uRA0VMcUg_727zac=&xsec_source=pc_feed
[cdp]   [cdp_publish] Connecting to ws://127.0.0.1:9222/devtools/page/E0641814139216112256C2BBDD63DEBE
[cdp]   [cdp_publish] Connected to Chrome tab.
[cdp]   [cdp_publish] Using cached login status (home, age=102m, ttl=12h).
[cdp]   [cdp_publish] Home login confirmed (cached).
[cdp]   [cdp_publish] Navigating to https://www.xiaohongshu.com/explore/6a5de62d00000000010333f6?xsec_token=ABgO_RO9hCJQb3LOMcuXbRt0GHM16uRA0VMcUg_727zac=&xsec_source=pc_feed
[cdp]   [cdp_publish] Clicking comment input box at (1061, 1223)...
[cdp]   [cdp_publish] Clicking comment submit button at (1293, 1223)...
[cdp]   [cdp_publish] Comment posted. feed_id=6a5de62d00000000010333f6, length=55
[cdp]   [cdp_publish] Clicking note like in interact bar at (1201, 1223) hint=interact-container .like-wrapper target=SPAN bar=interactions engage-bar top=1211.3333740234375 left=1180.8958740234375 viewport={'w': 1517, 'h': 1291}
[cdp]   [cdp_publish] JS click on like-wrapper, class_after=like-wrapper like-active at=(1207.0052490234375, 1223.3333740234375)
[cdp]   [cdp_publish] Warning: note like click did not activate. state_before=False state_after=False likeRoot.class=like-wrapper like-active visual_before={'className': 'like-wrapper like-active', 'ariaPressed': '', 'color': 'rgb(51, 51, 51)', 'svgColor': 'rgb(51, 51, 51)', 'svgHtml': '<span data-v-9403e00c="" class="like-lottie" style="width: 24px; height: 24px;"></span>'} visual_after={'className': 'like-wrapper like-active', 'ariaPressed': '', 'color': 'rgb(51, 51, 51)', 'svgColor': 'rgb(51, 51, 51)', 'svgHtml': '<span data-v-9403e00c="" class="like-lottie" style="width: 24px; height: 24px;"></span>'}
[cdp]   [cdp_publish] Warning: upvote on same page failed. payload={'success': False, 'changed': False, 'state_before': False, 'state_after': False}
[cdp]   POST_COMMENT_RESULT:
[ok] post done (74/83)
[wait] 22s (~0.4min, random 20-30s)
[search-next] keyword=单机小游戏 sort=综合 task=103/42 empty_streak=0 seen_feeds=406
[search-wait] 12s before keyword=单机小游戏 sort=综合
[cdp] spawn timeout=180s cmd=--reuse-existing-tab search-feeds --keyword 单机小游戏 --sort-by 综合 --publish-time 半年内
[cdp] done exit=0 elapsed=8.0s stdout=132858 stderr=0
[cdp] spawn timeout=90s cmd=--reuse-existing-tab get-feed-detail --feed-id 6a24122f000000001702e057 --xsec-token(46chars)
[cdp] done exit=0 elapsed=4.9s stdout=31022 stderr=0
[relevance-skip] feedId=6a24122f000000001702e057 title=个人arg游戏测评（微剧透）（1） bodyLen=691 score=-8 min=2
[detail-wait] 2.4s before feedId=6a40db58000000002201a98b
[cdp] spawn timeout=90s cmd=--reuse-existing-tab get-feed-detail --feed-id 6a40db58000000002201a98b --xsec-token(46chars)
[cdp] done exit=0 elapsed=5.7s stdout=10599 stderr=0
[relevance-skip] feedId=6a40db58000000002201a98b title=飞机上没网，旁边人玩什么就跟着玩吧 bodyLen=77 score=-4 min=2
[search-scroll-next] keyword=单机小游戏 sort=综合 raw=42 usable=0 scroll once (1/8)
[cdp] spawn timeout=180s cmd=--reuse-existing-tab search-feeds-scroll
[cdp] done exit=1 elapsed=0.2s stdout=596 stderr=617
[warn] search scroll failed keyword=单机小游戏 scrolls=1
[cdp] phase=search-scroll exit=1 keyword=单机小游戏 scrolls=1
[cdp] cmd=--reuse-existing-tab search-feeds-scroll
[cdp]   [cdp_publish] Timing jitter ratio: 0.25
[cdp]   [cdp_publish] Login cache: enabled (ttl=12h).
[cdp]   [cdp_publish] Tab selection mode: prefer reusing existing tab.
[cdp]   [cdp_publish] Reusing existing tab to reduce focus switching: https://www.xiaohongshu.com/explore/6a40db58000000002201a98b?xsec_token=ABdBJuqvdaje7PzN9t-Xn7HlZkjI5FyQASDXQbpwC002M=&xsec_source=pc_feed
[cdp]   [cdp_publish] Connecting to ws://127.0.0.1:9222/devtools/page/E0641814139216112256C2BBDD63DEBE
[cdp]   [cdp_publish] Connected to Chrome tab.
[cdp]   [cdp_publish] Using cached login status (home, age=103m, ttl=12h).
[cdp]   [cdp_publish] Home login confirmed (cached).
[cdp]   Traceback (most recent call last):
[cdp]   raise CDPError(
[cdp]   __main__.CDPError: Current tab is not a search results page: https://www.xiaohongshu.com/explore/6a40db58000000002201a98b?xsec_token=ABdBJuqvdaje7PzN9t-Xn7HlZkjI5FyQASDXQbpwC002M=&x
[search-filter] keyword=单机小游戏 sort=综合 scrolls=0(exhausted max=8) {'dup_or_empty_id': 31, 'not_note': 2, 'already_commented': 4, 'too_old': 3, 'low_relevance': 2}
[search] keyword=单机小游戏 sort=综合 raw=42 skipped=42 hit=0 rate_limited=False
[search-next] keyword=单机小游戏 sort=最新 task=104/42 empty_streak=1 seen_feeds=415
[search-wait] 6s before keyword=单机小游戏 sort=最新
[cdp] spawn timeout=180s cmd=--reuse-existing-tab search-feeds --keyword 单机小游戏 --sort-by 最新 --publish-time 半年内
[cdp] done exit=0 elapsed=7.9s stdout=131474 stderr=0
[cdp] spawn timeout=90s cmd=--reuse-existing-tab get-feed-detail --feed-id 6a5dafdc00000000040293a3 --xsec-token(46chars)
[cdp] done exit=0 elapsed=5.5s stdout=7020 stderr=0
[search-scroll-stop] keyword=单机小游戏 sort=最新 usable=1 after scrolls=0 (max=8, skip further scrolls)
[search-filter] keyword=单机小游戏 sort=最新 scrolls=0 {'dup_or_empty_id': 4}
[search-hit] keyword=单机小游戏 sort=最新 raw=42 skipped=4 feedId=6a5dafdc00000000040293a3 score=8 title=3000种游戏合集等你来解锁 → post now
[plan] #75 keyword=单机小游戏 title=3000种游戏合集等你来解锁 comments=1 age=1d score=8 msg=1/求推荐 match=12
[post] attempt feedId=6a5dafdc00000000040293a3 contentLen=55 also_upvote=1
[cdp] spawn timeout=120s cmd=--reuse-existing-tab post-comment-to-feed --feed-id 6a5dafdc00000000040293a3 --xsec-token(46chars) --content(55chars) --also-upvote
[cdp] done exit=0 elapsed=11.3s stdout=2339 stderr=0
[upvote-warn] feedId=6a5dafdc00000000040293a3 comment ok but like not confirmed upvote={'success': False, 'changed': False, 'state_before': False, 'state_after': False}
[post] success feedId=6a5dafdc00000000040293a3
[cdp] phase=post-ok exit=0 feedId=6a5dafdc00000000040293a3
[cdp] cmd=--reuse-existing-tab post-comment-to-feed --feed-id 6a5dafdc00000000040293a3 --xsec-token(46chars) --content(55chars) --also-upvote
[cdp]   [cdp_publish] Login cache: enabled (ttl=12h).
[cdp]   [cdp_publish] Tab selection mode: prefer reusing existing tab.
[cdp]   [cdp_publish] Reusing existing tab to reduce focus switching: https://www.xiaohongshu.com/explore/6a5dafdc00000000040293a3?xsec_token=ABgO_RO9hCJQb3LOMcuXbRt7l-FY_E6cRL6gok4yDPUMs=&xsec_source=pc_feed
[cdp]   [cdp_publish] Connecting to ws://127.0.0.1:9222/devtools/page/E0641814139216112256C2BBDD63DEBE
[cdp]   [cdp_publish] Connected to Chrome tab.
[cdp]   [cdp_publish] Using cached login status (home, age=104m, ttl=12h).
[cdp]   [cdp_publish] Home login confirmed (cached).
[cdp]   [cdp_publish] Navigating to https://www.xiaohongshu.com/explore/6a5dafdc00000000040293a3?xsec_token=ABgO_RO9hCJQb3LOMcuXbRt7l-FY_E6cRL6gok4yDPUMs=&xsec_source=pc_feed
[cdp]   [cdp_publish] Clicking comment input box at (1061, 1223)...
[cdp]   [cdp_publish] Clicking comment submit button at (1293, 1223)...
[cdp]   [cdp_publish] Comment posted. feed_id=6a5dafdc00000000040293a3, length=55
[cdp]   [cdp_publish] Clicking note like in interact bar at (1221, 1223) hint=interact-container .like-wrapper target=SPAN bar=interactions engage-bar top=1211.3333740234375 left=1200.6771240234375 viewport={'w': 1517, 'h': 1291}
[cdp]   [cdp_publish] JS click on like-wrapper, class_after=like-wrapper like-active at=(1226.7864990234375, 1223.3333740234375)
[cdp]   [cdp_publish] Warning: note like click did not activate. state_before=False state_after=False likeRoot.class=like-wrapper like-active visual_before={'className': 'like-wrapper like-active', 'ariaPressed': '', 'color': 'rgb(51, 51, 51)', 'svgColor': 'rgb(51, 51, 51)', 'svgHtml': '<span data-v-9403e00c="" class="like-lottie" style="width: 24px; height: 24px;"></span>'} visual_after={'className': 'like-wrapper like-active', 'ariaPressed': '', 'color': 'rgb(51, 51, 51)', 'svgColor': 'rgb(51, 51, 51)', 'svgHtml': '<span data-v-9403e00c="" class="like-lottie" style="width: 24px; height: 24px;"></span>'}
[cdp]   [cdp_publish] Warning: upvote on same page failed. payload={'success': False, 'changed': False, 'state_before': False, 'state_after': False}
[cdp]   POST_COMMENT_RESULT:
[ok] post done (75/83)
[wait] 22s (~0.4min, random 20-30s)
[search-next] keyword=解谜小游戏 sort=综合 task=105/42 empty_streak=0 seen_feeds=416
[search-wait] 5s before keyword=解谜小游戏 sort=综合
[cdp] spawn timeout=180s cmd=--reuse-existing-tab search-feeds --keyword 解谜小游戏 --sort-by 综合 --publish-time 半年内
[cdp] done exit=0 elapsed=7.2s stdout=138180 stderr=0
[search-scroll-next] keyword=解谜小游戏 sort=综合 raw=42 usable=0 scroll once (1/8)
[cdp] spawn timeout=180s cmd=--reuse-existing-tab search-feeds-scroll
[cdp] done exit=0 elapsed=1.4s stdout=217138 stderr=0
[cdp] spawn timeout=90s cmd=--reuse-existing-tab get-feed-detail --feed-id 6a59a88b0000000014004da6 --xsec-token(46chars)
[cdp] done exit=0 elapsed=5.3s stdout=8764 stderr=0
[search-scroll-stop] keyword=解谜小游戏 sort=综合 usable=1 after scrolls=1 (max=8, skip further scrolls)
[search-filter] keyword=解谜小游戏 sort=综合 scrolls=1 {'dup_or_empty_id': 88, 'not_note': 7, 'bad_title': 2, 'too_old': 2, 'bad_publish_date': 1, 'already_commented': 1}
[search-hit] keyword=解谜小游戏 sort=综合 raw=66 skipped=101 feedId=6a59a88b0000000014004da6 score=8 title=建筑解谜之立体魔方！空间想象力谜题 → post now
[plan] #76 keyword=解谜小游戏 title=建筑解谜之立体魔方！空间想象力谜题 comments=2 age=4d score=8 msg=16/烧脑卡关 match=7
[post] attempt feedId=6a59a88b0000000014004da6 contentLen=41 also_upvote=1
[cdp] spawn timeout=120s cmd=--reuse-existing-tab post-comment-to-feed --feed-id 6a59a88b0000000014004da6 --xsec-token(46chars) --content(41chars) --also-upvote
[cdp] done exit=0 elapsed=10.9s stdout=2339 stderr=0
[upvote-warn] feedId=6a59a88b0000000014004da6 comment ok but like not confirmed upvote={'success': False, 'changed': False, 'state_before': False, 'state_after': False}
[post] success feedId=6a59a88b0000000014004da6
[cdp] phase=post-ok exit=0 feedId=6a59a88b0000000014004da6
[cdp] cmd=--reuse-existing-tab post-comment-to-feed --feed-id 6a59a88b0000000014004da6 --xsec-token(46chars) --content(41chars) --also-upvote
[cdp]   [cdp_publish] Login cache: enabled (ttl=12h).
[cdp]   [cdp_publish] Tab selection mode: prefer reusing existing tab.
[cdp]   [cdp_publish] Reusing existing tab to reduce focus switching: https://www.xiaohongshu.com/explore/6a59a88b0000000014004da6?xsec_token=ABVHSxjLKoId4zWWw4wfRyFliDiAUardJSOLQL2B22yns=&xsec_source=pc_feed
[cdp]   [cdp_publish] Connecting to ws://127.0.0.1:9222/devtools/page/E0641814139216112256C2BBDD63DEBE
[cdp]   [cdp_publish] Connected to Chrome tab.
[cdp]   [cdp_publish] Using cached login status (home, age=105m, ttl=12h).
[cdp]   [cdp_publish] Home login confirmed (cached).
[cdp]   [cdp_publish] Navigating to https://www.xiaohongshu.com/explore/6a59a88b0000000014004da6?xsec_token=ABVHSxjLKoId4zWWw4wfRyFliDiAUardJSOLQL2B22yns=&xsec_source=pc_feed
[cdp]   [cdp_publish] Clicking comment input box at (1061, 1223)...
[cdp]   [cdp_publish] Clicking comment submit button at (1293, 1223)...
[cdp]   [cdp_publish] Comment posted. feed_id=6a59a88b0000000014004da6, length=41
[cdp]   [cdp_publish] Clicking note like in interact bar at (1221, 1223) hint=interact-container .like-wrapper target=SPAN bar=interactions engage-bar top=1211.3333740234375 left=1200.6771240234375 viewport={'w': 1517, 'h': 1291}
[cdp]   [cdp_publish] JS click on like-wrapper, class_after=like-wrapper like-active at=(1226.7864990234375, 1223.3333740234375)
[cdp]   [cdp_publish] Warning: note like click did not activate. state_before=False state_after=False likeRoot.class=like-wrapper like-active visual_before={'className': 'like-wrapper like-active', 'ariaPressed': '', 'color': 'rgb(51, 51, 51)', 'svgColor': 'rgb(51, 51, 51)', 'svgHtml': '<span data-v-9403e00c="" class="like-lottie" style="width: 24px; height: 24px;"></span>'} visual_after={'className': 'like-wrapper like-active', 'ariaPressed': '', 'color': 'rgb(51, 51, 51)', 'svgColor': 'rgb(51, 51, 51)', 'svgHtml': '<span data-v-9403e00c="" class="like-lottie" style="width: 24px; height: 24px;"></span>'}
[cdp]   [cdp_publish] Warning: upvote on same page failed. payload={'success': False, 'changed': False, 'state_before': False, 'state_after': False}
[cdp]   POST_COMMENT_RESULT:
[ok] post done (76/83)
[wait] 28s (~0.5min, random 20-30s)
[search-next] keyword=解谜小游戏 sort=最新 task=106/42 empty_streak=0 seen_feeds=423
[search-wait] 5s before keyword=解谜小游戏 sort=最新
[cdp] spawn timeout=180s cmd=--reuse-existing-tab search-feeds --keyword 解谜小游戏 --sort-by 最新 --publish-time 半年内
[cdp] done exit=0 elapsed=8.6s stdout=155031 stderr=0
[cdp] spawn timeout=90s cmd=--reuse-existing-tab get-feed-detail --feed-id 6a5cb11d000000000301f671 --xsec-token(46chars)
[cdp] done exit=0 elapsed=4.7s stdout=7489 stderr=0
[relevance-skip] feedId=6a5cb11d000000000301f671 title=Steam免费高分游戏合集❗️不花一分钱玩到爽 bodyLen=656 score=-2 min=2
[detail-wait] 3.6s before feedId=6a5ca7cd000000001c00fc9b
[cdp] spawn timeout=90s cmd=--reuse-existing-tab get-feed-detail --feed-id 6a5ca7cd000000001c00fc9b --xsec-token(46chars)
[cdp] done exit=0 elapsed=4.8s stdout=8801 stderr=0
[relevance-skip] feedId=6a5ca7cd000000001c00fc9b title=锈湖全套6.99元购买的我来分享 bodyLen=638 score=-6 min=2
[detail-wait] 3.9s before feedId=6a5c7cb20000000010029825
[cdp] spawn timeout=90s cmd=--reuse-existing-tab get-feed-detail --feed-id 6a5c7cb20000000010029825 --xsec-token(46chars)
[cdp] done exit=0 elapsed=5.2s stdout=19492 stderr=0
[relevance-skip] feedId=6a5c7cb20000000010029825 title=近期发售steam高分推理游戏合集‼️ bodyLen=776 score=-4 min=2
[detail-wait] 3.8s before feedId=6a5c61a6000000000f016385
[cdp] spawn timeout=90s cmd=--reuse-existing-tab get-feed-detail --feed-id 6a5c61a6000000000f016385 --xsec-token(46chars)
[cdp] done exit=0 elapsed=5.5s stdout=10173 stderr=0
[relevance-skip] feedId=6a5c61a6000000000f016385 title=急头白脸地推一整天真是惬意啊（p2有攻略） bodyLen=375 score=-20 min=2
[detail-wait] 2.7s before feedId=6a5c408d0000000011013d8b
[cdp] spawn timeout=90s cmd=--reuse-existing-tab get-feed-detail --feed-id 6a5c408d0000000011013d8b --xsec-token(46chars)
[cdp] done exit=0 elapsed=4.7s stdout=19313 stderr=0
[relevance-skip] feedId=6a5c408d0000000011013d8b title=我们不要躲在眼泪里 bodyLen=643 score=-6 min=2
[detail-wait] 3.9s before feedId=6a5bcb0b000000001102c372
[cdp] spawn timeout=90s cmd=--reuse-existing-tab get-feed-detail --feed-id 6a5bcb0b000000001102c372 --xsec-token(46chars)
[cdp] done exit=0 elapsed=6.9s stdout=15774 stderr=0
[relevance-skip] feedId=6a5bcb0b000000001102c372 title=治愈又致郁！唯美克系解谜游戏 bodyLen=324 score=-6 min=2
[detail-wait] 2.3s before feedId=6a59e38300000000010005a5
[cdp] spawn timeout=90s cmd=--reuse-existing-tab get-feed-detail --feed-id 6a59e38300000000010005a5 --xsec-token(46chars)
[cdp] done exit=0 elapsed=11.4s stdout=9870 stderr=0
[search-scroll-stop] keyword=解谜小游戏 sort=最新 usable=1 after scrolls=0 (max=8, skip further scrolls)
[search-filter] keyword=解谜小游戏 sort=最新 scrolls=0 {'dup_or_empty_id': 9, 'not_note': 1, 'low_relevance': 6, 'already_commented': 1, 'bad_title': 1}
[search-hit] keyword=解谜小游戏 sort=最新 raw=42 skipped=18 feedId=6a59e38300000000010005a5 score=4 title=玩了《迷失岛》，挺好玩的一个解谜游戏 → post now
[plan] #77 keyword=解谜小游戏 title=玩了《迷失岛》，挺好玩的一个解谜游戏 comments=2 age=3d score=4 msg=18/烧脑卡关 match=12
[post] attempt feedId=6a59e38300000000010005a5 contentLen=35 also_upvote=1
[cdp] spawn timeout=120s cmd=--reuse-existing-tab post-comment-to-feed --feed-id 6a59e38300000000010005a5 --xsec-token(46chars) --content(35chars) --also-upvote
[cdp] done exit=1 elapsed=13.0s stdout=717 stderr=703
[post] failed feedId=6a59e38300000000010005a5
[cdp] phase=post-fail exit=1 feedId=6a59e38300000000010005a5
[cdp] cmd=--reuse-existing-tab post-comment-to-feed --feed-id 6a59e38300000000010005a5 --xsec-token(46chars) --content(35chars) --also-upvote
[cdp]   [cdp_publish] Timing jitter ratio: 0.25
[cdp]   [cdp_publish] Login cache: enabled (ttl=12h).
[cdp]   [cdp_publish] Tab selection mode: prefer reusing existing tab.
[cdp]   [cdp_publish] Reusing existing tab to reduce focus switching: https://www.xiaohongshu.com/explore
[cdp]   [cdp_publish] Connecting to ws://127.0.0.1:9222/devtools/page/E0641814139216112256C2BBDD63DEBE
[cdp]   [cdp_publish] Connected to Chrome tab.
[cdp]   [cdp_publish] Using cached login status (home, age=107m, ttl=12h).
[cdp]   [cdp_publish] Home login confirmed (cached).
[cdp]   [cdp_publish] Navigating to https://www.xiaohongshu.com/explore/6a59e38300000000010005a5?xsec_token=ABVHSxjLKoId4zWWw4wfRyFk-6AJCVX_sKaNNHVocUXjg=&xsec_source=pc_feed
[cdp]   [cdp_publish] Clicking comment input box at (759, 36)...
[cdp]   Traceback (most recent call last):
[cdp]   raise CDPError(
[cdp]   __main__.CDPError: Could not find comment submit button. Please click it manually in the browser.
[fail] feedId=6a59e38300000000010005a5 detail_tail= self._click_element_by_cdp("comment submit button", submit_rect_js)
  File "C:\Users\Admin\.agents\skills\redbookskills\scripts\cdp_publish.py", line 4373, in _click_element_by_cdp
    raise CDPError(
__main__.CDPError: Could not find comment submit button. Please click it manually in the browser.

[skip-fail] post_comment failed on 6a59e38300000000010005a5, continue next candidate
[search-next] keyword=益智游戏推荐 sort=综合 task=107/42 empty_streak=0 seen_feeds=432
[search-wait] 9s before keyword=益智游戏推荐 sort=综合
[cdp] spawn timeout=180s cmd=--reuse-existing-tab search-feeds --keyword 益智游戏推荐 --sort-by 综合 --publish-time 半年内
[cdp] done exit=1 elapsed=19.9s stdout=824 stderr=1189
[warn] search failed keyword=益智游戏推荐 scrolls=0
[cdp] phase=search exit=1 keyword=益智游戏推荐
[cdp] cmd=--reuse-existing-tab search-feeds --keyword 益智游戏推荐 --sort-by 综合 --publish-time 半年内
[cdp]   [cdp_publish] Timing jitter ratio: 0.25
[cdp]   [cdp_publish] Login cache: enabled (ttl=12h).
[cdp]   [cdp_publish] Tab selection mode: prefer reusing existing tab.
[cdp]   [cdp_publish] Reusing existing tab to reduce focus switching: https://www.xiaohongshu.com/explore
[cdp]   [cdp_publish] Connecting to ws://127.0.0.1:9222/devtools/page/E0641814139216112256C2BBDD63DEBE
[cdp]   [cdp_publish] Connected to Chrome tab.
[cdp]   [cdp_publish] Using cached login status (home, age=107m, ttl=12h).
[cdp]   [cdp_publish] Home login confirmed (cached).
[cdp]   [cdp_publish] Direct navigate (single jump): https://www.xiaohongshu.com/search_result?keyword=%E7%9B%8A%E6%99%BA%E6%B8%B8%E6%88%8F%E6%8E%A8%E8%8D%90&source=web_explore_feed
[cdp]   [cdp_publish] Navigating to https://www.xiaohongshu.com/search_result?keyword=%E7%9B%8A%E6%99%BA%E6%B8%B8%E6%88%8F%E6%8E%A8%E8%8D%90&source=web_explore_feed
[cdp]   Traceback (most recent call last):
[cdp]   raise FeedExplorerError(
[cdp]   feed_explorer.FeedExplorerError: Failed to apply search filter '综合': filter_panel_not_found (hover_attempt=option_not_found)
[cdp]   Traceback (most recent call last):
[cdp]   raise CDPError(str(e)) from e
[cdp]   __main__.CDPError: Failed to apply search filter '综合': filter_panel_not_found (hover_attempt=option_not_found)
[search] keyword=益智游戏推荐 sort=综合 raw=0 skipped=0 hit=0 rate_limited=False
[search-next] keyword=益智游戏推荐 sort=最新 task=108/42 empty_streak=1 seen_feeds=432
[search-wait] 12s before keyword=益智游戏推荐 sort=最新
[cdp] spawn timeout=180s cmd=--reuse-existing-tab search-feeds --keyword 益智游戏推荐 --sort-by 最新 --publish-time 半年内
[cdp] done exit=1 elapsed=8.0s stdout=681 stderr=1189
[warn] search failed keyword=益智游戏推荐 scrolls=0
[cdp] phase=search exit=1 keyword=益智游戏推荐
[cdp] cmd=--reuse-existing-tab search-feeds --keyword 益智游戏推荐 --sort-by 最新 --publish-time 半年内
[cdp]   [cdp_publish] Timing jitter ratio: 0.25
[cdp]   [cdp_publish] Login cache: enabled (ttl=12h).
[cdp]   [cdp_publish] Tab selection mode: prefer reusing existing tab.
[cdp]   [cdp_publish] Reusing existing tab to reduce focus switching: https://www.xiaohongshu.com/search_result?keyword=%E7%9B%8A%E6%99%BA%E6%B8%B8%E6%88%8F%E6%8E%A8%E8%8D%90&source=web_explore_feed&type=51
[cdp]   [cdp_publish] Connecting to ws://127.0.0.1:9222/devtools/page/E0641814139216112256C2BBDD63DEBE
[cdp]   [cdp_publish] Connected to Chrome tab.
[cdp]   [cdp_publish] Using cached login status (home, age=108m, ttl=12h).
[cdp]   [cdp_publish] Home login confirmed (cached).
[cdp]   [cdp_publish] Already on search page for keyword=益智游戏推荐, skip navigate (0 extra jumps)
[cdp]   Traceback (most recent call last):
[cdp]   raise FeedExplorerError(
[cdp]   feed_explorer.FeedExplorerError: Failed to apply search filter '最新': filter_panel_not_found (hover_attempt=option_not_found)
[cdp]   Traceback (most recent call last):
[cdp]   raise CDPError(str(e)) from e
[cdp]   __main__.CDPError: Failed to apply search filter '最新': filter_panel_not_found (hover_attempt=option_not_found)
[search] keyword=益智游戏推荐 sort=最新 raw=0 skipped=0 hit=0 rate_limited=False
[search-next] keyword=烧脑游戏推荐 sort=综合 task=109/42 empty_streak=2 seen_feeds=432
[search-wait] 11s before keyword=烧脑游戏推荐 sort=综合
[cdp] spawn timeout=180s cmd=--reuse-existing-tab search-feeds --keyword 烧脑游戏推荐 --sort-by 综合 --publish-time 半年内
[cdp] done exit=1 elapsed=19.9s stdout=925 stderr=1189
[warn] search failed keyword=烧脑游戏推荐 scrolls=0
[cdp] phase=search exit=1 keyword=烧脑游戏推荐
[cdp] cmd=--reuse-existing-tab search-feeds --keyword 烧脑游戏推荐 --sort-by 综合 --publish-time 半年内
[cdp]   [cdp_publish] Timing jitter ratio: 0.25
[cdp]   [cdp_publish] Login cache: enabled (ttl=12h).
[cdp]   [cdp_publish] Tab selection mode: prefer reusing existing tab.
[cdp]   [cdp_publish] Reusing existing tab to reduce focus switching: https://www.xiaohongshu.com/search_result?keyword=%E7%9B%8A%E6%99%BA%E6%B8%B8%E6%88%8F%E6%8E%A8%E8%8D%90&source=web_explore_feed&type=51
[cdp]   [cdp_publish] Connecting to ws://127.0.0.1:9222/devtools/page/E0641814139216112256C2BBDD63DEBE
[cdp]   [cdp_publish] Connected to Chrome tab.
[cdp]   [cdp_publish] Using cached login status (home, age=108m, ttl=12h).
[cdp]   [cdp_publish] Home login confirmed (cached).
[cdp]   [cdp_publish] Direct navigate (single jump): https://www.xiaohongshu.com/search_result?keyword=%E7%83%A7%E8%84%91%E6%B8%B8%E6%88%8F%E6%8E%A8%E8%8D%90&source=web_explore_feed
[cdp]   [cdp_publish] Navigating to https://www.xiaohongshu.com/search_result?keyword=%E7%83%A7%E8%84%91%E6%B8%B8%E6%88%8F%E6%8E%A8%E8%8D%90&source=web_explore_feed
[cdp]   Traceback (most recent call last):
[cdp]   raise FeedExplorerError(
[cdp]   feed_explorer.FeedExplorerError: Failed to apply search filter '综合': filter_panel_not_found (hover_attempt=option_not_found)
[cdp]   Traceback (most recent call last):
[cdp]   raise CDPError(str(e)) from e
[cdp]   __main__.CDPError: Failed to apply search filter '综合': filter_panel_not_found (hover_attempt=option_not_found)
[search] keyword=烧脑游戏推荐 sort=综合 raw=0 skipped=0 hit=0 rate_limited=False
[search-next] keyword=烧脑游戏推荐 sort=最新 task=110/42 empty_streak=3 seen_feeds=432
[search-wait] 7s before keyword=烧脑游戏推荐 sort=最新
[cdp] spawn timeout=180s cmd=--reuse-existing-tab search-feeds --keyword 烧脑游戏推荐 --sort-by 最新 --publish-time 半年内
[cdp] done exit=1 elapsed=8.3s stdout=681 stderr=1189
[warn] search failed keyword=烧脑游戏推荐 scrolls=0
[cdp] phase=search exit=1 keyword=烧脑游戏推荐
[cdp] cmd=--reuse-existing-tab search-feeds --keyword 烧脑游戏推荐 --sort-by 最新 --publish-time 半年内
[cdp]   [cdp_publish] Timing jitter ratio: 0.25
[cdp]   [cdp_publish] Login cache: enabled (ttl=12h).
[cdp]   [cdp_publish] Tab selection mode: prefer reusing existing tab.
[cdp]   [cdp_publish] Reusing existing tab to reduce focus switching: https://www.xiaohongshu.com/search_result?keyword=%E7%83%A7%E8%84%91%E6%B8%B8%E6%88%8F%E6%8E%A8%E8%8D%90&source=web_explore_feed&type=51
[cdp]   [cdp_publish] Connecting to ws://127.0.0.1:9222/devtools/page/E0641814139216112256C2BBDD63DEBE
[cdp]   [cdp_publish] Connected to Chrome tab.
[cdp]   [cdp_publish] Using cached login status (home, age=108m, ttl=12h).
[cdp]   [cdp_publish] Home login confirmed (cached).
[cdp]   [cdp_publish] Already on search page for keyword=烧脑游戏推荐, skip navigate (0 extra jumps)
[cdp]   Traceback (most recent call last):
[cdp]   raise FeedExplorerError(
[cdp]   feed_explorer.FeedExplorerError: Failed to apply search filter '最新': filter_panel_not_found (hover_attempt=option_not_found)
[cdp]   Traceback (most recent call last):
[cdp]   raise CDPError(str(e)) from e
[cdp]   __main__.CDPError: Failed to apply search filter '最新': filter_panel_not_found (hover_attempt=option_not_found)
[search] keyword=烧脑游戏推荐 sort=最新 raw=0 skipped=0 hit=0 rate_limited=False
[search-next] keyword=打发时间小游戏 sort=综合 task=111/42 empty_streak=4 seen_feeds=432
[search-wait] 14s before keyword=打发时间小游戏 sort=综合
[cdp] spawn timeout=180s cmd=--reuse-existing-tab search-feeds --keyword 打发时间小游戏 --sort-by 综合 --publish-time 半年内
[cdp] done exit=1 elapsed=19.9s stdout=943 stderr=1189
[warn] search failed keyword=打发时间小游戏 scrolls=0
[cdp] phase=search exit=1 keyword=打发时间小游戏
[cdp] cmd=--reuse-existing-tab search-feeds --keyword 打发时间小游戏 --sort-by 综合 --publish-time 半年内
[cdp]   [cdp_publish] Timing jitter ratio: 0.25
[cdp]   [cdp_publish] Login cache: enabled (ttl=12h).
[cdp]   [cdp_publish] Tab selection mode: prefer reusing existing tab.
[cdp]   [cdp_publish] Reusing existing tab to reduce focus switching: https://www.xiaohongshu.com/search_result?keyword=%E7%83%A7%E8%84%91%E6%B8%B8%E6%88%8F%E6%8E%A8%E8%8D%90&source=web_explore_feed&type=51
[cdp]   [cdp_publish] Connecting to ws://127.0.0.1:9222/devtools/page/E0641814139216112256C2BBDD63DEBE
[cdp]   [cdp_publish] Connected to Chrome tab.
[cdp]   [cdp_publish] Using cached login status (home, age=109m, ttl=12h).
[cdp]   [cdp_publish] Home login confirmed (cached).
[cdp]   [cdp_publish] Direct navigate (single jump): https://www.xiaohongshu.com/search_result?keyword=%E6%89%93%E5%8F%91%E6%97%B6%E9%97%B4%E5%B0%8F%E6%B8%B8%E6%88%8F&source=web_explore_feed
[cdp]   [cdp_publish] Navigating to https://www.xiaohongshu.com/search_result?keyword=%E6%89%93%E5%8F%91%E6%97%B6%E9%97%B4%E5%B0%8F%E6%B8%B8%E6%88%8F&source=web_explore_feed
[cdp]   Traceback (most recent call last):
[cdp]   raise FeedExplorerError(
[cdp]   feed_explorer.FeedExplorerError: Failed to apply search filter '综合': filter_panel_not_found (hover_attempt=option_not_found)
[cdp]   Traceback (most recent call last):
[cdp]   raise CDPError(str(e)) from e
[cdp]   __main__.CDPError: Failed to apply search filter '综合': filter_panel_not_found (hover_attempt=option_not_found)
[search] keyword=打发时间小游戏 sort=综合 raw=0 skipped=0 hit=0 rate_limited=False
[search-next] keyword=打发时间小游戏 sort=最新 task=112/42 empty_streak=5 seen_feeds=432
[search-wait] 15s before keyword=打发时间小游戏 sort=最新
[cdp] spawn timeout=180s cmd=--reuse-existing-tab search-feeds --keyword 打发时间小游戏 --sort-by 最新 --publish-time 半年内
[cdp] done exit=1 elapsed=8.3s stdout=691 stderr=1189
[warn] search failed keyword=打发时间小游戏 scrolls=0
[cdp] phase=search exit=1 keyword=打发时间小游戏
[cdp] cmd=--reuse-existing-tab search-feeds --keyword 打发时间小游戏 --sort-by 最新 --publish-time 半年内
[cdp]   [cdp_publish] Timing jitter ratio: 0.25
[cdp]   [cdp_publish] Login cache: enabled (ttl=12h).
[cdp]   [cdp_publish] Tab selection mode: prefer reusing existing tab.
[cdp]   [cdp_publish] Reusing existing tab to reduce focus switching: https://www.xiaohongshu.com/search_result?keyword=%E6%89%93%E5%8F%91%E6%97%B6%E9%97%B4%E5%B0%8F%E6%B8%B8%E6%88%8F&source=web_explore_feed&type=51
[cdp]   [cdp_publish] Connecting to ws://127.0.0.1:9222/devtools/page/E0641814139216112256C2BBDD63DEBE
[cdp]   [cdp_publish] Connected to Chrome tab.
[cdp]   [cdp_publish] Using cached login status (home, age=109m, ttl=12h).
[cdp]   [cdp_publish] Home login confirmed (cached).
[cdp]   [cdp_publish] Already on search page for keyword=打发时间小游戏, skip navigate (0 extra jumps)
[cdp]   Traceback (most recent call last):
[cdp]   raise FeedExplorerError(
[cdp]   feed_explorer.FeedExplorerError: Failed to apply search filter '最新': filter_panel_not_found (hover_attempt=option_not_found)
[cdp]   Traceback (most recent call last):
[cdp]   raise CDPError(str(e)) from e
[cdp]   __main__.CDPError: Failed to apply search filter '最新': filter_panel_not_found (hover_attempt=option_not_found)
[search] keyword=打发时间小游戏 sort=最新 raw=0 skipped=0 hit=0 rate_limited=False
[search-next] keyword=闯关游戏 sort=综合 task=113/42 empty_streak=6 seen_feeds=432
[search-wait] 13s before keyword=闯关游戏 sort=综合
[cdp] spawn timeout=180s cmd=--reuse-existing-tab search-feeds --keyword 闯关游戏 --sort-by 综合 --publish-time 半年内
[cdp] done exit=1 elapsed=20.2s stdout=898 stderr=1189
[warn] search failed keyword=闯关游戏 scrolls=0
[cdp] phase=search exit=1 keyword=闯关游戏
[cdp] cmd=--reuse-existing-tab search-feeds --keyword 闯关游戏 --sort-by 综合 --publish-time 半年内
[cdp]   [cdp_publish] Timing jitter ratio: 0.25
[cdp]   [cdp_publish] Login cache: enabled (ttl=12h).
[cdp]   [cdp_publish] Tab selection mode: prefer reusing existing tab.
[cdp]   [cdp_publish] Reusing existing tab to reduce focus switching: https://www.xiaohongshu.com/search_result?keyword=%E6%89%93%E5%8F%91%E6%97%B6%E9%97%B4%E5%B0%8F%E6%B8%B8%E6%88%8F&source=web_explore_feed&type=51
[cdp]   [cdp_publish] Connecting to ws://127.0.0.1:9222/devtools/page/E0641814139216112256C2BBDD63DEBE
[cdp]   [cdp_publish] Connected to Chrome tab.
[cdp]   [cdp_publish] Using cached login status (home, age=110m, ttl=12h).
[cdp]   [cdp_publish] Home login confirmed (cached).
[cdp]   [cdp_publish] Direct navigate (single jump): https://www.xiaohongshu.com/search_result?keyword=%E9%97%AF%E5%85%B3%E6%B8%B8%E6%88%8F&source=web_explore_feed
[cdp]   [cdp_publish] Navigating to https://www.xiaohongshu.com/search_result?keyword=%E9%97%AF%E5%85%B3%E6%B8%B8%E6%88%8F&source=web_explore_feed
[cdp]   Traceback (most recent call last):
[cdp]   raise FeedExplorerError(
[cdp]   feed_explorer.FeedExplorerError: Failed to apply search filter '综合': filter_panel_not_found (hover_attempt=option_not_found)
[cdp]   Traceback (most recent call last):
[cdp]   raise CDPError(str(e)) from e
[cdp]   __main__.CDPError: Failed to apply search filter '综合': filter_panel_not_found (hover_attempt=option_not_found)
[search] keyword=闯关游戏 sort=综合 raw=0 skipped=0 hit=0 rate_limited=False
[search-next] keyword=闯关游戏 sort=最新 task=114/42 empty_streak=7 seen_feeds=432
[search-wait] 8s before keyword=闯关游戏 sort=最新
[cdp] spawn timeout=180s cmd=--reuse-existing-tab search-feeds --keyword 闯关游戏 --sort-by 最新 --publish-time 半年内
[cdp] done exit=1 elapsed=8.2s stdout=661 stderr=1189
[warn] search failed keyword=闯关游戏 scrolls=0
[cdp] phase=search exit=1 keyword=闯关游戏
[cdp] cmd=--reuse-existing-tab search-feeds --keyword 闯关游戏 --sort-by 最新 --publish-time 半年内
[cdp]   [cdp_publish] Timing jitter ratio: 0.25
[cdp]   [cdp_publish] Login cache: enabled (ttl=12h).
[cdp]   [cdp_publish] Tab selection mode: prefer reusing existing tab.
[cdp]   [cdp_publish] Reusing existing tab to reduce focus switching: https://www.xiaohongshu.com/search_result?keyword=%E9%97%AF%E5%85%B3%E6%B8%B8%E6%88%8F&source=web_explore_feed&type=51
[cdp]   [cdp_publish] Connecting to ws://127.0.0.1:9222/devtools/page/E0641814139216112256C2BBDD63DEBE
[cdp]   [cdp_publish] Connected to Chrome tab.
[cdp]   [cdp_publish] Using cached login status (home, age=110m, ttl=12h).
[cdp]   [cdp_publish] Home login confirmed (cached).
[cdp]   [cdp_publish] Already on search page for keyword=闯关游戏, skip navigate (0 extra jumps)
[cdp]   Traceback (most recent call last):
[cdp]   raise FeedExplorerError(
[cdp]   feed_explorer.FeedExplorerError: Failed to apply search filter '最新': filter_panel_not_found (hover_attempt=option_not_found)
[cdp]   Traceback (most recent call last):
[cdp]   raise CDPError(str(e)) from e
[cdp]   __main__.CDPError: Failed to apply search filter '最新': filter_panel_not_found (hover_attempt=option_not_found)
[search] keyword=闯关游戏 sort=最新 raw=0 skipped=0 hit=0 rate_limited=False
[search-next] keyword=推理游戏 sort=综合 task=115/42 empty_streak=8 seen_feeds=432
[search-wait] 13s before keyword=推理游戏 sort=综合
[cdp] spawn timeout=180s cmd=--reuse-existing-tab search-feeds --keyword 推理游戏 --sort-by 综合 --publish-time 半年内
[cdp] done exit=1 elapsed=19.9s stdout=871 stderr=1189
[warn] search failed keyword=推理游戏 scrolls=0
[cdp] phase=search exit=1 keyword=推理游戏
[cdp] cmd=--reuse-existing-tab search-feeds --keyword 推理游戏 --sort-by 综合 --publish-time 半年内
[cdp]   [cdp_publish] Timing jitter ratio: 0.25
[cdp]   [cdp_publish] Login cache: enabled (ttl=12h).
[cdp]   [cdp_publish] Tab selection mode: prefer reusing existing tab.
[cdp]   [cdp_publish] Reusing existing tab to reduce focus switching: https://www.xiaohongshu.com/search_result?keyword=%E9%97%AF%E5%85%B3%E6%B8%B8%E6%88%8F&source=web_explore_feed&type=51
[cdp]   [cdp_publish] Connecting to ws://127.0.0.1:9222/devtools/page/E0641814139216112256C2BBDD63DEBE
[cdp]   [cdp_publish] Connected to Chrome tab.
[cdp]   [cdp_publish] Using cached login status (home, age=110m, ttl=12h).
[cdp]   [cdp_publish] Home login confirmed (cached).
[cdp]   [cdp_publish] Direct navigate (single jump): https://www.xiaohongshu.com/search_result?keyword=%E6%8E%A8%E7%90%86%E6%B8%B8%E6%88%8F&source=web_explore_feed
[cdp]   [cdp_publish] Navigating to https://www.xiaohongshu.com/search_result?keyword=%E6%8E%A8%E7%90%86%E6%B8%B8%E6%88%8F&source=web_explore_feed
[cdp]   Traceback (most recent call last):
[cdp]   raise FeedExplorerError(
[cdp]   feed_explorer.FeedExplorerError: Failed to apply search filter '综合': filter_panel_not_found (hover_attempt=option_not_found)
[cdp]   Traceback (most recent call last):
[cdp]   raise CDPError(str(e)) from e
[cdp]   __main__.CDPError: Failed to apply search filter '综合': filter_panel_not_found (hover_attempt=option_not_found)
[search] keyword=推理游戏 sort=综合 raw=0 skipped=0 hit=0 rate_limited=False
[search-next] keyword=推理游戏 sort=最新 task=116/42 empty_streak=9 seen_feeds=432
[search-wait] 8s before keyword=推理游戏 sort=最新
[cdp] spawn timeout=180s cmd=--reuse-existing-tab search-feeds --keyword 推理游戏 --sort-by 最新 --publish-time 半年内
[cdp] done exit=1 elapsed=8.1s stdout=661 stderr=1189
[warn] search failed keyword=推理游戏 scrolls=0
[cdp] phase=search exit=1 keyword=推理游戏
[cdp] cmd=--reuse-existing-tab search-feeds --keyword 推理游戏 --sort-by 最新 --publish-time 半年内
[cdp]   [cdp_publish] Timing jitter ratio: 0.25
[cdp]   [cdp_publish] Login cache: enabled (ttl=12h).
[cdp]   [cdp_publish] Tab selection mode: prefer reusing existing tab.
[cdp]   [cdp_publish] Reusing existing tab to reduce focus switching: https://www.xiaohongshu.com/search_result?keyword=%E6%8E%A8%E7%90%86%E6%B8%B8%E6%88%8F&source=web_explore_feed&type=51
[cdp]   [cdp_publish] Connecting to ws://127.0.0.1:9222/devtools/page/E0641814139216112256C2BBDD63DEBE
[cdp]   [cdp_publish] Connected to Chrome tab.
[cdp]   [cdp_publish] Using cached login status (home, age=111m, ttl=12h).
[cdp]   [cdp_publish] Home login confirmed (cached).
[cdp]   [cdp_publish] Already on search page for keyword=推理游戏, skip navigate (0 extra jumps)
[cdp]   Traceback (most recent call last):
[cdp]   raise FeedExplorerError(
[cdp]   feed_explorer.FeedExplorerError: Failed to apply search filter '最新': filter_panel_not_found (hover_attempt=option_not_found)
[cdp]   Traceback (most recent call last):
[cdp]   raise CDPError(str(e)) from e
[cdp]   __main__.CDPError: Failed to apply search filter '最新': filter_panel_not_found (hover_attempt=option_not_found)
[search] keyword=推理游戏 sort=最新 raw=0 skipped=0 hit=0 rate_limited=False
[search-next] keyword=脑力游戏 sort=综合 task=117/42 empty_streak=10 seen_feeds=432
[search-wait] 13s before keyword=脑力游戏 sort=综合
[cdp] spawn timeout=180s cmd=--reuse-existing-tab search-feeds --keyword 脑力游戏 --sort-by 综合 --publish-time 半年内
[cdp] done exit=1 elapsed=20.2s stdout=871 stderr=1189
[warn] search failed keyword=脑力游戏 scrolls=0
[cdp] phase=search exit=1 keyword=脑力游戏
[cdp] cmd=--reuse-existing-tab search-feeds --keyword 脑力游戏 --sort-by 综合 --publish-time 半年内
[cdp]   [cdp_publish] Timing jitter ratio: 0.25
[cdp]   [cdp_publish] Login cache: enabled (ttl=12h).
[cdp]   [cdp_publish] Tab selection mode: prefer reusing existing tab.
[cdp]   [cdp_publish] Reusing existing tab to reduce focus switching: https://www.xiaohongshu.com/search_result?keyword=%E6%8E%A8%E7%90%86%E6%B8%B8%E6%88%8F&source=web_explore_feed&type=51
[cdp]   [cdp_publish] Connecting to ws://127.0.0.1:9222/devtools/page/E0641814139216112256C2BBDD63DEBE
[cdp]   [cdp_publish] Connected to Chrome tab.
[cdp]   [cdp_publish] Using cached login status (home, age=111m, ttl=12h).
[cdp]   [cdp_publish] Home login confirmed (cached).
[cdp]   [cdp_publish] Direct navigate (single jump): https://www.xiaohongshu.com/search_result?keyword=%E8%84%91%E5%8A%9B%E6%B8%B8%E6%88%8F&source=web_explore_feed
[cdp]   [cdp_publish] Navigating to https://www.xiaohongshu.com/search_result?keyword=%E8%84%91%E5%8A%9B%E6%B8%B8%E6%88%8F&source=web_explore_feed
[cdp]   Traceback (most recent call last):
[cdp]   raise FeedExplorerError(
[cdp]   feed_explorer.FeedExplorerError: Failed to apply search filter '综合': filter_panel_not_found (hover_attempt=option_not_found)
[cdp]   Traceback (most recent call last):
[cdp]   raise CDPError(str(e)) from e
[cdp]   __main__.CDPError: Failed to apply search filter '综合': filter_panel_not_found (hover_attempt=option_not_found)
[search] keyword=脑力游戏 sort=综合 raw=0 skipped=0 hit=0 rate_limited=False
[search-next] keyword=脑力游戏 sort=最新 task=118/42 empty_streak=11 seen_feeds=432
[search-wait] 12s before keyword=脑力游戏 sort=最新
[cdp] spawn timeout=180s cmd=--reuse-existing-tab search-feeds --keyword 脑力游戏 --sort-by 最新 --publish-time 半年内
[cdp] done exit=1 elapsed=8.4s stdout=661 stderr=1189
[warn] search failed keyword=脑力游戏 scrolls=0
[cdp] phase=search exit=1 keyword=脑力游戏
[cdp] cmd=--reuse-existing-tab search-feeds --keyword 脑力游戏 --sort-by 最新 --publish-time 半年内
[cdp]   [cdp_publish] Timing jitter ratio: 0.25
[cdp]   [cdp_publish] Login cache: enabled (ttl=12h).
[cdp]   [cdp_publish] Tab selection mode: prefer reusing existing tab.
[cdp]   [cdp_publish] Reusing existing tab to reduce focus switching: https://www.xiaohongshu.com/search_result?keyword=%E8%84%91%E5%8A%9B%E6%B8%B8%E6%88%8F&source=web_explore_feed&type=51
[cdp]   [cdp_publish] Connecting to ws://127.0.0.1:9222/devtools/page/E0641814139216112256C2BBDD63DEBE
[cdp]   [cdp_publish] Connected to Chrome tab.
[cdp]   [cdp_publish] Using cached login status (home, age=112m, ttl=12h).
[cdp]   [cdp_publish] Home login confirmed (cached).
[cdp]   [cdp_publish] Already on search page for keyword=脑力游戏, skip navigate (0 extra jumps)
[cdp]   Traceback (most recent call last):
[cdp]   raise FeedExplorerError(
[cdp]   feed_explorer.FeedExplorerError: Failed to apply search filter '最新': filter_panel_not_found (hover_attempt=option_not_found)
[cdp]   Traceback (most recent call last):
[cdp]   raise CDPError(str(e)) from e
[cdp]   __main__.CDPError: Failed to apply search filter '最新': filter_panel_not_found (hover_attempt=option_not_found)
[search] keyword=脑力游戏 sort=最新 raw=0 skipped=0 hit=0 rate_limited=False
[search-next] keyword=光学解谜 sort=综合 task=119/42 empty_streak=12 seen_feeds=432
[search-wait] 12s before keyword=光学解谜 sort=综合
[cdp] spawn timeout=180s cmd=--reuse-existing-tab search-feeds --keyword 光学解谜 --sort-by 综合 --publish-time 半年内
[cdp] done exit=1 elapsed=20.3s stdout=871 stderr=1189
[warn] search failed keyword=光学解谜 scrolls=0
[cdp] phase=search exit=1 keyword=光学解谜
[cdp] cmd=--reuse-existing-tab search-feeds --keyword 光学解谜 --sort-by 综合 --publish-time 半年内
[cdp]   [cdp_publish] Timing jitter ratio: 0.25
[cdp]   [cdp_publish] Login cache: enabled (ttl=12h).
[cdp]   [cdp_publish] Tab selection mode: prefer reusing existing tab.
[cdp]   [cdp_publish] Reusing existing tab to reduce focus switching: https://www.xiaohongshu.com/search_result?keyword=%E8%84%91%E5%8A%9B%E6%B8%B8%E6%88%8F&source=web_explore_feed&type=51
[cdp]   [cdp_publish] Connecting to ws://127.0.0.1:9222/devtools/page/E0641814139216112256C2BBDD63DEBE
[cdp]   [cdp_publish] Connected to Chrome tab.
[cdp]   [cdp_publish] Using cached login status (home, age=112m, ttl=12h).
[cdp]   [cdp_publish] Home login confirmed (cached).
[cdp]   [cdp_publish] Direct navigate (single jump): https://www.xiaohongshu.com/search_result?keyword=%E5%85%89%E5%AD%A6%E8%A7%A3%E8%B0%9C&source=web_explore_feed
[cdp]   [cdp_publish] Navigating to https://www.xiaohongshu.com/search_result?keyword=%E5%85%89%E5%AD%A6%E8%A7%A3%E8%B0%9C&source=web_explore_feed
[cdp]   Traceback (most recent call last):
[cdp]   raise FeedExplorerError(
[cdp]   feed_explorer.FeedExplorerError: Failed to apply search filter '综合': filter_panel_not_found (hover_attempt=option_not_found)
[cdp]   Traceback (most recent call last):
[cdp]   raise CDPError(str(e)) from e
[cdp]   __main__.CDPError: Failed to apply search filter '综合': filter_panel_not_found (hover_attempt=option_not_found)
[search] keyword=光学解谜 sort=综合 raw=0 skipped=0 hit=0 rate_limited=False
[search-next] keyword=光学解谜 sort=最新 task=120/42 empty_streak=13 seen_feeds=432
[search-wait] 9s before keyword=光学解谜 sort=最新
[cdp] spawn timeout=180s cmd=--reuse-existing-tab search-feeds --keyword 光学解谜 --sort-by 最新 --publish-time 半年内
[cdp] done exit=1 elapsed=8.2s stdout=661 stderr=1189
[warn] search failed keyword=光学解谜 scrolls=0
[cdp] phase=search exit=1 keyword=光学解谜
[cdp] cmd=--reuse-existing-tab search-feeds --keyword 光学解谜 --sort-by 最新 --publish-time 半年内
[cdp]   [cdp_publish] Timing jitter ratio: 0.25
[cdp]   [cdp_publish] Login cache: enabled (ttl=12h).
[cdp]   [cdp_publish] Tab selection mode: prefer reusing existing tab.
[cdp]   [cdp_publish] Reusing existing tab to reduce focus switching: https://www.xiaohongshu.com/search_result?keyword=%E5%85%89%E5%AD%A6%E8%A7%A3%E8%B0%9C&source=web_explore_feed&type=51
[cdp]   [cdp_publish] Connecting to ws://127.0.0.1:9222/devtools/page/E0641814139216112256C2BBDD63DEBE
[cdp]   [cdp_publish] Connected to Chrome tab.
[cdp]   [cdp_publish] Using cached login status (home, age=113m, ttl=12h).
[cdp]   [cdp_publish] Home login confirmed (cached).
[cdp]   [cdp_publish] Already on search page for keyword=光学解谜, skip navigate (0 extra jumps)
[cdp]   Traceback (most recent call last):
[cdp]   raise FeedExplorerError(
[cdp]   feed_explorer.FeedExplorerError: Failed to apply search filter '最新': filter_panel_not_found (hover_attempt=option_not_found)
[cdp]   Traceback (most recent call last):
[cdp]   raise CDPError(str(e)) from e
[cdp]   __main__.CDPError: Failed to apply search filter '最新': filter_panel_not_found (hover_attempt=option_not_found)
[search] keyword=光学解谜 sort=最新 raw=0 skipped=0 hit=0 rate_limited=False
[search-next] keyword=光线迷宫 sort=综合 task=121/42 empty_streak=14 seen_feeds=432
[search-wait] 13s before keyword=光线迷宫 sort=综合
[cdp] spawn timeout=180s cmd=--reuse-existing-tab search-feeds --keyword 光线迷宫 --sort-by 综合 --publish-time 半年内
[cdp] done exit=1 elapsed=20.3s stdout=871 stderr=1189
[warn] search failed keyword=光线迷宫 scrolls=0
[cdp] phase=search exit=1 keyword=光线迷宫
[cdp] cmd=--reuse-existing-tab search-feeds --keyword 光线迷宫 --sort-by 综合 --publish-time 半年内
[cdp]   [cdp_publish] Timing jitter ratio: 0.25
[cdp]   [cdp_publish] Login cache: enabled (ttl=12h).
[cdp]   [cdp_publish] Tab selection mode: prefer reusing existing tab.
[cdp]   [cdp_publish] Reusing existing tab to reduce focus switching: https://www.xiaohongshu.com/search_result?keyword=%E5%85%89%E5%AD%A6%E8%A7%A3%E8%B0%9C&source=web_explore_feed&type=51
[cdp]   [cdp_publish] Connecting to ws://127.0.0.1:9222/devtools/page/E0641814139216112256C2BBDD63DEBE
[cdp]   [cdp_publish] Connected to Chrome tab.
[cdp]   [cdp_publish] Using cached login status (home, age=113m, ttl=12h).
[cdp]   [cdp_publish] Home login confirmed (cached).
[cdp]   [cdp_publish] Direct navigate (single jump): https://www.xiaohongshu.com/search_result?keyword=%E5%85%89%E7%BA%BF%E8%BF%B7%E5%AE%AB&source=web_explore_feed
[cdp]   [cdp_publish] Navigating to https://www.xiaohongshu.com/search_result?keyword=%E5%85%89%E7%BA%BF%E8%BF%B7%E5%AE%AB&source=web_explore_feed
[cdp]   Traceback (most recent call last):
[cdp]   raise FeedExplorerError(
[cdp]   feed_explorer.FeedExplorerError: Failed to apply search filter '综合': filter_panel_not_found (hover_attempt=option_not_found)
[cdp]   Traceback (most recent call last):
[cdp]   raise CDPError(str(e)) from e
[cdp]   __main__.CDPError: Failed to apply search filter '综合': filter_panel_not_found (hover_attempt=option_not_found)
[search] keyword=光线迷宫 sort=综合 raw=0 skipped=0 hit=0 rate_limited=False
[search-next] keyword=光线迷宫 sort=最新 task=122/42 empty_streak=15 seen_feeds=432
[search-wait] 10s before keyword=光线迷宫 sort=最新
[cdp] spawn timeout=180s cmd=--reuse-existing-tab search-feeds --keyword 光线迷宫 --sort-by 最新 --publish-time 半年内
[cdp] done exit=1 elapsed=8.1s stdout=661 stderr=1189
[warn] search failed keyword=光线迷宫 scrolls=0
[cdp] phase=search exit=1 keyword=光线迷宫
[cdp] cmd=--reuse-existing-tab search-feeds --keyword 光线迷宫 --sort-by 最新 --publish-time 半年内
[cdp]   [cdp_publish] Timing jitter ratio: 0.25
[cdp]   [cdp_publish] Login cache: enabled (ttl=12h).
[cdp]   [cdp_publish] Tab selection mode: prefer reusing existing tab.
[cdp]   [cdp_publish] Reusing existing tab to reduce focus switching: https://www.xiaohongshu.com/search_result?keyword=%E5%85%89%E7%BA%BF%E8%BF%B7%E5%AE%AB&source=web_explore_feed&type=51
[cdp]   [cdp_publish] Connecting to ws://127.0.0.1:9222/devtools/page/E0641814139216112256C2BBDD63DEBE
[cdp]   [cdp_publish] Connected to Chrome tab.
[cdp]   [cdp_publish] Using cached login status (home, age=113m, ttl=12h).
[cdp]   [cdp_publish] Home login confirmed (cached).
[cdp]   [cdp_publish] Already on search page for keyword=光线迷宫, skip navigate (0 extra jumps)
[cdp]   Traceback (most recent call last):
[cdp]   raise FeedExplorerError(
[cdp]   feed_explorer.FeedExplorerError: Failed to apply search filter '最新': filter_panel_not_found (hover_attempt=option_not_found)
[cdp]   Traceback (most recent call last):
[cdp]   raise CDPError(str(e)) from e
[cdp]   __main__.CDPError: Failed to apply search filter '最新': filter_panel_not_found (hover_attempt=option_not_found)
[search] keyword=光线迷宫 sort=最新 raw=0 skipped=0 hit=0 rate_limited=False
[search-next] keyword=微信游戏推荐 sort=综合 task=123/42 empty_streak=16 seen_feeds=432
[search-wait] 9s before keyword=微信游戏推荐 sort=综合
[cdp] spawn timeout=180s cmd=--reuse-existing-tab search-feeds --keyword 微信游戏推荐 --sort-by 综合 --publish-time 半年内
[cdp] done exit=1 elapsed=20.6s stdout=907 stderr=1189
[warn] search failed keyword=微信游戏推荐 scrolls=0
[cdp] phase=search exit=1 keyword=微信游戏推荐
[cdp] cmd=--reuse-existing-tab search-feeds --keyword 微信游戏推荐 --sort-by 综合 --publish-time 半年内
[cdp]   [cdp_publish] Timing jitter ratio: 0.25
[cdp]   [cdp_publish] Login cache: enabled (ttl=12h).
[cdp]   [cdp_publish] Tab selection mode: prefer reusing existing tab.
[cdp]   [cdp_publish] Reusing existing tab to reduce focus switching: https://www.xiaohongshu.com/search_result?keyword=%E5%85%89%E7%BA%BF%E8%BF%B7%E5%AE%AB&source=web_explore_feed&type=51
[cdp]   [cdp_publish] Connecting to ws://127.0.0.1:9222/devtools/page/E0641814139216112256C2BBDD63DEBE
[cdp]   [cdp_publish] Connected to Chrome tab.
[cdp]   [cdp_publish] Using cached login status (home, age=114m, ttl=12h).
[cdp]   [cdp_publish] Home login confirmed (cached).
[cdp]   [cdp_publish] Direct navigate (single jump): https://www.xiaohongshu.com/search_result?keyword=%E5%BE%AE%E4%BF%A1%E6%B8%B8%E6%88%8F%E6%8E%A8%E8%8D%90&source=web_explore_feed
[cdp]   [cdp_publish] Navigating to https://www.xiaohongshu.com/search_result?keyword=%E5%BE%AE%E4%BF%A1%E6%B8%B8%E6%88%8F%E6%8E%A8%E8%8D%90&source=web_explore_feed
[cdp]   Traceback (most recent call last):
[cdp]   raise FeedExplorerError(
[cdp]   feed_explorer.FeedExplorerError: Failed to apply search filter '综合': filter_panel_not_found (hover_attempt=option_not_found)
[cdp]   Traceback (most recent call last):
[cdp]   raise CDPError(str(e)) from e
[cdp]   __main__.CDPError: Failed to apply search filter '综合': filter_panel_not_found (hover_attempt=option_not_found)
[search] keyword=微信游戏推荐 sort=综合 raw=0 skipped=0 hit=0 rate_limited=False
[search-next] keyword=微信游戏推荐 sort=最新 task=124/42 empty_streak=17 seen_feeds=432
[search-wait] 14s before keyword=微信游戏推荐 sort=最新
[cdp] spawn timeout=180s cmd=--reuse-existing-tab search-feeds --keyword 微信游戏推荐 --sort-by 最新 --publish-time 半年内
[cdp] done exit=1 elapsed=8.2s stdout=681 stderr=1189
[warn] search failed keyword=微信游戏推荐 scrolls=0
[cdp] phase=search exit=1 keyword=微信游戏推荐
[cdp] cmd=--reuse-existing-tab search-feeds --keyword 微信游戏推荐 --sort-by 最新 --publish-time 半年内
[cdp]   [cdp_publish] Timing jitter ratio: 0.25
[cdp]   [cdp_publish] Login cache: enabled (ttl=12h).
[cdp]   [cdp_publish] Tab selection mode: prefer reusing existing tab.
[cdp]   [cdp_publish] Reusing existing tab to reduce focus switching: https://www.xiaohongshu.com/search_result?keyword=%E5%BE%AE%E4%BF%A1%E6%B8%B8%E6%88%8F%E6%8E%A8%E8%8D%90&source=web_explore_feed&type=51
[cdp]   [cdp_publish] Connecting to ws://127.0.0.1:9222/devtools/page/E0641814139216112256C2BBDD63DEBE
[cdp]   [cdp_publish] Connected to Chrome tab.
[cdp]   [cdp_publish] Using cached login status (home, age=114m, ttl=12h).
[cdp]   [cdp_publish] Home login confirmed (cached).
[cdp]   [cdp_publish] Already on search page for keyword=微信游戏推荐, skip navigate (0 extra jumps)
[cdp]   Traceback (most recent call last):
[cdp]   raise FeedExplorerError(
[cdp]   feed_explorer.FeedExplorerError: Failed to apply search filter '最新': filter_panel_not_found (hover_attempt=option_not_found)
[cdp]   Traceback (most recent call last):
[cdp]   raise CDPError(str(e)) from e
[cdp]   __main__.CDPError: Failed to apply search filter '最新': filter_panel_not_found (hover_attempt=option_not_found)
[search] keyword=微信游戏推荐 sort=最新 raw=0 skipped=0 hit=0 rate_limited=False
[search-next] keyword=小游戏安利 sort=综合 task=125/42 empty_streak=18 seen_feeds=432
[search-wait] 6s before keyword=小游戏安利 sort=综合
[cdp] spawn timeout=180s cmd=--reuse-existing-tab search-feeds --keyword 小游戏安利 --sort-by 综合 --publish-time 半年内
[cdp] done exit=1 elapsed=20.3s stdout=907 stderr=1189
[warn] search failed keyword=小游戏安利 scrolls=0
[cdp] phase=search exit=1 keyword=小游戏安利
[cdp] cmd=--reuse-existing-tab search-feeds --keyword 小游戏安利 --sort-by 综合 --publish-time 半年内
[cdp]   [cdp_publish] Timing jitter ratio: 0.25
[cdp]   [cdp_publish] Login cache: enabled (ttl=12h).
[cdp]   [cdp_publish] Tab selection mode: prefer reusing existing tab.
[cdp]   [cdp_publish] Reusing existing tab to reduce focus switching: https://www.xiaohongshu.com/search_result?keyword=%E5%BE%AE%E4%BF%A1%E6%B8%B8%E6%88%8F%E6%8E%A8%E8%8D%90&source=web_explore_feed&type=51
[cdp]   [cdp_publish] Connecting to ws://127.0.0.1:9222/devtools/page/E0641814139216112256C2BBDD63DEBE
[cdp]   [cdp_publish] Connected to Chrome tab.
[cdp]   [cdp_publish] Using cached login status (home, age=115m, ttl=12h).
[cdp]   [cdp_publish] Home login confirmed (cached).
[cdp]   [cdp_publish] Direct navigate (single jump): https://www.xiaohongshu.com/search_result?keyword=%E5%B0%8F%E6%B8%B8%E6%88%8F%E5%AE%89%E5%88%A9&source=web_explore_feed
[cdp]   [cdp_publish] Navigating to https://www.xiaohongshu.com/search_result?keyword=%E5%B0%8F%E6%B8%B8%E6%88%8F%E5%AE%89%E5%88%A9&source=web_explore_feed
[cdp]   Traceback (most recent call last):
[cdp]   raise FeedExplorerError(
[cdp]   feed_explorer.FeedExplorerError: Failed to apply search filter '综合': filter_panel_not_found (hover_attempt=option_not_found)
[cdp]   Traceback (most recent call last):
[cdp]   raise CDPError(str(e)) from e
[cdp]   __main__.CDPError: Failed to apply search filter '综合': filter_panel_not_found (hover_attempt=option_not_found)
[search] keyword=小游戏安利 sort=综合 raw=0 skipped=0 hit=0 rate_limited=False
[search-next] keyword=小游戏安利 sort=最新 task=126/42 empty_streak=19 seen_feeds=432
[search-wait] 10s before keyword=小游戏安利 sort=最新
[cdp] spawn timeout=180s cmd=--reuse-existing-tab search-feeds --keyword 小游戏安利 --sort-by 最新 --publish-time 半年内
[cdp] done exit=1 elapsed=9.1s stdout=671 stderr=1189
[warn] search failed keyword=小游戏安利 scrolls=0
[cdp] phase=search exit=1 keyword=小游戏安利
[cdp] cmd=--reuse-existing-tab search-feeds --keyword 小游戏安利 --sort-by 最新 --publish-time 半年内
[cdp]   [cdp_publish] Timing jitter ratio: 0.25
[cdp]   [cdp_publish] Login cache: enabled (ttl=12h).
[cdp]   [cdp_publish] Tab selection mode: prefer reusing existing tab.
[cdp]   [cdp_publish] Reusing existing tab to reduce focus switching: https://www.xiaohongshu.com/search_result?keyword=%E5%B0%8F%E6%B8%B8%E6%88%8F%E5%AE%89%E5%88%A9&source=web_explore_feed&type=51
[cdp]   [cdp_publish] Connecting to ws://127.0.0.1:9222/devtools/page/E0641814139216112256C2BBDD63DEBE
[cdp]   [cdp_publish] Connected to Chrome tab.
[cdp]   [cdp_publish] Using cached login status (home, age=115m, ttl=12h).
[cdp]   [cdp_publish] Home login confirmed (cached).
[cdp]   [cdp_publish] Already on search page for keyword=小游戏安利, skip navigate (0 extra jumps)
[cdp]   Traceback (most recent call last):
[cdp]   raise FeedExplorerError(
[cdp]   feed_explorer.FeedExplorerError: Failed to apply search filter '最新': filter_panel_not_found (hover_attempt=option_not_found)
[cdp]   Traceback (most recent call last):
[cdp]   raise CDPError(str(e)) from e
[cdp]   __main__.CDPError: Failed to apply search filter '最新': filter_panel_not_found (hover_attempt=option_not_found)
[search] keyword=小游戏安利 sort=最新 raw=0 skipped=0 hit=0 rate_limited=False
[search-next] keyword=益智小游戏 sort=综合 task=127/42 empty_streak=20 seen_feeds=432
[search-wait] 6s before keyword=益智小游戏 sort=综合
[cdp] spawn timeout=180s cmd=--reuse-existing-tab search-feeds --keyword 益智小游戏 --sort-by 综合 --publish-time 半年内
[cdp] done exit=1 elapsed=20.3s stdout=898 stderr=1189
[warn] search failed keyword=益智小游戏 scrolls=0
[cdp] phase=search exit=1 keyword=益智小游戏
[cdp] cmd=--reuse-existing-tab search-feeds --keyword 益智小游戏 --sort-by 综合 --publish-time 半年内
[cdp]   [cdp_publish] Timing jitter ratio: 0.25
[cdp]   [cdp_publish] Login cache: enabled (ttl=12h).
[cdp]   [cdp_publish] Tab selection mode: prefer reusing existing tab.
[cdp]   [cdp_publish] Reusing existing tab to reduce focus switching: https://www.xiaohongshu.com/search_result?keyword=%E5%B0%8F%E6%B8%B8%E6%88%8F%E5%AE%89%E5%88%A9&source=web_explore_feed&type=51
[cdp]   [cdp_publish] Connecting to ws://127.0.0.1:9222/devtools/page/E0641814139216112256C2BBDD63DEBE
[cdp]   [cdp_publish] Connected to Chrome tab.
[cdp]   [cdp_publish] Using cached login status (home, age=115m, ttl=12h).
[cdp]   [cdp_publish] Home login confirmed (cached).
[cdp]   [cdp_publish] Direct navigate (single jump): https://www.xiaohongshu.com/search_result?keyword=%E7%9B%8A%E6%99%BA%E5%B0%8F%E6%B8%B8%E6%88%8F&source=web_explore_feed
[cdp]   [cdp_publish] Navigating to https://www.xiaohongshu.com/search_result?keyword=%E7%9B%8A%E6%99%BA%E5%B0%8F%E6%B8%B8%E6%88%8F&source=web_explore_feed
[cdp]   Traceback (most recent call last):
[cdp]   raise FeedExplorerError(
[cdp]   feed_explorer.FeedExplorerError: Failed to apply search filter '综合': filter_panel_not_found (hover_attempt=option_not_found)
[cdp]   Traceback (most recent call last):
[cdp]   raise CDPError(str(e)) from e
[cdp]   __main__.CDPError: Failed to apply search filter '综合': filter_panel_not_found (hover_attempt=option_not_found)
[search] keyword=益智小游戏 sort=综合 raw=0 skipped=0 hit=0 rate_limited=False
[search-next] keyword=益智小游戏 sort=最新 task=128/42 empty_streak=21 seen_feeds=432
[search-wait] 12s before keyword=益智小游戏 sort=最新
[cdp] spawn timeout=180s cmd=--reuse-existing-tab search-feeds --keyword 益智小游戏 --sort-by 最新 --publish-time 半年内
[cdp] done exit=1 elapsed=8.7s stdout=671 stderr=1189
[warn] search failed keyword=益智小游戏 scrolls=0
[cdp] phase=search exit=1 keyword=益智小游戏
[cdp] cmd=--reuse-existing-tab search-feeds --keyword 益智小游戏 --sort-by 最新 --publish-time 半年内
[cdp]   [cdp_publish] Timing jitter ratio: 0.25
[cdp]   [cdp_publish] Login cache: enabled (ttl=12h).
[cdp]   [cdp_publish] Tab selection mode: prefer reusing existing tab.
[cdp]   [cdp_publish] Reusing existing tab to reduce focus switching: https://www.xiaohongshu.com/search_result?keyword=%E7%9B%8A%E6%99%BA%E5%B0%8F%E6%B8%B8%E6%88%8F&source=web_explore_feed&type=51
[cdp]   [cdp_publish] Connecting to ws://127.0.0.1:9222/devtools/page/E0641814139216112256C2BBDD63DEBE
[cdp]   [cdp_publish] Connected to Chrome tab.
[cdp]   [cdp_publish] Using cached login status (home, age=116m, ttl=12h).
[cdp]   [cdp_publish] Home login confirmed (cached).
[cdp]   [cdp_publish] Already on search page for keyword=益智小游戏, skip navigate (0 extra jumps)
[cdp]   Traceback (most recent call last):
[cdp]   raise FeedExplorerError(
[cdp]   feed_explorer.FeedExplorerError: Failed to apply search filter '最新': filter_panel_not_found (hover_attempt=option_not_found)
[cdp]   Traceback (most recent call last):
[cdp]   raise CDPError(str(e)) from e
[cdp]   __main__.CDPError: Failed to apply search filter '最新': filter_panel_not_found (hover_attempt=option_not_found)
[search] keyword=益智小游戏 sort=最新 raw=0 skipped=0 hit=0 rate_limited=False
[search-next] keyword=烧脑小游戏 sort=综合 task=129/42 empty_streak=22 seen_feeds=432
[search-wait] 8s before keyword=烧脑小游戏 sort=综合
[cdp] spawn timeout=180s cmd=--reuse-existing-tab search-feeds --keyword 烧脑小游戏 --sort-by 综合 --publish-time 半年内
[cdp] done exit=1 elapsed=20.6s stdout=898 stderr=1189
[warn] search failed keyword=烧脑小游戏 scrolls=0
[cdp] phase=search exit=1 keyword=烧脑小游戏
[cdp] cmd=--reuse-existing-tab search-feeds --keyword 烧脑小游戏 --sort-by 综合 --publish-time 半年内
[cdp]   [cdp_publish] Timing jitter ratio: 0.25
[cdp]   [cdp_publish] Login cache: enabled (ttl=12h).
[cdp]   [cdp_publish] Tab selection mode: prefer reusing existing tab.
[cdp]   [cdp_publish] Reusing existing tab to reduce focus switching: https://www.xiaohongshu.com/search_result?keyword=%E7%9B%8A%E6%99%BA%E5%B0%8F%E6%B8%B8%E6%88%8F&source=web_explore_feed&type=51
[cdp]   [cdp_publish] Connecting to ws://127.0.0.1:9222/devtools/page/E0641814139216112256C2BBDD63DEBE
[cdp]   [cdp_publish] Connected to Chrome tab.
[cdp]   [cdp_publish] Using cached login status (home, age=116m, ttl=12h).
[cdp]   [cdp_publish] Home login confirmed (cached).
[cdp]   [cdp_publish] Direct navigate (single jump): https://www.xiaohongshu.com/search_result?keyword=%E7%83%A7%E8%84%91%E5%B0%8F%E6%B8%B8%E6%88%8F&source=web_explore_feed
[cdp]   [cdp_publish] Navigating to https://www.xiaohongshu.com/search_result?keyword=%E7%83%A7%E8%84%91%E5%B0%8F%E6%B8%B8%E6%88%8F&source=web_explore_feed
[cdp]   Traceback (most recent call last):
[cdp]   raise FeedExplorerError(
[cdp]   feed_explorer.FeedExplorerError: Failed to apply search filter '综合': filter_panel_not_found (hover_attempt=option_not_found)
[cdp]   Traceback (most recent call last):
[cdp]   raise CDPError(str(e)) from e
[cdp]   __main__.CDPError: Failed to apply search filter '综合': filter_panel_not_found (hover_attempt=option_not_found)
[search] keyword=烧脑小游戏 sort=综合 raw=0 skipped=0 hit=0 rate_limited=False
[search-next] keyword=烧脑小游戏 sort=最新 task=130/42 empty_streak=23 seen_feeds=432
[search-wait] 10s before keyword=烧脑小游戏 sort=最新
[cdp] spawn timeout=180s cmd=--reuse-existing-tab search-feeds --keyword 烧脑小游戏 --sort-by 最新 --publish-time 半年内
[cdp] done exit=1 elapsed=9.2s stdout=671 stderr=1189
[warn] search failed keyword=烧脑小游戏 scrolls=0
[cdp] phase=search exit=1 keyword=烧脑小游戏
[cdp] cmd=--reuse-existing-tab search-feeds --keyword 烧脑小游戏 --sort-by 最新 --publish-time 半年内
[cdp]   [cdp_publish] Timing jitter ratio: 0.25
[cdp]   [cdp_publish] Login cache: enabled (ttl=12h).
[cdp]   [cdp_publish] Tab selection mode: prefer reusing existing tab.
[cdp]   [cdp_publish] Reusing existing tab to reduce focus switching: https://www.xiaohongshu.com/search_result?keyword=%E7%83%A7%E8%84%91%E5%B0%8F%E6%B8%B8%E6%88%8F&source=web_explore_feed&type=51
[cdp]   [cdp_publish] Connecting to ws://127.0.0.1:9222/devtools/page/E0641814139216112256C2BBDD63DEBE
[cdp]   [cdp_publish] Connected to Chrome tab.
[cdp]   [cdp_publish] Using cached login status (home, age=117m, ttl=12h).
[cdp]   [cdp_publish] Home login confirmed (cached).
[cdp]   [cdp_publish] Already on search page for keyword=烧脑小游戏, skip navigate (0 extra jumps)
[cdp]   Traceback (most recent call last):
[cdp]   raise FeedExplorerError(
[cdp]   feed_explorer.FeedExplorerError: Failed to apply search filter '最新': filter_panel_not_found (hover_attempt=option_not_found)
[cdp]   Traceback (most recent call last):
[cdp]   raise CDPError(str(e)) from e
[cdp]   __main__.CDPError: Failed to apply search filter '最新': filter_panel_not_found (hover_attempt=option_not_found)
[search] keyword=烧脑小游戏 sort=最新 raw=0 skipped=0 hit=0 rate_limited=False
[search-next] keyword=推箱子 sort=综合 task=131/42 empty_streak=24 seen_feeds=432
[search-wait] 11s before keyword=推箱子 sort=综合
[cdp] spawn timeout=180s cmd=--reuse-existing-tab search-feeds --keyword 推箱子 --sort-by 综合 --publish-time 半年内
[cdp] done exit=1 elapsed=20.7s stdout=862 stderr=1189
[warn] search failed keyword=推箱子 scrolls=0
[cdp] phase=search exit=1 keyword=推箱子
[cdp] cmd=--reuse-existing-tab search-feeds --keyword 推箱子 --sort-by 综合 --publish-time 半年内
[cdp]   [cdp_publish] Timing jitter ratio: 0.25
[cdp]   [cdp_publish] Login cache: enabled (ttl=12h).
[cdp]   [cdp_publish] Tab selection mode: prefer reusing existing tab.
[cdp]   [cdp_publish] Reusing existing tab to reduce focus switching: https://www.xiaohongshu.com/search_result?keyword=%E7%83%A7%E8%84%91%E5%B0%8F%E6%B8%B8%E6%88%8F&source=web_explore_feed&type=51
[cdp]   [cdp_publish] Connecting to ws://127.0.0.1:9222/devtools/page/E0641814139216112256C2BBDD63DEBE
[cdp]   [cdp_publish] Connected to Chrome tab.
[cdp]   [cdp_publish] Using cached login status (home, age=117m, ttl=12h).
[cdp]   [cdp_publish] Home login confirmed (cached).
[cdp]   [cdp_publish] Direct navigate (single jump): https://www.xiaohongshu.com/search_result?keyword=%E6%8E%A8%E7%AE%B1%E5%AD%90&source=web_explore_feed
[cdp]   [cdp_publish] Navigating to https://www.xiaohongshu.com/search_result?keyword=%E6%8E%A8%E7%AE%B1%E5%AD%90&source=web_explore_feed
[cdp]   Traceback (most recent call last):
[cdp]   raise FeedExplorerError(
[cdp]   feed_explorer.FeedExplorerError: Failed to apply search filter '综合': filter_panel_not_found (hover_attempt=option_not_found)
[cdp]   Traceback (most recent call last):
[cdp]   raise CDPError(str(e)) from e
[cdp]   __main__.CDPError: Failed to apply search filter '综合': filter_panel_not_found (hover_attempt=option_not_found)
[search] keyword=推箱子 sort=综合 raw=0 skipped=0 hit=0 rate_limited=False
[search-next] keyword=推箱子 sort=最新 task=132/42 empty_streak=25 seen_feeds=432
[search-wait] 14s before keyword=推箱子 sort=最新
[cdp] spawn timeout=180s cmd=--reuse-existing-tab search-feeds --keyword 推箱子 --sort-by 最新 --publish-time 半年内
[cdp] done exit=1 elapsed=8.3s stdout=651 stderr=1189
[warn] search failed keyword=推箱子 scrolls=0
[cdp] phase=search exit=1 keyword=推箱子
[cdp] cmd=--reuse-existing-tab search-feeds --keyword 推箱子 --sort-by 最新 --publish-time 半年内
[cdp]   [cdp_publish] Timing jitter ratio: 0.25
[cdp]   [cdp_publish] Login cache: enabled (ttl=12h).
[cdp]   [cdp_publish] Tab selection mode: prefer reusing existing tab.
[cdp]   [cdp_publish] Reusing existing tab to reduce focus switching: https://www.xiaohongshu.com/search_result?keyword=%E6%8E%A8%E7%AE%B1%E5%AD%90&source=web_explore_feed&type=51
[cdp]   [cdp_publish] Connecting to ws://127.0.0.1:9222/devtools/page/E0641814139216112256C2BBDD63DEBE
[cdp]   [cdp_publish] Connected to Chrome tab.
[cdp]   [cdp_publish] Using cached login status (home, age=118m, ttl=12h).
[cdp]   [cdp_publish] Home login confirmed (cached).
[cdp]   [cdp_publish] Already on search page for keyword=推箱子, skip navigate (0 extra jumps)
[cdp]   Traceback (most recent call last):
[cdp]   raise FeedExplorerError(
[cdp]   feed_explorer.FeedExplorerError: Failed to apply search filter '最新': filter_panel_not_found (hover_attempt=option_not_found)
[cdp]   Traceback (most recent call last):
[cdp]   raise CDPError(str(e)) from e
[cdp]   __main__.CDPError: Failed to apply search filter '最新': filter_panel_not_found (hover_attempt=option_not_found)
[search] keyword=推箱子 sort=最新 raw=0 skipped=0 hit=0 rate_limited=False
[search-next] keyword=解谜游戏 sort=综合 task=133/42 empty_streak=26 seen_feeds=432
[search-wait] 6s before keyword=解谜游戏 sort=综合
[cdp] spawn timeout=180s cmd=--reuse-existing-tab search-feeds --keyword 解谜游戏 --sort-by 综合 --publish-time 半年内
[cdp] done exit=1 elapsed=20.4s stdout=862 stderr=1189
[warn] search failed keyword=解谜游戏 scrolls=0
[cdp] phase=search exit=1 keyword=解谜游戏
[cdp] cmd=--reuse-existing-tab search-feeds --keyword 解谜游戏 --sort-by 综合 --publish-time 半年内
[cdp]   [cdp_publish] Timing jitter ratio: 0.25
[cdp]   [cdp_publish] Login cache: enabled (ttl=12h).
[cdp]   [cdp_publish] Tab selection mode: prefer reusing existing tab.
[cdp]   [cdp_publish] Reusing existing tab to reduce focus switching: https://www.xiaohongshu.com/search_result?keyword=%E6%8E%A8%E7%AE%B1%E5%AD%90&source=web_explore_feed&type=51
[cdp]   [cdp_publish] Connecting to ws://127.0.0.1:9222/devtools/page/E0641814139216112256C2BBDD63DEBE
[cdp]   [cdp_publish] Connected to Chrome tab.
[cdp]   [cdp_publish] Using cached login status (home, age=118m, ttl=12h).
[cdp]   [cdp_publish] Home login confirmed (cached).
[cdp]   [cdp_publish] Direct navigate (single jump): https://www.xiaohongshu.com/search_result?keyword=%E8%A7%A3%E8%B0%9C%E6%B8%B8%E6%88%8F&source=web_explore_feed
[cdp]   [cdp_publish] Navigating to https://www.xiaohongshu.com/search_result?keyword=%E8%A7%A3%E8%B0%9C%E6%B8%B8%E6%88%8F&source=web_explore_feed
[cdp]   Traceback (most recent call last):
[cdp]   raise FeedExplorerError(
[cdp]   feed_explorer.FeedExplorerError: Failed to apply search filter '综合': filter_panel_not_found (hover_attempt=option_not_found)
[cdp]   Traceback (most recent call last):
[cdp]   raise CDPError(str(e)) from e
[cdp]   __main__.CDPError: Failed to apply search filter '综合': filter_panel_not_found (hover_attempt=option_not_found)
[search] keyword=解谜游戏 sort=综合 raw=0 skipped=0 hit=0 rate_limited=False
[search-next] keyword=解谜游戏 sort=最新 task=134/42 empty_streak=27 seen_feeds=432
[search-wait] 7s before keyword=解谜游戏 sort=最新
[cdp] spawn timeout=180s cmd=--reuse-existing-tab search-feeds --keyword 解谜游戏 --sort-by 最新 --publish-time 半年内
[cdp] done exit=1 elapsed=9.0s stdout=661 stderr=1189
[warn] search failed keyword=解谜游戏 scrolls=0
[cdp] phase=search exit=1 keyword=解谜游戏
[cdp] cmd=--reuse-existing-tab search-feeds --keyword 解谜游戏 --sort-by 最新 --publish-time 半年内
[cdp]   [cdp_publish] Timing jitter ratio: 0.25
[cdp]   [cdp_publish] Login cache: enabled (ttl=12h).
[cdp]   [cdp_publish] Tab selection mode: prefer reusing existing tab.
[cdp]   [cdp_publish] Reusing existing tab to reduce focus switching: https://www.xiaohongshu.com/search_result?keyword=%E8%A7%A3%E8%B0%9C%E6%B8%B8%E6%88%8F&source=web_explore_feed&type=51
[cdp]   [cdp_publish] Connecting to ws://127.0.0.1:9222/devtools/page/E0641814139216112256C2BBDD63DEBE
[cdp]   [cdp_publish] Connected to Chrome tab.
[cdp]   [cdp_publish] Using cached login status (home, age=118m, ttl=12h).
[cdp]   [cdp_publish] Home login confirmed (cached).
[cdp]   [cdp_publish] Already on search page for keyword=解谜游戏, skip navigate (0 extra jumps)
[cdp]   Traceback (most recent call last):
[cdp]   raise FeedExplorerError(
[cdp]   feed_explorer.FeedExplorerError: Failed to apply search filter '最新': filter_panel_not_found (hover_attempt=option_not_found)
[cdp]   Traceback (most recent call last):
[cdp]   raise CDPError(str(e)) from e
[cdp]   __main__.CDPError: Failed to apply search filter '最新': filter_panel_not_found (hover_attempt=option_not_found)
[search] keyword=解谜游戏 sort=最新 raw=0 skipped=0 hit=0 rate_limited=False
[search-next] keyword=游戏推荐 sort=综合 task=135/42 empty_streak=28 seen_feeds=432
[search-wait] 6s before keyword=游戏推荐 sort=综合
[cdp] spawn timeout=180s cmd=--reuse-existing-tab search-feeds --keyword 游戏推荐 --sort-by 综合 --publish-time 半年内
[cdp] done exit=1 elapsed=20.7s stdout=871 stderr=1189
[warn] search failed keyword=游戏推荐 scrolls=0
[cdp] phase=search exit=1 keyword=游戏推荐
[cdp] cmd=--reuse-existing-tab search-feeds --keyword 游戏推荐 --sort-by 综合 --publish-time 半年内
[cdp]   [cdp_publish] Timing jitter ratio: 0.25
[cdp]   [cdp_publish] Login cache: enabled (ttl=12h).
[cdp]   [cdp_publish] Tab selection mode: prefer reusing existing tab.
[cdp]   [cdp_publish] Reusing existing tab to reduce focus switching: https://www.xiaohongshu.com/search_result?keyword=%E8%A7%A3%E8%B0%9C%E6%B8%B8%E6%88%8F&source=web_explore_feed&type=51
[cdp]   [cdp_publish] Connecting to ws://127.0.0.1:9222/devtools/page/E0641814139216112256C2BBDD63DEBE
[cdp]   [cdp_publish] Connected to Chrome tab.
[cdp]   [cdp_publish] Using cached login status (home, age=119m, ttl=12h).
[cdp]   [cdp_publish] Home login confirmed (cached).
[cdp]   [cdp_publish] Direct navigate (single jump): https://www.xiaohongshu.com/search_result?keyword=%E6%B8%B8%E6%88%8F%E6%8E%A8%E8%8D%90&source=web_explore_feed
[cdp]   [cdp_publish] Navigating to https://www.xiaohongshu.com/search_result?keyword=%E6%B8%B8%E6%88%8F%E6%8E%A8%E8%8D%90&source=web_explore_feed
[cdp]   Traceback (most recent call last):
[cdp]   raise FeedExplorerError(
[cdp]   feed_explorer.FeedExplorerError: Failed to apply search filter '综合': filter_panel_not_found (hover_attempt=option_not_found)
[cdp]   Traceback (most recent call last):
[cdp]   raise CDPError(str(e)) from e
[cdp]   __main__.CDPError: Failed to apply search filter '综合': filter_panel_not_found (hover_attempt=option_not_found)
[search] keyword=游戏推荐 sort=综合 raw=0 skipped=0 hit=0 rate_limited=False
[search-next] keyword=游戏推荐 sort=最新 task=136/42 empty_streak=29 seen_feeds=432
[search-wait] 6s before keyword=游戏推荐 sort=最新
[cdp] spawn timeout=180s cmd=--reuse-existing-tab search-feeds --keyword 游戏推荐 --sort-by 最新 --publish-time 半年内
[cdp] done exit=1 elapsed=9.1s stdout=661 stderr=1189
[warn] search failed keyword=游戏推荐 scrolls=0
[cdp] phase=search exit=1 keyword=游戏推荐
[cdp] cmd=--reuse-existing-tab search-feeds --keyword 游戏推荐 --sort-by 最新 --publish-time 半年内
[cdp]   [cdp_publish] Timing jitter ratio: 0.25
[cdp]   [cdp_publish] Login cache: enabled (ttl=12h).
[cdp]   [cdp_publish] Tab selection mode: prefer reusing existing tab.
[cdp]   [cdp_publish] Reusing existing tab to reduce focus switching: https://www.xiaohongshu.com/search_result?keyword=%E6%B8%B8%E6%88%8F%E6%8E%A8%E8%8D%90&source=web_explore_feed&type=51
[cdp]   [cdp_publish] Connecting to ws://127.0.0.1:9222/devtools/page/E0641814139216112256C2BBDD63DEBE
[cdp]   [cdp_publish] Connected to Chrome tab.
[cdp]   [cdp_publish] Using cached login status (home, age=119m, ttl=12h).
[cdp]   [cdp_publish] Home login confirmed (cached).
[cdp]   [cdp_publish] Already on search page for keyword=游戏推荐, skip navigate (0 extra jumps)
[cdp]   Traceback (most recent call last):
[cdp]   raise FeedExplorerError(
[cdp]   feed_explorer.FeedExplorerError: Failed to apply search filter '最新': filter_panel_not_found (hover_attempt=option_not_found)
[cdp]   Traceback (most recent call last):
[cdp]   raise CDPError(str(e)) from e
[cdp]   __main__.CDPError: Failed to apply search filter '最新': filter_panel_not_found (hover_attempt=option_not_found)
[search] keyword=游戏推荐 sort=最新 raw=0 skipped=0 hit=0 rate_limited=False
[search-next] keyword=微信小游戏 sort=综合 task=137/42 empty_streak=30 seen_feeds=432
[search-wait] 13s before keyword=微信小游戏 sort=综合
[cdp] spawn timeout=180s cmd=--reuse-existing-tab search-feeds --keyword 微信小游戏 --sort-by 综合 --publish-time 半年内
[cdp] done exit=1 elapsed=20.9s stdout=889 stderr=1189
[warn] search failed keyword=微信小游戏 scrolls=0
[cdp] phase=search exit=1 keyword=微信小游戏
[cdp] cmd=--reuse-existing-tab search-feeds --keyword 微信小游戏 --sort-by 综合 --publish-time 半年内
[cdp]   [cdp_publish] Timing jitter ratio: 0.25
[cdp]   [cdp_publish] Login cache: enabled (ttl=12h).
[cdp]   [cdp_publish] Tab selection mode: prefer reusing existing tab.
[cdp]   [cdp_publish] Reusing existing tab to reduce focus switching: https://www.xiaohongshu.com/search_result?keyword=%E6%B8%B8%E6%88%8F%E6%8E%A8%E8%8D%90&source=web_explore_feed&type=51
[cdp]   [cdp_publish] Connecting to ws://127.0.0.1:9222/devtools/page/E0641814139216112256C2BBDD63DEBE
[cdp]   [cdp_publish] Connected to Chrome tab.
[cdp]   [cdp_publish] Using cached login status (home, age=119m, ttl=12h).
[cdp]   [cdp_publish] Home login confirmed (cached).
[cdp]   [cdp_publish] Direct navigate (single jump): https://www.xiaohongshu.com/search_result?keyword=%E5%BE%AE%E4%BF%A1%E5%B0%8F%E6%B8%B8%E6%88%8F&source=web_explore_feed
[cdp]   [cdp_publish] Navigating to https://www.xiaohongshu.com/search_result?keyword=%E5%BE%AE%E4%BF%A1%E5%B0%8F%E6%B8%B8%E6%88%8F&source=web_explore_feed
[cdp]   Traceback (most recent call last):
[cdp]   raise FeedExplorerError(
[cdp]   feed_explorer.FeedExplorerError: Failed to apply search filter '综合': filter_panel_not_found (hover_attempt=option_not_found)
[cdp]   Traceback (most recent call last):
[cdp]   raise CDPError(str(e)) from e
[cdp]   __main__.CDPError: Failed to apply search filter '综合': filter_panel_not_found (hover_attempt=option_not_found)
[search] keyword=微信小游戏 sort=综合 raw=0 skipped=0 hit=0 rate_limited=False
[search-next] keyword=微信小游戏 sort=最新 task=138/42 empty_streak=31 seen_feeds=432
[search-wait] 6s before keyword=微信小游戏 sort=最新
[cdp] spawn timeout=180s cmd=--reuse-existing-tab search-feeds --keyword 微信小游戏 --sort-by 最新 --publish-time 半年内
[cdp] done exit=1 elapsed=9.0s stdout=671 stderr=1189
[warn] search failed keyword=微信小游戏 scrolls=0
[cdp] phase=search exit=1 keyword=微信小游戏
[cdp] cmd=--reuse-existing-tab search-feeds --keyword 微信小游戏 --sort-by 最新 --publish-time 半年内
[cdp]   [cdp_publish] Timing jitter ratio: 0.25
[cdp]   [cdp_publish] Login cache: enabled (ttl=12h).
[cdp]   [cdp_publish] Tab selection mode: prefer reusing existing tab.
[cdp]   [cdp_publish] Reusing existing tab to reduce focus switching: https://www.xiaohongshu.com/search_result?keyword=%E5%BE%AE%E4%BF%A1%E5%B0%8F%E6%B8%B8%E6%88%8F&source=web_explore_feed&type=51
[cdp]   [cdp_publish] Connecting to ws://127.0.0.1:9222/devtools/page/E0641814139216112256C2BBDD63DEBE
[cdp]   [cdp_publish] Connected to Chrome tab.
[cdp]   [cdp_publish] Using cached login status (home, age=120m, ttl=12h).
[cdp]   [cdp_publish] Home login confirmed (cached).
[cdp]   [cdp_publish] Already on search page for keyword=微信小游戏, skip navigate (0 extra jumps)
[cdp]   Traceback (most recent call last):
[cdp]   raise FeedExplorerError(
[cdp]   feed_explorer.FeedExplorerError: Failed to apply search filter '最新': filter_panel_not_found (hover_attempt=option_not_found)
[cdp]   Traceback (most recent call last):
[cdp]   raise CDPError(str(e)) from e
[cdp]   __main__.CDPError: Failed to apply search filter '最新': filter_panel_not_found (hover_attempt=option_not_found)
[search] keyword=微信小游戏 sort=最新 raw=0 skipped=0 hit=0 rate_limited=False
[search-next] keyword=迷宫游戏 sort=综合 task=139/42 empty_streak=32 seen_feeds=432
[search-wait] 9s before keyword=迷宫游戏 sort=综合
[cdp] spawn timeout=180s cmd=--reuse-existing-tab search-feeds --keyword 迷宫游戏 --sort-by 综合 --publish-time 半年内
[cdp] done exit=1 elapsed=21.1s stdout=880 stderr=1189
[warn] search failed keyword=迷宫游戏 scrolls=0
[cdp] phase=search exit=1 keyword=迷宫游戏
[cdp] cmd=--reuse-existing-tab search-feeds --keyword 迷宫游戏 --sort-by 综合 --publish-time 半年内
[cdp]   [cdp_publish] Timing jitter ratio: 0.25
[cdp]   [cdp_publish] Login cache: enabled (ttl=12h).
[cdp]   [cdp_publish] Tab selection mode: prefer reusing existing tab.
[cdp]   [cdp_publish] Reusing existing tab to reduce focus switching: https://www.xiaohongshu.com/search_result?keyword=%E5%BE%AE%E4%BF%A1%E5%B0%8F%E6%B8%B8%E6%88%8F&source=web_explore_feed&type=51
[cdp]   [cdp_publish] Connecting to ws://127.0.0.1:9222/devtools/page/E0641814139216112256C2BBDD63DEBE
[cdp]   [cdp_publish] Connected to Chrome tab.
[cdp]   [cdp_publish] Using cached login status (home, age=120m, ttl=12h).
[cdp]   [cdp_publish] Home login confirmed (cached).
[cdp]   [cdp_publish] Direct navigate (single jump): https://www.xiaohongshu.com/search_result?keyword=%E8%BF%B7%E5%AE%AB%E6%B8%B8%E6%88%8F&source=web_explore_feed
[cdp]   [cdp_publish] Navigating to https://www.xiaohongshu.com/search_result?keyword=%E8%BF%B7%E5%AE%AB%E6%B8%B8%E6%88%8F&source=web_explore_feed
[cdp]   Traceback (most recent call last):
[cdp]   raise FeedExplorerError(
[cdp]   feed_explorer.FeedExplorerError: Failed to apply search filter '综合': filter_panel_not_found (hover_attempt=option_not_found)
[cdp]   Traceback (most recent call last):
[cdp]   raise CDPError(str(e)) from e
[cdp]   __main__.CDPError: Failed to apply search filter '综合': filter_panel_not_found (hover_attempt=option_not_found)
[search] keyword=迷宫游戏 sort=综合 raw=0 skipped=0 hit=0 rate_limited=False
[search-next] keyword=迷宫游戏 sort=最新 task=140/42 empty_streak=33 seen_feeds=432
[search-wait] 13s before keyword=迷宫游戏 sort=最新
[cdp] spawn timeout=180s cmd=--reuse-existing-tab search-feeds --keyword 迷宫游戏 --sort-by 最新 --publish-time 半年内
[cdp] done exit=1 elapsed=8.4s stdout=661 stderr=1189
[warn] search failed keyword=迷宫游戏 scrolls=0
[cdp] phase=search exit=1 keyword=迷宫游戏
[cdp] cmd=--reuse-existing-tab search-feeds --keyword 迷宫游戏 --sort-by 最新 --publish-time 半年内
[cdp]   [cdp_publish] Timing jitter ratio: 0.25
[cdp]   [cdp_publish] Login cache: enabled (ttl=12h).
[cdp]   [cdp_publish] Tab selection mode: prefer reusing existing tab.
[cdp]   [cdp_publish] Reusing existing tab to reduce focus switching: https://www.xiaohongshu.com/search_result?keyword=%E8%BF%B7%E5%AE%AB%E6%B8%B8%E6%88%8F&source=web_explore_feed&type=51
[cdp]   [cdp_publish] Connecting to ws://127.0.0.1:9222/devtools/page/E0641814139216112256C2BBDD63DEBE
[cdp]   [cdp_publish] Connected to Chrome tab.
[cdp]   [cdp_publish] Using cached login status (home, age=121m, ttl=12h).
[cdp]   [cdp_publish] Home login confirmed (cached).
[cdp]   [cdp_publish] Already on search page for keyword=迷宫游戏, skip navigate (0 extra jumps)
[cdp]   Traceback (most recent call last):
[cdp]   raise FeedExplorerError(
[cdp]   feed_explorer.FeedExplorerError: Failed to apply search filter '最新': filter_panel_not_found (hover_attempt=option_not_found)
[cdp]   Traceback (most recent call last):
[cdp]   raise CDPError(str(e)) from e
[cdp]   __main__.CDPError: Failed to apply search filter '最新': filter_panel_not_found (hover_attempt=option_not_found)
[search] keyword=迷宫游戏 sort=最新 raw=0 skipped=0 hit=0 rate_limited=False
[search-next] keyword=逻辑游戏 sort=综合 task=141/42 empty_streak=34 seen_feeds=432
[search-wait] 9s before keyword=逻辑游戏 sort=综合
[cdp] spawn timeout=180s cmd=--reuse-existing-tab search-feeds --keyword 逻辑游戏 --sort-by 综合 --publish-time 半年内
[cdp] done exit=1 elapsed=21.0s stdout=871 stderr=1189
[warn] search failed keyword=逻辑游戏 scrolls=0
[cdp] phase=search exit=1 keyword=逻辑游戏
[cdp] cmd=--reuse-existing-tab search-feeds --keyword 逻辑游戏 --sort-by 综合 --publish-time 半年内
[cdp]   [cdp_publish] Timing jitter ratio: 0.25
[cdp]   [cdp_publish] Login cache: enabled (ttl=12h).
[cdp]   [cdp_publish] Tab selection mode: prefer reusing existing tab.
[cdp]   [cdp_publish] Reusing existing tab to reduce focus switching: https://www.xiaohongshu.com/search_result?keyword=%E8%BF%B7%E5%AE%AB%E6%B8%B8%E6%88%8F&source=web_explore_feed&type=51
[cdp]   [cdp_publish] Connecting to ws://127.0.0.1:9222/devtools/page/E0641814139216112256C2BBDD63DEBE
[cdp]   [cdp_publish] Connected to Chrome tab.
[cdp]   [cdp_publish] Using cached login status (home, age=121m, ttl=12h).
[cdp]   [cdp_publish] Home login confirmed (cached).
[cdp]   [cdp_publish] Direct navigate (single jump): https://www.xiaohongshu.com/search_result?keyword=%E9%80%BB%E8%BE%91%E6%B8%B8%E6%88%8F&source=web_explore_feed
[cdp]   [cdp_publish] Navigating to https://www.xiaohongshu.com/search_result?keyword=%E9%80%BB%E8%BE%91%E6%B8%B8%E6%88%8F&source=web_explore_feed
[cdp]   Traceback (most recent call last):
[cdp]   raise FeedExplorerError(
[cdp]   feed_explorer.FeedExplorerError: Failed to apply search filter '综合': filter_panel_not_found (hover_attempt=option_not_found)
[cdp]   Traceback (most recent call last):
[cdp]   raise CDPError(str(e)) from e
[cdp]   __main__.CDPError: Failed to apply search filter '综合': filter_panel_not_found (hover_attempt=option_not_found)
[search] keyword=逻辑游戏 sort=综合 raw=0 skipped=0 hit=0 rate_limited=False
[search-next] keyword=逻辑游戏 sort=最新 task=142/42 empty_streak=35 seen_feeds=432
[search-wait] 12s before keyword=逻辑游戏 sort=最新
[cdp] spawn timeout=180s cmd=--reuse-existing-tab search-feeds --keyword 逻辑游戏 --sort-by 最新 --publish-time 半年内
[cdp] done exit=1 elapsed=8.6s stdout=661 stderr=1189
[warn] search failed keyword=逻辑游戏 scrolls=0
[cdp] phase=search exit=1 keyword=逻辑游戏
[cdp] cmd=--reuse-existing-tab search-feeds --keyword 逻辑游戏 --sort-by 最新 --publish-time 半年内
[cdp]   [cdp_publish] Timing jitter ratio: 0.25
[cdp]   [cdp_publish] Login cache: enabled (ttl=12h).
[cdp]   [cdp_publish] Tab selection mode: prefer reusing existing tab.
[cdp]   [cdp_publish] Reusing existing tab to reduce focus switching: https://www.xiaohongshu.com/search_result?keyword=%E9%80%BB%E8%BE%91%E6%B8%B8%E6%88%8F&source=web_explore_feed&type=51
[cdp]   [cdp_publish] Connecting to ws://127.0.0.1:9222/devtools/page/E0641814139216112256C2BBDD63DEBE
[cdp]   [cdp_publish] Connected to Chrome tab.
[cdp]   [cdp_publish] Using cached login status (home, age=121m, ttl=12h).
[cdp]   [cdp_publish] Home login confirmed (cached).
[cdp]   [cdp_publish] Already on search page for keyword=逻辑游戏, skip navigate (0 extra jumps)
[cdp]   Traceback (most recent call last):
[cdp]   raise FeedExplorerError(
[cdp]   feed_explorer.FeedExplorerError: Failed to apply search filter '最新': filter_panel_not_found (hover_attempt=option_not_found)
[cdp]   Traceback (most recent call last):
[cdp]   raise CDPError(str(e)) from e
[cdp]   __main__.CDPError: Failed to apply search filter '最新': filter_panel_not_found (hover_attempt=option_not_found)
[search] keyword=逻辑游戏 sort=最新 raw=0 skipped=0 hit=0 rate_limited=False
[search-next] keyword=休闲小游戏 sort=综合 task=143/42 empty_streak=36 seen_feeds=432
[search-wait] 8s before keyword=休闲小游戏 sort=综合
[cdp] spawn timeout=180s cmd=--reuse-existing-tab search-feeds --keyword 休闲小游戏 --sort-by 综合 --publish-time 半年内
[cdp] done exit=1 elapsed=21.2s stdout=889 stderr=1189
[warn] search failed keyword=休闲小游戏 scrolls=0
[cdp] phase=search exit=1 keyword=休闲小游戏
[cdp] cmd=--reuse-existing-tab search-feeds --keyword 休闲小游戏 --sort-by 综合 --publish-time 半年内
[cdp]   [cdp_publish] Timing jitter ratio: 0.25
[cdp]   [cdp_publish] Login cache: enabled (ttl=12h).
[cdp]   [cdp_publish] Tab selection mode: prefer reusing existing tab.
[cdp]   [cdp_publish] Reusing existing tab to reduce focus switching: https://www.xiaohongshu.com/search_result?keyword=%E9%80%BB%E8%BE%91%E6%B8%B8%E6%88%8F&source=web_explore_feed&type=51
[cdp]   [cdp_publish] Connecting to ws://127.0.0.1:9222/devtools/page/E0641814139216112256C2BBDD63DEBE
[cdp]   [cdp_publish] Connected to Chrome tab.
[cdp]   [cdp_publish] Using cached login status (home, age=122m, ttl=12h).
[cdp]   [cdp_publish] Home login confirmed (cached).
[cdp]   [cdp_publish] Direct navigate (single jump): https://www.xiaohongshu.com/search_result?keyword=%E4%BC%91%E9%97%B2%E5%B0%8F%E6%B8%B8%E6%88%8F&source=web_explore_feed
[cdp]   [cdp_publish] Navigating to https://www.xiaohongshu.com/search_result?keyword=%E4%BC%91%E9%97%B2%E5%B0%8F%E6%B8%B8%E6%88%8F&source=web_explore_feed
[cdp]   Traceback (most recent call last):
[cdp]   raise FeedExplorerError(
[cdp]   feed_explorer.FeedExplorerError: Failed to apply search filter '综合': filter_panel_not_found (hover_attempt=option_not_found)
[cdp]   Traceback (most recent call last):
[cdp]   raise CDPError(str(e)) from e
[cdp]   __main__.CDPError: Failed to apply search filter '综合': filter_panel_not_found (hover_attempt=option_not_found)
[search] keyword=休闲小游戏 sort=综合 raw=0 skipped=0 hit=0 rate_limited=False
[search-next] keyword=休闲小游戏 sort=最新 task=144/42 empty_streak=37 seen_feeds=432
[search-wait] 6s before keyword=休闲小游戏 sort=最新
[cdp] spawn timeout=180s cmd=--reuse-existing-tab search-feeds --keyword 休闲小游戏 --sort-by 最新 --publish-time 半年内
[cdp] done exit=1 elapsed=9.0s stdout=671 stderr=1189
[warn] search failed keyword=休闲小游戏 scrolls=0
[cdp] phase=search exit=1 keyword=休闲小游戏
[cdp] cmd=--reuse-existing-tab search-feeds --keyword 休闲小游戏 --sort-by 最新 --publish-time 半年内
[cdp]   [cdp_publish] Timing jitter ratio: 0.25
[cdp]   [cdp_publish] Login cache: enabled (ttl=12h).
[cdp]   [cdp_publish] Tab selection mode: prefer reusing existing tab.
[cdp]   [cdp_publish] Reusing existing tab to reduce focus switching: https://www.xiaohongshu.com/search_result?keyword=%E4%BC%91%E9%97%B2%E5%B0%8F%E6%B8%B8%E6%88%8F&source=web_explore_feed&type=51
[cdp]   [cdp_publish] Connecting to ws://127.0.0.1:9222/devtools/page/E0641814139216112256C2BBDD63DEBE
[cdp]   [cdp_publish] Connected to Chrome tab.
[cdp]   [cdp_publish] Using cached login status (home, age=122m, ttl=12h).
[cdp]   [cdp_publish] Home login confirmed (cached).
[cdp]   [cdp_publish] Already on search page for keyword=休闲小游戏, skip navigate (0 extra jumps)
[cdp]   Traceback (most recent call last):
[cdp]   raise FeedExplorerError(
[cdp]   feed_explorer.FeedExplorerError: Failed to apply search filter '最新': filter_panel_not_found (hover_attempt=option_not_found)
[cdp]   Traceback (most recent call last):
[cdp]   raise CDPError(str(e)) from e
[cdp]   __main__.CDPError: Failed to apply search filter '最新': filter_panel_not_found (hover_attempt=option_not_found)
[search] keyword=休闲小游戏 sort=最新 raw=0 skipped=0 hit=0 rate_limited=False
[search-next] keyword=单机小游戏 sort=综合 task=145/42 empty_streak=38 seen_feeds=432
[search-wait] 7s before keyword=单机小游戏 sort=综合
[cdp] spawn timeout=180s cmd=--reuse-existing-tab search-feeds --keyword 单机小游戏 --sort-by 综合 --publish-time 半年内
[cdp] done exit=1 elapsed=21.4s stdout=898 stderr=1189
[warn] search failed keyword=单机小游戏 scrolls=0
[cdp] phase=search exit=1 keyword=单机小游戏
[cdp] cmd=--reuse-existing-tab search-feeds --keyword 单机小游戏 --sort-by 综合 --publish-time 半年内
[cdp]   [cdp_publish] Timing jitter ratio: 0.25
[cdp]   [cdp_publish] Login cache: enabled (ttl=12h).
[cdp]   [cdp_publish] Tab selection mode: prefer reusing existing tab.
[cdp]   [cdp_publish] Reusing existing tab to reduce focus switching: https://www.xiaohongshu.com/search_result?keyword=%E4%BC%91%E9%97%B2%E5%B0%8F%E6%B8%B8%E6%88%8F&source=web_explore_feed&type=51
[cdp]   [cdp_publish] Connecting to ws://127.0.0.1:9222/devtools/page/E0641814139216112256C2BBDD63DEBE
[cdp]   [cdp_publish] Connected to Chrome tab.
[cdp]   [cdp_publish] Using cached login status (home, age=122m, ttl=12h).
[cdp]   [cdp_publish] Home login confirmed (cached).
[cdp]   [cdp_publish] Direct navigate (single jump): https://www.xiaohongshu.com/search_result?keyword=%E5%8D%95%E6%9C%BA%E5%B0%8F%E6%B8%B8%E6%88%8F&source=web_explore_feed
[cdp]   [cdp_publish] Navigating to https://www.xiaohongshu.com/search_result?keyword=%E5%8D%95%E6%9C%BA%E5%B0%8F%E6%B8%B8%E6%88%8F&source=web_explore_feed
[cdp]   Traceback (most recent call last):
[cdp]   raise FeedExplorerError(
[cdp]   feed_explorer.FeedExplorerError: Failed to apply search filter '综合': filter_panel_not_found (hover_attempt=option_not_found)
[cdp]   Traceback (most recent call last):
[cdp]   raise CDPError(str(e)) from e
[cdp]   __main__.CDPError: Failed to apply search filter '综合': filter_panel_not_found (hover_attempt=option_not_found)
[search] keyword=单机小游戏 sort=综合 raw=0 skipped=0 hit=0 rate_limited=False
[search-next] keyword=单机小游戏 sort=最新 task=146/42 empty_streak=39 seen_feeds=432
[search-wait] 7s before keyword=单机小游戏 sort=最新
[cdp] spawn timeout=180s cmd=--reuse-existing-tab search-feeds --keyword 单机小游戏 --sort-by 最新 --publish-time 半年内
[cdp] done exit=1 elapsed=9.2s stdout=671 stderr=1189
[warn] search failed keyword=单机小游戏 scrolls=0
[cdp] phase=search exit=1 keyword=单机小游戏
[cdp] cmd=--reuse-existing-tab search-feeds --keyword 单机小游戏 --sort-by 最新 --publish-time 半年内
[cdp]   [cdp_publish] Timing jitter ratio: 0.25
[cdp]   [cdp_publish] Login cache: enabled (ttl=12h).
[cdp]   [cdp_publish] Tab selection mode: prefer reusing existing tab.
[cdp]   [cdp_publish] Reusing existing tab to reduce focus switching: https://www.xiaohongshu.com/search_result?keyword=%E5%8D%95%E6%9C%BA%E5%B0%8F%E6%B8%B8%E6%88%8F&source=web_explore_feed&type=51
[cdp]   [cdp_publish] Connecting to ws://127.0.0.1:9222/devtools/page/E0641814139216112256C2BBDD63DEBE
[cdp]   [cdp_publish] Connected to Chrome tab.
[cdp]   [cdp_publish] Using cached login status (home, age=123m, ttl=12h).
[cdp]   [cdp_publish] Home login confirmed (cached).
[cdp]   [cdp_publish] Already on search page for keyword=单机小游戏, skip navigate (0 extra jumps)
[cdp]   Traceback (most recent call last):
[cdp]   raise FeedExplorerError(
[cdp]   feed_explorer.FeedExplorerError: Failed to apply search filter '最新': filter_panel_not_found (hover_attempt=option_not_found)
[cdp]   Traceback (most recent call last):
[cdp]   raise CDPError(str(e)) from e
[cdp]   __main__.CDPError: Failed to apply search filter '最新': filter_panel_not_found (hover_attempt=option_not_found)
[search] keyword=单机小游戏 sort=最新 raw=0 skipped=0 hit=0 rate_limited=False
[search-next] keyword=解谜小游戏 sort=综合 task=147/42 empty_streak=40 seen_feeds=432
[search-wait] 8s before keyword=解谜小游戏 sort=综合
[cdp] spawn timeout=180s cmd=--reuse-existing-tab search-feeds --keyword 解谜小游戏 --sort-by 综合 --publish-time 半年内
[cdp] done exit=1 elapsed=21.1s stdout=898 stderr=1189
[warn] search failed keyword=解谜小游戏 scrolls=0
[cdp] phase=search exit=1 keyword=解谜小游戏
[cdp] cmd=--reuse-existing-tab search-feeds --keyword 解谜小游戏 --sort-by 综合 --publish-time 半年内
[cdp]   [cdp_publish] Timing jitter ratio: 0.25
[cdp]   [cdp_publish] Login cache: enabled (ttl=12h).
[cdp]   [cdp_publish] Tab selection mode: prefer reusing existing tab.
[cdp]   [cdp_publish] Reusing existing tab to reduce focus switching: https://www.xiaohongshu.com/search_result?keyword=%E5%8D%95%E6%9C%BA%E5%B0%8F%E6%B8%B8%E6%88%8F&source=web_explore_feed&type=51
[cdp]   [cdp_publish] Connecting to ws://127.0.0.1:9222/devtools/page/E0641814139216112256C2BBDD63DEBE
[cdp]   [cdp_publish] Connected to Chrome tab.
[cdp]   [cdp_publish] Using cached login status (home, age=123m, ttl=12h).
[cdp]   [cdp_publish] Home login confirmed (cached).
[cdp]   [cdp_publish] Direct navigate (single jump): https://www.xiaohongshu.com/search_result?keyword=%E8%A7%A3%E8%B0%9C%E5%B0%8F%E6%B8%B8%E6%88%8F&source=web_explore_feed
[cdp]   [cdp_publish] Navigating to https://www.xiaohongshu.com/search_result?keyword=%E8%A7%A3%E8%B0%9C%E5%B0%8F%E6%B8%B8%E6%88%8F&source=web_explore_feed
[cdp]   Traceback (most recent call last):
[cdp]   raise FeedExplorerError(
[cdp]   feed_explorer.FeedExplorerError: Failed to apply search filter '综合': filter_panel_not_found (hover_attempt=option_not_found)
[cdp]   Traceback (most recent call last):
[cdp]   raise CDPError(str(e)) from e
[cdp]   __main__.CDPError: Failed to apply search filter '综合': filter_panel_not_found (hover_attempt=option_not_found)
[search] keyword=解谜小游戏 sort=综合 raw=0 skipped=0 hit=0 rate_limited=False
[search-next] keyword=解谜小游戏 sort=最新 task=148/42 empty_streak=41 seen_feeds=432
[search-wait] 5s before keyword=解谜小游戏 sort=最新
[cdp] spawn timeout=180s cmd=--reuse-existing-tab search-feeds --keyword 解谜小游戏 --sort-by 最新 --publish-time 半年内
[cdp] done exit=1 elapsed=8.8s stdout=671 stderr=1189
[warn] search failed keyword=解谜小游戏 scrolls=0
[cdp] phase=search exit=1 keyword=解谜小游戏
[cdp] cmd=--reuse-existing-tab search-feeds --keyword 解谜小游戏 --sort-by 最新 --publish-time 半年内
[cdp]   [cdp_publish] Timing jitter ratio: 0.25
[cdp]   [cdp_publish] Login cache: enabled (ttl=12h).
[cdp]   [cdp_publish] Tab selection mode: prefer reusing existing tab.
[cdp]   [cdp_publish] Reusing existing tab to reduce focus switching: https://www.xiaohongshu.com/search_result?keyword=%E8%A7%A3%E8%B0%9C%E5%B0%8F%E6%B8%B8%E6%88%8F&source=web_explore_feed&type=51
[cdp]   [cdp_publish] Connecting to ws://127.0.0.1:9222/devtools/page/E0641814139216112256C2BBDD63DEBE
[cdp]   [cdp_publish] Connected to Chrome tab.
[cdp]   [cdp_publish] Using cached login status (home, age=124m, ttl=12h).
[cdp]   [cdp_publish] Home login confirmed (cached).
[cdp]   [cdp_publish] Already on search page for keyword=解谜小游戏, skip navigate (0 extra jumps)
[cdp]   Traceback (most recent call last):
[cdp]   raise FeedExplorerError(
[cdp]   feed_explorer.FeedExplorerError: Failed to apply search filter '最新': filter_panel_not_found (hover_attempt=option_not_found)
[cdp]   Traceback (most recent call last):
[cdp]   raise CDPError(str(e)) from e
[cdp]   __main__.CDPError: Failed to apply search filter '最新': filter_panel_not_found (hover_attempt=option_not_found)
[search] keyword=解谜小游戏 sort=最新 raw=0 skipped=0 hit=0 rate_limited=False
[info] all search tasks tried with no new candidates, stop (search_count=148 empty_streak=42)

=== SUMMARY ===
{
  "target": 83,
  "success": 76,
  "searchCount": 148,
  "failures": 1,
  "logFile": "D:\\Baoyu\\包宇的cocos\\LightPuzzle\\宣传素材\\小红书评论\\campaign_2026-07-21_221744.log",
  "elapsedSeconds": 6541.5,
  "elapsedMinutes": 109.02,
  "dryRun": false,
  "rateLimits": {
    "minIntervalSeconds": 20,
    "maxIntervalSeconds": 30,
    "maxPerHour": 0,
    "maxPerDay": 110,
    "circuitBreakerHours": 24,
    "searchIntervalSecondsMin": 5,
    "searchIntervalSecondsMax": 15,
    "detailFetchIntervalSecondsMin": 2,
    "detailFetchIntervalSecondsMax": 4,
    "limitUnit": "posts"
  },
  "circuitBreakerUntil": null,
  "finishedAt": "2026-07-22T00:06:45+08:00"
}
failures:
6a59e38300000000010005a5: skills\redbookskills\scripts\cdp_publish.py", line 4373, in _click_element_by_cdp
    raise CDPError(
__main__.CDPError: Could not find comment submit button. Please click it manually in the browser.

